[2026-08-17 09:51:23] laravel.EMERGENCY: Unable to create configured logger. Using emergency logger. {"exception":"[object] (InvalidArgumentException(code: 0): Log [] is not defined. at D:/starcurrecy/vendor/laravel/framework/src/Illuminate/Log/LogManager.php:232)
[stacktrace]
#0 D:/starcurrecy/vendor/laravel/framework/src/Illuminate/Log/LogManager.php(139): Illuminate/Log/LogManager->resolve('', NULL)
#1 D:/starcurrecy/vendor/laravel/framework/src/Illuminate/Log/LogManager.php(126): Illuminate/Log/LogManager->get('')
#2 D:/starcurrecy/vendor/laravel/framework/src/Illuminate/Log/LogManager.php(701): Illuminate/Log/LogManager->driver()
#3 D:/starcurrecy/vendor/laravel/framework/src/Illuminate/Foundation/Exceptions/Handler.php(380): Illuminate/Log/LogManager->error('Call to undefin...', Array)
#4 D:/starcurrecy/vendor/laravel/framework/src/Illuminate/Foundation/Exceptions/Handler.php(343): Illuminate/Foundation/Exceptions/Handler->reportThrowable(Object(Error))
#5 D:/starcurrecy/vendor/laravel/framework/src/Illuminate/Foundation/Console/Kernel.php(621): Illuminate/Foundation/Exceptions/Handler->report(Object(Error))
#6 D:/starcurrecy/vendor/laravel/framework/src/Illuminate/Foundation/Console/Kernel.php(200): Illuminate/Foundation/Console/Kernel->reportException(Object(Error))
#7 D:/starcurrecy/vendor/laravel/framework/src/Illuminate/Foundation/Application.php(1235): Illuminate/Foundation/Console/Kernel->handle(Object(Symfony/Component/Console/Input/ArgvInput), Object(Symfony/Component/Console/Output/ConsoleOutput))
#8 D:/starcurrecy/artisan(13): Illuminate/Foundation/Application->handleCommand(Object(Symfony/Component/Console/Input/ArgvInput))
#9 {main}
"} 
[2026-08-17 09:51:23] laravel.ERROR: Call to undefined function envStr() {"exception":"[object] (Error(code: 0): Call to undefined function envStr() at D:/starcurrecy/config/database.php:63)
[stacktrace]
#0 D:/starcurrecy/vendor/laravel/framework/src/Illuminate/Foundation/Bootstrap/LoadConfiguration.php(97): require()
#1 D:/starcurrecy/vendor/laravel/framework/src/Illuminate/Foundation/Bootstrap/LoadConfiguration.php(97): Illuminate/Foundation/Bootstrap/LoadConfiguration->Illuminate/Foundation/Bootstrap/{closure}()
#2 D:/starcurrecy/vendor/laravel/framework/src/Illuminate/Foundation/Bootstrap/LoadConfiguration.php(78): Illuminate/Foundation/Bootstrap/LoadConfiguration->loadConfigurationFile(Object(Illuminate/Config/Repository), 'database', 'D://starcurrecy//...', Array)
#3 D:/starcurrecy/vendor/laravel/framework/src/Illuminate/Foundation/Bootstrap/LoadConfiguration.php(39): Illuminate/Foundation/Bootstrap/LoadConfiguration->loadConfigurationFiles(Object(Illuminate/Foundation/Application), Object(Illuminate/Config/Repository))
#4 D:/starcurrecy/vendor/laravel/framework/src/Illuminate/Foundation/Application.php(342): Illuminate/Foundation/Bootstrap/LoadConfiguration->bootstrap(Object(Illuminate/Foundation/Application))
#5 D:/starcurrecy/vendor/laravel/framework/src/Illuminate/Foundation/Console/Kernel.php(474): Illuminate/Foundation/Application->bootstrapWith(Array)
#6 D:/starcurrecy/vendor/laravel/framework/src/Illuminate/Foundation/Console/Kernel.php(196): Illuminate/Foundation/Console/Kernel->bootstrap()
#7 D:/starcurrecy/vendor/laravel/framework/src/Illuminate/Foundation/Application.php(1235): Illuminate/Foundation/Console/Kernel->handle(Object(Symfony/Component/Console/Input/ArgvInput), Object(Symfony/Component/Console/Output/ConsoleOutput))
#8 D:/starcurrecy/artisan(13): Illuminate/Foundation/Application->handleCommand(Object(Symfony/Component/Console/Input/ArgvInput))
#9 {main}
"} 
[2026-08-17 09:51:30] laravel.EMERGENCY: Unable to create configured logger. Using emergency logger. {"exception":"[object] (InvalidArgumentException(code: 0): Log [] is not defined. at D:/starcurrecy/vendor/laravel/framework/src/Illuminate/Log/LogManager.php:232)
[stacktrace]
#0 D:/starcurrecy/vendor/laravel/framework/src/Illuminate/Log/LogManager.php(139): Illuminate/Log/LogManager->resolve('', NULL)
#1 D:/starcurrecy/vendor/laravel/framework/src/Illuminate/Log/LogManager.php(126): Illuminate/Log/LogManager->get('')
#2 D:/starcurrecy/vendor/laravel/framework/src/Illuminate/Log/LogManager.php(701): Illuminate/Log/LogManager->driver()
#3 D:/starcurrecy/vendor/laravel/framework/src/Illuminate/Foundation/Exceptions/Handler.php(380): Illuminate/Log/LogManager->error('Call to undefin...', Array)
#4 D:/starcurrecy/vendor/laravel/framework/src/Illuminate/Foundation/Exceptions/Handler.php(343): Illuminate/Foundation/Exceptions/Handler->reportThrowable(Object(Error))
#5 D:/starcurrecy/vendor/laravel/framework/src/Illuminate/Foundation/Console/Kernel.php(621): Illuminate/Foundation/Exceptions/Handler->report(Object(Error))
#6 D:/starcurrecy/vendor/laravel/framework/src/Illuminate/Foundation/Console/Kernel.php(200): Illuminate/Foundation/Console/Kernel->reportException(Object(Error))
#7 D:/starcurrecy/vendor/laravel/framework/src/Illuminate/Foundation/Application.php(1235): Illuminate/Foundation/Console/Kernel->handle(Object(Symfony/Component/Console/Input/ArgvInput), Object(Symfony/Component/Console/Output/ConsoleOutput))
#8 D:/starcurrecy/artisan(13): Illuminate/Foundation/Application->handleCommand(Object(Symfony/Component/Console/Input/ArgvInput))
#9 {main}
"} 
[2026-08-17 09:51:30] laravel.ERROR: Call to undefined function envStr() {"exception":"[object] (Error(code: 0): Call to undefined function envStr() at D:/starcurrecy/config/database.php:63)
[stacktrace]
#0 D:/starcurrecy/vendor/laravel/framework/src/Illuminate/Foundation/Bootstrap/LoadConfiguration.php(97): require()
#1 D:/starcurrecy/vendor/laravel/framework/src/Illuminate/Foundation/Bootstrap/LoadConfiguration.php(97): Illuminate/Foundation/Bootstrap/LoadConfiguration->Illuminate/Foundation/Bootstrap/{closure}()
#2 D:/starcurrecy/vendor/laravel/framework/src/Illuminate/Foundation/Bootstrap/LoadConfiguration.php(78): Illuminate/Foundation/Bootstrap/LoadConfiguration->loadConfigurationFile(Object(Illuminate/Config/Repository), 'database', 'D://starcurrecy//...', Array)
#3 D:/starcurrecy/vendor/laravel/framework/src/Illuminate/Foundation/Bootstrap/LoadConfiguration.php(39): Illuminate/Foundation/Bootstrap/LoadConfiguration->loadConfigurationFiles(Object(Illuminate/Foundation/Application), Object(Illuminate/Config/Repository))
#4 D:/starcurrecy/vendor/laravel/framework/src/Illuminate/Foundation/Application.php(342): Illuminate/Foundation/Bootstrap/LoadConfiguration->bootstrap(Object(Illuminate/Foundation/Application))
#5 D:/starcurrecy/vendor/laravel/framework/src/Illuminate/Foundation/Console/Kernel.php(474): Illuminate/Foundation/Application->bootstrapWith(Array)
#6 D:/starcurrecy/vendor/laravel/framework/src/Illuminate/Foundation/Console/Kernel.php(196): Illuminate/Foundation/Console/Kernel->bootstrap()
#7 D:/starcurrecy/vendor/laravel/framework/src/Illuminate/Foundation/Application.php(1235): Illuminate/Foundation/Console/Kernel->handle(Object(Symfony/Component/Console/Input/ArgvInput), Object(Symfony/Component/Console/Output/ConsoleOutput))
#8 D:/starcurrecy/artisan(13): Illuminate/Foundation/Application->handleCommand(Object(Symfony/Component/Console/Input/ArgvInput))
#9 {main}
"} 
[2026-08-17 09:52:03] production.ERROR: No application encryption key has been specified. {"exception":"[object] (Illuminate\\Encryption\\MissingAppKeyException(code: 0): No application encryption key has been specified. at D:/starcurrecy/vendor/laravel/framework/src/Illuminate/Encryption/EncryptionServiceProvider.php:83)
[stacktrace]
#0 D:/starcurrecy/vendor/laravel/framework/src/Illuminate/Support/helpers.php(399): Illuminate/Encryption/EncryptionServiceProvider->Illuminate/Encryption/{closure}(NULL)
#1 D:/starcurrecy/vendor/laravel/framework/src/Illuminate/Encryption/EncryptionServiceProvider.php(81): tap(NULL, Object(Closure))
#2 D:/starcurrecy/vendor/laravel/framework/src/Illuminate/Encryption/EncryptionServiceProvider.php(64): Illuminate/Encryption/EncryptionServiceProvider->key(Array)
#3 D:/starcurrecy/vendor/laravel/framework/src/Illuminate/Encryption/EncryptionServiceProvider.php(32): Illuminate/Encryption/EncryptionServiceProvider->parseKey(Array)
#4 D:/starcurrecy/vendor/laravel/framework/src/Illuminate/Container/Container.php(952): Illuminate/Encryption/EncryptionServiceProvider->Illuminate/Encryption/{closure}(Object(Illuminate/Foundation/Application), Array)
#5 D:/starcurrecy/vendor/laravel/framework/src/Illuminate/Container/Container.php(832): Illuminate/Container/Container->build(Object(Closure))
#6 D:/starcurrecy/vendor/laravel/framework/src/Illuminate/Foundation/Application.php(1078): Illuminate/Container/Container->resolve('encrypter', Array, true)
#7 D:/starcurrecy/vendor/laravel/framework/src/Illuminate/Container/Container.php(763): Illuminate/Foundation/Application->resolve('encrypter', Array)
#8 D:/starcurrecy/vendor/laravel/framework/src/Illuminate/Foundation/Application.php(1058): Illuminate/Container/Container->make('encrypter', Array)
#9 D:/starcurrecy/vendor/laravel/framework/src/Illuminate/Container/Container.php(1133): Illuminate/Foundation/Application->make('encrypter')
#10 D:/starcurrecy/vendor/laravel/framework/src/Illuminate/Container/Container.php(1043): Illuminate/Container/Container->resolveClass(Object(ReflectionParameter))
#11 D:/starcurrecy/vendor/laravel/framework/src/Illuminate/Container/Container.php(994): Illuminate/Container/Container->resolveDependencies(Array)
#12 D:/starcurrecy/vendor/laravel/framework/src/Illuminate/Container/Container.php(832): Illuminate/Container/Container->build('Illuminate//Cook...')
#13 D:/starcurrecy/vendor/laravel/framework/src/Illuminate/Foundation/Application.php(1078): Illuminate/Container/Container->resolve('Illuminate//Cook...', Array, true)
#14 D:/starcurrecy/vendor/laravel/framework/src/Illuminate/Container/Container.php(763): Illuminate/Foundation/Application->resolve('Illuminate//Cook...', Array)
#15 D:/starcurrecy/vendor/laravel/framework/src/Illuminate/Foundation/Application.php(1058): Illuminate/Container/Container->make('Illuminate//Cook...', Array)
#16 D:/starcurrecy/vendor/laravel/framework/src/Illuminate/Pipeline/Pipeline.php(198): Illuminate/Foundation/Application->make('Illuminate//Cook...')
#17 D:/starcurrecy/vendor/laravel/framework/src/Illuminate/Pipeline/Pipeline.php(127): Illuminate/Pipeline/Pipeline->Illuminate/Pipeline/{closure}(Object(Illuminate/Http/Request))
#18 D:/starcurrecy/vendor/laravel/framework/src/Illuminate/Routing/Router.php(807): Illuminate/Pipeline/Pipeline->then(Object(Closure))
#19 D:/starcurrecy/vendor/laravel/framework/src/Illuminate/Routing/Router.php(786): Illuminate/Routing/Router->runRouteWithinStack(Object(Illuminate/Routing/Route), Object(Illuminate/Http/Request))
#20 D:/starcurrecy/vendor/laravel/framework/src/Illuminate/Routing/Router.php(750): Illuminate/Routing/Router->runRoute(Object(Illuminate/Http/Request), Object(Illuminate/Routing/Route))
#21 D:/starcurrecy/vendor/laravel/framework/src/Illuminate/Routing/Router.php(739): Illuminate/Routing/Router->dispatchToRoute(Object(Illuminate/Http/Request))
#22 D:/starcurrecy/vendor/laravel/framework/src/Illuminate/Foundation/Http/Kernel.php(201): Illuminate/Routing/Router->dispatch(Object(Illuminate/Http/Request))
#23 D:/starcurrecy/vendor/laravel/framework/src/Illuminate/Pipeline/Pipeline.php(170): Illuminate/Foundation/Http/Kernel->Illuminate/Foundation/Http/{closure}(Object(Illuminate/Http/Request))
#24 D:/starcurrecy/vendor/laravel/framework/src/Illuminate/Foundation/Http/Middleware/TransformsRequest.php(21): Illuminate/Pipeline/Pipeline->Illuminate/Pipeline/{closure}(Object(Illuminate/Http/Request))
#25 D:/starcurrecy/vendor/laravel/framework/src/Illuminate/Foundation/Http/Middleware/ConvertEmptyStringsToNull.php(31): Illuminate/Foundation/Http/Middleware/TransformsRequest->handle(Object(Illuminate/Http/Request), Object(Closure))
#26 D:/starcurrecy/vendor/laravel/framework/src/Illuminate/Pipeline/Pipeline.php(209): Illuminate/Foundation/Http/Middleware/ConvertEmptyStringsToNull->handle(Object(Illuminate/Http/Request), Object(Closure))
#27 D:/starcurrecy/vendor/laravel/framework/src/Illuminate/Foundation/Http/Middleware/TransformsRequest.php(21): Illuminate/Pipeline/Pipeline->Illuminate/Pipeline/{closure}(Object(Illuminate/Http/Request))
#28 D:/starcurrecy/vendor/laravel/framework/src/Illuminate/Foundation/Http/Middleware/TrimStrings.php(51): Illuminate/Foundation/Http/Middleware/TransformsRequest->handle(Object(Illuminate/Http/Request), Object(Closure))
#29 D:/starcurrecy/vendor/laravel/framework/src/Illuminate/Pipeline/Pipeline.php(209): Illuminate/Foundation/Http/Middleware/TrimStrings->handle(Object(Illuminate/Http/Request), Object(Closure))
#30 D:/starcurrecy/vendor/laravel/framework/src/Illuminate/Http/Middleware/ValidatePostSize.php(27): Illuminate/Pipeline/Pipeline->Illuminate/Pipeline/{closure}(Object(Illuminate/Http/Request))
#31 D:/starcurrecy/vendor/laravel/framework/src/Illuminate/Pipeline/Pipeline.php(209): Illuminate/Http/Middleware/ValidatePostSize->handle(Object(Illuminate/Http/Request), Object(Closure))
#32 D:/starcurrecy/vendor/laravel/framework/src/Illuminate/Foundation/Http/Middleware/PreventRequestsDuringMaintenance.php(110): Illuminate/Pipeline/Pipeline->Illuminate/Pipeline/{closure}(Object(Illuminate/Http/Request))
#33 D:/starcurrecy/vendor/laravel/framework/src/Illuminate/Pipeline/Pipeline.php(209): Illuminate/Foundation/Http/Middleware/PreventRequestsDuringMaintenance->handle(Object(Illuminate/Http/Request), Object(Closure))
#34 D:/starcurrecy/vendor/laravel/framework/src/Illuminate/Http/Middleware/HandleCors.php(49): Illuminate/Pipeline/Pipeline->Illuminate/Pipeline/{closure}(Object(Illuminate/Http/Request))
#35 D:/starcurrecy/vendor/laravel/framework/src/Illuminate/Pipeline/Pipeline.php(209): Illuminate/Http/Middleware/HandleCors->handle(Object(Illuminate/Http/Request), Object(Closure))
#36 D:/starcurrecy/vendor/laravel/framework/src/Illuminate/Http/Middleware/TrustProxies.php(58): Illuminate/Pipeline/Pipeline->Illuminate/Pipeline/{closure}(Object(Illuminate/Http/Request))
#37 D:/starcurrecy/vendor/laravel/framework/src/Illuminate/Pipeline/Pipeline.php(209): Illuminate/Http/Middleware/TrustProxies->handle(Object(Illuminate/Http/Request), Object(Closure))
#38 D:/starcurrecy/vendor/laravel/framework/src/Illuminate/Foundation/Http/Middleware/InvokeDeferredCallbacks.php(22): Illuminate/Pipeline/Pipeline->Illuminate/Pipeline/{closure}(Object(Illuminate/Http/Request))
#39 D:/starcurrecy/vendor/laravel/framework/src/Illuminate/Pipeline/Pipeline.php(209): Illuminate/Foundation/Http/Middleware/InvokeDeferredCallbacks->handle(Object(Illuminate/Http/Request), Object(Closure))
#40 D:/starcurrecy/vendor/laravel/framework/src/Illuminate/Pipeline/Pipeline.php(127): Illuminate/Pipeline/Pipeline->Illuminate/Pipeline/{closure}(Object(Illuminate/Http/Request))
#41 D:/starcurrecy/vendor/laravel/framework/src/Illuminate/Foundation/Http/Kernel.php(176): Illuminate/Pipeline/Pipeline->then(Object(Closure))
#42 D:/starcurrecy/vendor/laravel/framework/src/Illuminate/Foundation/Http/Kernel.php(145): Illuminate/Foundation/Http/Kernel->sendRequestThroughRouter(Object(Illuminate/Http/Request))
#43 D:/starcurrecy/vendor/laravel/framework/src/Illuminate/Foundation/Application.php(1220): Illuminate/Foundation/Http/Kernel->handle(Object(Illuminate/Http/Request))
#44 D:/starcurrecy/public/index.php(20): Illuminate/Foundation/Application->handleRequest(Object(Illuminate/Http/Request))
#45 D:/starcurrecy/vendor/laravel/framework/src/Illuminate/Foundation/resources/server.php(23): require_once('D://starcurrecy//...')
#46 {main}
"} 
[2026-08-17 09:52:03] production.ERROR: No application encryption key has been specified. {"exception":"[object] (Illuminate\\Encryption\\MissingAppKeyException(code: 0): No application encryption key has been specified. at D:/starcurrecy/vendor/laravel/framework/src/Illuminate/Encryption/EncryptionServiceProvider.php:83)
[stacktrace]
#0 D:/starcurrecy/vendor/laravel/framework/src/Illuminate/Support/helpers.php(399): Illuminate/Encryption/EncryptionServiceProvider->Illuminate/Encryption/{closure}(NULL)
#1 D:/starcurrecy/vendor/laravel/framework/src/Illuminate/Encryption/EncryptionServiceProvider.php(81): tap(NULL, Object(Closure))
#2 D:/starcurrecy/vendor/laravel/framework/src/Illuminate/Encryption/EncryptionServiceProvider.php(64): Illuminate/Encryption/EncryptionServiceProvider->key(Array)
#3 D:/starcurrecy/vendor/laravel/framework/src/Illuminate/Encryption/EncryptionServiceProvider.php(32): Illuminate/Encryption/EncryptionServiceProvider->parseKey(Array)
#4 D:/starcurrecy/vendor/laravel/framework/src/Illuminate/Container/Container.php(952): Illuminate/Encryption/EncryptionServiceProvider->Illuminate/Encryption/{closure}(Object(Illuminate/Foundation/Application), Array)
#5 D:/starcurrecy/vendor/laravel/framework/src/Illuminate/Container/Container.php(832): Illuminate/Container/Container->build(Object(Closure))
#6 D:/starcurrecy/vendor/laravel/framework/src/Illuminate/Foundation/Application.php(1078): Illuminate/Container/Container->resolve('encrypter', Array, true)
#7 D:/starcurrecy/vendor/laravel/framework/src/Illuminate/Container/Container.php(763): Illuminate/Foundation/Application->resolve('encrypter', Array)
#8 D:/starcurrecy/vendor/laravel/framework/src/Illuminate/Foundation/Application.php(1058): Illuminate/Container/Container->make('encrypter', Array)
#9 D:/starcurrecy/vendor/laravel/framework/src/Illuminate/Container/Container.php(1133): Illuminate/Foundation/Application->make('encrypter')
#10 D:/starcurrecy/vendor/laravel/framework/src/Illuminate/Container/Container.php(1043): Illuminate/Container/Container->resolveClass(Object(ReflectionParameter))
#11 D:/starcurrecy/vendor/laravel/framework/src/Illuminate/Container/Container.php(994): Illuminate/Container/Container->resolveDependencies(Array)
#12 D:/starcurrecy/vendor/laravel/framework/src/Illuminate/Container/Container.php(832): Illuminate/Container/Container->build('Illuminate//Cook...')
#13 D:/starcurrecy/vendor/laravel/framework/src/Illuminate/Foundation/Application.php(1078): Illuminate/Container/Container->resolve('Illuminate//Cook...', Array, true)
#14 D:/starcurrecy/vendor/laravel/framework/src/Illuminate/Container/Container.php(763): Illuminate/Foundation/Application->resolve('Illuminate//Cook...', Array)
#15 D:/starcurrecy/vendor/laravel/framework/src/Illuminate/Foundation/Application.php(1058): Illuminate/Container/Container->make('Illuminate//Cook...', Array)
#16 D:/starcurrecy/vendor/laravel/framework/src/Illuminate/Foundation/Http/Kernel.php(258): Illuminate/Foundation/Application->make('Illuminate//Cook...')
#17 D:/starcurrecy/vendor/laravel/framework/src/Illuminate/Foundation/Http/Kernel.php(216): Illuminate/Foundation/Http/Kernel->terminateMiddleware(Object(Illuminate/Http/Request), Object(Illuminate/Http/Response))
#18 D:/starcurrecy/vendor/laravel/framework/src/Illuminate/Foundation/Application.php(1222): Illuminate/Foundation/Http/Kernel->terminate(Object(Illuminate/Http/Request), Object(Illuminate/Http/Response))
#19 D:/starcurrecy/public/index.php(20): Illuminate/Foundation/Application->handleRequest(Object(Illuminate/Http/Request))
#20 D:/starcurrecy/vendor/laravel/framework/src/Illuminate/Foundation/resources/server.php(23): require_once('D://starcurrecy//...')
#21 {main}
"} 
[2026-08-17 09:52:06] production.ERROR: No application encryption key has been specified. {"exception":"[object] (Illuminate\\Encryption\\MissingAppKeyException(code: 0): No application encryption key has been specified. at D:/starcurrecy/vendor/laravel/framework/src/Illuminate/Encryption/EncryptionServiceProvider.php:83)
[stacktrace]
#0 D:/starcurrecy/vendor/laravel/framework/src/Illuminate/Support/helpers.php(399): Illuminate/Encryption/EncryptionServiceProvider->Illuminate/Encryption/{closure}(NULL)
#1 D:/starcurrecy/vendor/laravel/framework/src/Illuminate/Encryption/EncryptionServiceProvider.php(81): tap(NULL, Object(Closure))
#2 D:/starcurrecy/vendor/laravel/framework/src/Illuminate/Encryption/EncryptionServiceProvider.php(64): Illuminate/Encryption/EncryptionServiceProvider->key(Array)
#3 D:/starcurrecy/vendor/laravel/framework/src/Illuminate/Encryption/EncryptionServiceProvider.php(32): Illuminate/Encryption/EncryptionServiceProvider->parseKey(Array)
#4 D:/starcurrecy/vendor/laravel/framework/src/Illuminate/Container/Container.php(952): Illuminate/Encryption/EncryptionServiceProvider->Illuminate/Encryption/{closure}(Object(Illuminate/Foundation/Application), Array)
#5 D:/starcurrecy/vendor/laravel/framework/src/Illuminate/Container/Container.php(832): Illuminate/Container/Container->build(Object(Closure))
#6 D:/starcurrecy/vendor/laravel/framework/src/Illuminate/Foundation/Application.php(1078): Illuminate/Container/Container->resolve('encrypter', Array, true)
#7 D:/starcurrecy/vendor/laravel/framework/src/Illuminate/Container/Container.php(763): Illuminate/Foundation/Application->resolve('encrypter', Array)
#8 D:/starcurrecy/vendor/laravel/framework/src/Illuminate/Foundation/Application.php(1058): Illuminate/Container/Container->make('encrypter', Array)
#9 D:/starcurrecy/vendor/laravel/framework/src/Illuminate/Container/Container.php(1133): Illuminate/Foundation/Application->make('encrypter')
#10 D:/starcurrecy/vendor/laravel/framework/src/Illuminate/Container/Container.php(1043): Illuminate/Container/Container->resolveClass(Object(ReflectionParameter))
#11 D:/starcurrecy/vendor/laravel/framework/src/Illuminate/Container/Container.php(994): Illuminate/Container/Container->resolveDependencies(Array)
#12 D:/starcurrecy/vendor/laravel/framework/src/Illuminate/Container/Container.php(832): Illuminate/Container/Container->build('Illuminate//Cook...')
#13 D:/starcurrecy/vendor/laravel/framework/src/Illuminate/Foundation/Application.php(1078): Illuminate/Container/Container->resolve('Illuminate//Cook...', Array, true)
#14 D:/starcurrecy/vendor/laravel/framework/src/Illuminate/Container/Container.php(763): Illuminate/Foundation/Application->resolve('Illuminate//Cook...', Array)
#15 D:/starcurrecy/vendor/laravel/framework/src/Illuminate/Foundation/Application.php(1058): Illuminate/Container/Container->make('Illuminate//Cook...', Array)
#16 D:/starcurrecy/vendor/laravel/framework/src/Illuminate/Pipeline/Pipeline.php(198): Illuminate/Foundation/Application->make('Illuminate//Cook...')
#17 D:/starcurrecy/vendor/laravel/framework/src/Illuminate/Pipeline/Pipeline.php(127): Illuminate/Pipeline/Pipeline->Illuminate/Pipeline/{closure}(Object(Illuminate/Http/Request))
#18 D:/starcurrecy/vendor/laravel/framework/src/Illuminate/Routing/Router.php(807): Illuminate/Pipeline/Pipeline->then(Object(Closure))
#19 D:/starcurrecy/vendor/laravel/framework/src/Illuminate/Routing/Router.php(786): Illuminate/Routing/Router->runRouteWithinStack(Object(Illuminate/Routing/Route), Object(Illuminate/Http/Request))
#20 D:/starcurrecy/vendor/laravel/framework/src/Illuminate/Routing/Router.php(750): Illuminate/Routing/Router->runRoute(Object(Illuminate/Http/Request), Object(Illuminate/Routing/Route))
#21 D:/starcurrecy/vendor/laravel/framework/src/Illuminate/Routing/Router.php(739): Illuminate/Routing/Router->dispatchToRoute(Object(Illuminate/Http/Request))
#22 D:/starcurrecy/vendor/laravel/framework/src/Illuminate/Foundation/Http/Kernel.php(201): Illuminate/Routing/Router->dispatch(Object(Illuminate/Http/Request))
#23 D:/starcurrecy/vendor/laravel/framework/src/Illuminate/Pipeline/Pipeline.php(170): Illuminate/Foundation/Http/Kernel->Illuminate/Foundation/Http/{closure}(Object(Illuminate/Http/Request))
#24 D:/starcurrecy/vendor/laravel/framework/src/Illuminate/Foundation/Http/Middleware/TransformsRequest.php(21): Illuminate/Pipeline/Pipeline->Illuminate/Pipeline/{closure}(Object(Illuminate/Http/Request))
#25 D:/starcurrecy/vendor/laravel/framework/src/Illuminate/Foundation/Http/Middleware/ConvertEmptyStringsToNull.php(31): Illuminate/Foundation/Http/Middleware/TransformsRequest->handle(Object(Illuminate/Http/Request), Object(Closure))
#26 D:/starcurrecy/vendor/laravel/framework/src/Illuminate/Pipeline/Pipeline.php(209): Illuminate/Foundation/Http/Middleware/ConvertEmptyStringsToNull->handle(Object(Illuminate/Http/Request), Object(Closure))
#27 D:/starcurrecy/vendor/laravel/framework/src/Illuminate/Foundation/Http/Middleware/TransformsRequest.php(21): Illuminate/Pipeline/Pipeline->Illuminate/Pipeline/{closure}(Object(Illuminate/Http/Request))
#28 D:/starcurrecy/vendor/laravel/framework/src/Illuminate/Foundation/Http/Middleware/TrimStrings.php(51): Illuminate/Foundation/Http/Middleware/TransformsRequest->handle(Object(Illuminate/Http/Request), Object(Closure))
#29 D:/starcurrecy/vendor/laravel/framework/src/Illuminate/Pipeline/Pipeline.php(209): Illuminate/Foundation/Http/Middleware/TrimStrings->handle(Object(Illuminate/Http/Request), Object(Closure))
#30 D:/starcurrecy/vendor/laravel/framework/src/Illuminate/Http/Middleware/ValidatePostSize.php(27): Illuminate/Pipeline/Pipeline->Illuminate/Pipeline/{closure}(Object(Illuminate/Http/Request))
#31 D:/starcurrecy/vendor/laravel/framework/src/Illuminate/Pipeline/Pipeline.php(209): Illuminate/Http/Middleware/ValidatePostSize->handle(Object(Illuminate/Http/Request), Object(Closure))
#32 D:/starcurrecy/vendor/laravel/framework/src/Illuminate/Foundation/Http/Middleware/PreventRequestsDuringMaintenance.php(110): Illuminate/Pipeline/Pipeline->Illuminate/Pipeline/{closure}(Object(Illuminate/Http/Request))
#33 D:/starcurrecy/vendor/laravel/framework/src/Illuminate/Pipeline/Pipeline.php(209): Illuminate/Foundation/Http/Middleware/PreventRequestsDuringMaintenance->handle(Object(Illuminate/Http/Request), Object(Closure))
#34 D:/starcurrecy/vendor/laravel/framework/src/Illuminate/Http/Middleware/HandleCors.php(49): Illuminate/Pipeline/Pipeline->Illuminate/Pipeline/{closure}(Object(Illuminate/Http/Request))
#35 D:/starcurrecy/vendor/laravel/framework/src/Illuminate/Pipeline/Pipeline.php(209): Illuminate/Http/Middleware/HandleCors->handle(Object(Illuminate/Http/Request), Object(Closure))
#36 D:/starcurrecy/vendor/laravel/framework/src/Illuminate/Http/Middleware/TrustProxies.php(58): Illuminate/Pipeline/Pipeline->Illuminate/Pipeline/{closure}(Object(Illuminate/Http/Request))
#37 D:/starcurrecy/vendor/laravel/framework/src/Illuminate/Pipeline/Pipeline.php(209): Illuminate/Http/Middleware/TrustProxies->handle(Object(Illuminate/Http/Request), Object(Closure))
#38 D:/starcurrecy/vendor/laravel/framework/src/Illuminate/Foundation/Http/Middleware/InvokeDeferredCallbacks.php(22): Illuminate/Pipeline/Pipeline->Illuminate/Pipeline/{closure}(Object(Illuminate/Http/Request))
#39 D:/starcurrecy/vendor/laravel/framework/src/Illuminate/Pipeline/Pipeline.php(209): Illuminate/Foundation/Http/Middleware/InvokeDeferredCallbacks->handle(Object(Illuminate/Http/Request), Object(Closure))
#40 D:/starcurrecy/vendor/laravel/framework/src/Illuminate/Pipeline/Pipeline.php(127): Illuminate/Pipeline/Pipeline->Illuminate/Pipeline/{closure}(Object(Illuminate/Http/Request))
#41 D:/starcurrecy/vendor/laravel/framework/src/Illuminate/Foundation/Http/Kernel.php(176): Illuminate/Pipeline/Pipeline->then(Object(Closure))
#42 D:/starcurrecy/vendor/laravel/framework/src/Illuminate/Foundation/Http/Kernel.php(145): Illuminate/Foundation/Http/Kernel->sendRequestThroughRouter(Object(Illuminate/Http/Request))
#43 D:/starcurrecy/vendor/laravel/framework/src/Illuminate/Foundation/Application.php(1220): Illuminate/Foundation/Http/Kernel->handle(Object(Illuminate/Http/Request))
#44 D:/starcurrecy/public/index.php(20): Illuminate/Foundation/Application->handleRequest(Object(Illuminate/Http/Request))
#45 D:/starcurrecy/vendor/laravel/framework/src/Illuminate/Foundation/resources/server.php(23): require_once('D://starcurrecy//...')
#46 {main}
"} 
[2026-08-17 09:52:06] production.ERROR: No application encryption key has been specified. {"exception":"[object] (Illuminate\\Encryption\\MissingAppKeyException(code: 0): No application encryption key has been specified. at D:/starcurrecy/vendor/laravel/framework/src/Illuminate/Encryption/EncryptionServiceProvider.php:83)
[stacktrace]
#0 D:/starcurrecy/vendor/laravel/framework/src/Illuminate/Support/helpers.php(399): Illuminate/Encryption/EncryptionServiceProvider->Illuminate/Encryption/{closure}(NULL)
#1 D:/starcurrecy/vendor/laravel/framework/src/Illuminate/Encryption/EncryptionServiceProvider.php(81): tap(NULL, Object(Closure))
#2 D:/starcurrecy/vendor/laravel/framework/src/Illuminate/Encryption/EncryptionServiceProvider.php(64): Illuminate/Encryption/EncryptionServiceProvider->key(Array)
#3 D:/starcurrecy/vendor/laravel/framework/src/Illuminate/Encryption/EncryptionServiceProvider.php(32): Illuminate/Encryption/EncryptionServiceProvider->parseKey(Array)
#4 D:/starcurrecy/vendor/laravel/framework/src/Illuminate/Container/Container.php(952): Illuminate/Encryption/EncryptionServiceProvider->Illuminate/Encryption/{closure}(Object(Illuminate/Foundation/Application), Array)
#5 D:/starcurrecy/vendor/laravel/framework/src/Illuminate/Container/Container.php(832): Illuminate/Container/Container->build(Object(Closure))
#6 D:/starcurrecy/vendor/laravel/framework/src/Illuminate/Foundation/Application.php(1078): Illuminate/Container/Container->resolve('encrypter', Array, true)
#7 D:/starcurrecy/vendor/laravel/framework/src/Illuminate/Container/Container.php(763): Illuminate/Foundation/Application->resolve('encrypter', Array)
#8 D:/starcurrecy/vendor/laravel/framework/src/Illuminate/Foundation/Application.php(1058): Illuminate/Container/Container->make('encrypter', Array)
#9 D:/starcurrecy/vendor/laravel/framework/src/Illuminate/Container/Container.php(1133): Illuminate/Foundation/Application->make('encrypter')
#10 D:/starcurrecy/vendor/laravel/framework/src/Illuminate/Container/Container.php(1043): Illuminate/Container/Container->resolveClass(Object(ReflectionParameter))
#11 D:/starcurrecy/vendor/laravel/framework/src/Illuminate/Container/Container.php(994): Illuminate/Container/Container->resolveDependencies(Array)
#12 D:/starcurrecy/vendor/laravel/framework/src/Illuminate/Container/Container.php(832): Illuminate/Container/Container->build('Illuminate//Cook...')
#13 D:/starcurrecy/vendor/laravel/framework/src/Illuminate/Foundation/Application.php(1078): Illuminate/Container/Container->resolve('Illuminate//Cook...', Array, true)
#14 D:/starcurrecy/vendor/laravel/framework/src/Illuminate/Container/Container.php(763): Illuminate/Foundation/Application->resolve('Illuminate//Cook...', Array)
#15 D:/starcurrecy/vendor/laravel/framework/src/Illuminate/Foundation/Application.php(1058): Illuminate/Container/Container->make('Illuminate//Cook...', Array)
#16 D:/starcurrecy/vendor/laravel/framework/src/Illuminate/Foundation/Http/Kernel.php(258): Illuminate/Foundation/Application->make('Illuminate//Cook...')
#17 D:/starcurrecy/vendor/laravel/framework/src/Illuminate/Foundation/Http/Kernel.php(216): Illuminate/Foundation/Http/Kernel->terminateMiddleware(Object(Illuminate/Http/Request), Object(Illuminate/Http/Response))
#18 D:/starcurrecy/vendor/laravel/framework/src/Illuminate/Foundation/Application.php(1222): Illuminate/Foundation/Http/Kernel->terminate(Object(Illuminate/Http/Request), Object(Illuminate/Http/Response))
#19 D:/starcurrecy/public/index.php(20): Illuminate/Foundation/Application->handleRequest(Object(Illuminate/Http/Request))
#20 D:/starcurrecy/vendor/laravel/framework/src/Illuminate/Foundation/resources/server.php(23): require_once('D://starcurrecy//...')
#21 {main}
"} 
[2026-08-17 09:52:14] production.ERROR: No application encryption key has been specified. {"exception":"[object] (Illuminate\\Encryption\\MissingAppKeyException(code: 0): No application encryption key has been specified. at D:/starcurrecy/vendor/laravel/framework/src/Illuminate/Encryption/EncryptionServiceProvider.php:83)
[stacktrace]
#0 D:/starcurrecy/vendor/laravel/framework/src/Illuminate/Support/helpers.php(399): Illuminate/Encryption/EncryptionServiceProvider->Illuminate/Encryption/{closure}(NULL)
#1 D:/starcurrecy/vendor/laravel/framework/src/Illuminate/Encryption/EncryptionServiceProvider.php(81): tap(NULL, Object(Closure))
#2 D:/starcurrecy/vendor/laravel/framework/src/Illuminate/Encryption/EncryptionServiceProvider.php(64): Illuminate/Encryption/EncryptionServiceProvider->key(Array)
#3 D:/starcurrecy/vendor/laravel/framework/src/Illuminate/Encryption/EncryptionServiceProvider.php(32): Illuminate/Encryption/EncryptionServiceProvider->parseKey(Array)
#4 D:/starcurrecy/vendor/laravel/framework/src/Illuminate/Container/Container.php(952): Illuminate/Encryption/EncryptionServiceProvider->Illuminate/Encryption/{closure}(Object(Illuminate/Foundation/Application), Array)
#5 D:/starcurrecy/vendor/laravel/framework/src/Illuminate/Container/Container.php(832): Illuminate/Container/Container->build(Object(Closure))
#6 D:/starcurrecy/vendor/laravel/framework/src/Illuminate/Foundation/Application.php(1078): Illuminate/Container/Container->resolve('encrypter', Array, true)
#7 D:/starcurrecy/vendor/laravel/framework/src/Illuminate/Container/Container.php(763): Illuminate/Foundation/Application->resolve('encrypter', Array)
#8 D:/starcurrecy/vendor/laravel/framework/src/Illuminate/Foundation/Application.php(1058): Illuminate/Container/Container->make('encrypter', Array)
#9 D:/starcurrecy/vendor/laravel/framework/src/Illuminate/Container/Container.php(1133): Illuminate/Foundation/Application->make('encrypter')
#10 D:/starcurrecy/vendor/laravel/framework/src/Illuminate/Container/Container.php(1043): Illuminate/Container/Container->resolveClass(Object(ReflectionParameter))
#11 D:/starcurrecy/vendor/laravel/framework/src/Illuminate/Container/Container.php(994): Illuminate/Container/Container->resolveDependencies(Array)
#12 D:/starcurrecy/vendor/laravel/framework/src/Illuminate/Container/Container.php(832): Illuminate/Container/Container->build('Illuminate//Cook...')
#13 D:/starcurrecy/vendor/laravel/framework/src/Illuminate/Foundation/Application.php(1078): Illuminate/Container/Container->resolve('Illuminate//Cook...', Array, true)
#14 D:/starcurrecy/vendor/laravel/framework/src/Illuminate/Container/Container.php(763): Illuminate/Foundation/Application->resolve('Illuminate//Cook...', Array)
#15 D:/starcurrecy/vendor/laravel/framework/src/Illuminate/Foundation/Application.php(1058): Illuminate/Container/Container->make('Illuminate//Cook...', Array)
#16 D:/starcurrecy/vendor/laravel/framework/src/Illuminate/Pipeline/Pipeline.php(198): Illuminate/Foundation/Application->make('Illuminate//Cook...')
#17 D:/starcurrecy/vendor/laravel/framework/src/Illuminate/Pipeline/Pipeline.php(127): Illuminate/Pipeline/Pipeline->Illuminate/Pipeline/{closure}(Object(Illuminate/Http/Request))
#18 D:/starcurrecy/vendor/laravel/framework/src/Illuminate/Routing/Router.php(807): Illuminate/Pipeline/Pipeline->then(Object(Closure))
#19 D:/starcurrecy/vendor/laravel/framework/src/Illuminate/Routing/Router.php(786): Illuminate/Routing/Router->runRouteWithinStack(Object(Illuminate/Routing/Route), Object(Illuminate/Http/Request))
#20 D:/starcurrecy/vendor/laravel/framework/src/Illuminate/Routing/Router.php(750): Illuminate/Routing/Router->runRoute(Object(Illuminate/Http/Request), Object(Illuminate/Routing/Route))
#21 D:/starcurrecy/vendor/laravel/framework/src/Illuminate/Routing/Router.php(739): Illuminate/Routing/Router->dispatchToRoute(Object(Illuminate/Http/Request))
#22 D:/starcurrecy/vendor/laravel/framework/src/Illuminate/Foundation/Http/Kernel.php(201): Illuminate/Routing/Router->dispatch(Object(Illuminate/Http/Request))
#23 D:/starcurrecy/vendor/laravel/framework/src/Illuminate/Pipeline/Pipeline.php(170): Illuminate/Foundation/Http/Kernel->Illuminate/Foundation/Http/{closure}(Object(Illuminate/Http/Request))
#24 D:/starcurrecy/vendor/laravel/framework/src/Illuminate/Foundation/Http/Middleware/TransformsRequest.php(21): Illuminate/Pipeline/Pipeline->Illuminate/Pipeline/{closure}(Object(Illuminate/Http/Request))
#25 D:/starcurrecy/vendor/laravel/framework/src/Illuminate/Foundation/Http/Middleware/ConvertEmptyStringsToNull.php(31): Illuminate/Foundation/Http/Middleware/TransformsRequest->handle(Object(Illuminate/Http/Request), Object(Closure))
#26 D:/starcurrecy/vendor/laravel/framework/src/Illuminate/Pipeline/Pipeline.php(209): Illuminate/Foundation/Http/Middleware/ConvertEmptyStringsToNull->handle(Object(Illuminate/Http/Request), Object(Closure))
#27 D:/starcurrecy/vendor/laravel/framework/src/Illuminate/Foundation/Http/Middleware/TransformsRequest.php(21): Illuminate/Pipeline/Pipeline->Illuminate/Pipeline/{closure}(Object(Illuminate/Http/Request))
#28 D:/starcurrecy/vendor/laravel/framework/src/Illuminate/Foundation/Http/Middleware/TrimStrings.php(51): Illuminate/Foundation/Http/Middleware/TransformsRequest->handle(Object(Illuminate/Http/Request), Object(Closure))
#29 D:/starcurrecy/vendor/laravel/framework/src/Illuminate/Pipeline/Pipeline.php(209): Illuminate/Foundation/Http/Middleware/TrimStrings->handle(Object(Illuminate/Http/Request), Object(Closure))
#30 D:/starcurrecy/vendor/laravel/framework/src/Illuminate/Http/Middleware/ValidatePostSize.php(27): Illuminate/Pipeline/Pipeline->Illuminate/Pipeline/{closure}(Object(Illuminate/Http/Request))
#31 D:/starcurrecy/vendor/laravel/framework/src/Illuminate/Pipeline/Pipeline.php(209): Illuminate/Http/Middleware/ValidatePostSize->handle(Object(Illuminate/Http/Request), Object(Closure))
#32 D:/starcurrecy/vendor/laravel/framework/src/Illuminate/Foundation/Http/Middleware/PreventRequestsDuringMaintenance.php(110): Illuminate/Pipeline/Pipeline->Illuminate/Pipeline/{closure}(Object(Illuminate/Http/Request))
#33 D:/starcurrecy/vendor/laravel/framework/src/Illuminate/Pipeline/Pipeline.php(209): Illuminate/Foundation/Http/Middleware/PreventRequestsDuringMaintenance->handle(Object(Illuminate/Http/Request), Object(Closure))
#34 D:/starcurrecy/vendor/laravel/framework/src/Illuminate/Http/Middleware/HandleCors.php(49): Illuminate/Pipeline/Pipeline->Illuminate/Pipeline/{closure}(Object(Illuminate/Http/Request))
#35 D:/starcurrecy/vendor/laravel/framework/src/Illuminate/Pipeline/Pipeline.php(209): Illuminate/Http/Middleware/HandleCors->handle(Object(Illuminate/Http/Request), Object(Closure))
#36 D:/starcurrecy/vendor/laravel/framework/src/Illuminate/Http/Middleware/TrustProxies.php(58): Illuminate/Pipeline/Pipeline->Illuminate/Pipeline/{closure}(Object(Illuminate/Http/Request))
#37 D:/starcurrecy/vendor/laravel/framework/src/Illuminate/Pipeline/Pipeline.php(209): Illuminate/Http/Middleware/TrustProxies->handle(Object(Illuminate/Http/Request), Object(Closure))
#38 D:/starcurrecy/vendor/laravel/framework/src/Illuminate/Foundation/Http/Middleware/InvokeDeferredCallbacks.php(22): Illuminate/Pipeline/Pipeline->Illuminate/Pipeline/{closure}(Object(Illuminate/Http/Request))
#39 D:/starcurrecy/vendor/laravel/framework/src/Illuminate/Pipeline/Pipeline.php(209): Illuminate/Foundation/Http/Middleware/InvokeDeferredCallbacks->handle(Object(Illuminate/Http/Request), Object(Closure))
#40 D:/starcurrecy/vendor/laravel/framework/src/Illuminate/Pipeline/Pipeline.php(127): Illuminate/Pipeline/Pipeline->Illuminate/Pipeline/{closure}(Object(Illuminate/Http/Request))
#41 D:/starcurrecy/vendor/laravel/framework/src/Illuminate/Foundation/Http/Kernel.php(176): Illuminate/Pipeline/Pipeline->then(Object(Closure))
#42 D:/starcurrecy/vendor/laravel/framework/src/Illuminate/Foundation/Http/Kernel.php(145): Illuminate/Foundation/Http/Kernel->sendRequestThroughRouter(Object(Illuminate/Http/Request))
#43 D:/starcurrecy/vendor/laravel/framework/src/Illuminate/Foundation/Application.php(1220): Illuminate/Foundation/Http/Kernel->handle(Object(Illuminate/Http/Request))
#44 D:/starcurrecy/public/index.php(20): Illuminate/Foundation/Application->handleRequest(Object(Illuminate/Http/Request))
#45 D:/starcurrecy/vendor/laravel/framework/src/Illuminate/Foundation/resources/server.php(23): require_once('D://starcurrecy//...')
#46 {main}
"} 
[2026-08-17 09:52:14] production.ERROR: No application encryption key has been specified. {"exception":"[object] (Illuminate\\Encryption\\MissingAppKeyException(code: 0): No application encryption key has been specified. at D:/starcurrecy/vendor/laravel/framework/src/Illuminate/Encryption/EncryptionServiceProvider.php:83)
[stacktrace]
#0 D:/starcurrecy/vendor/laravel/framework/src/Illuminate/Support/helpers.php(399): Illuminate/Encryption/EncryptionServiceProvider->Illuminate/Encryption/{closure}(NULL)
#1 D:/starcurrecy/vendor/laravel/framework/src/Illuminate/Encryption/EncryptionServiceProvider.php(81): tap(NULL, Object(Closure))
#2 D:/starcurrecy/vendor/laravel/framework/src/Illuminate/Encryption/EncryptionServiceProvider.php(64): Illuminate/Encryption/EncryptionServiceProvider->key(Array)
#3 D:/starcurrecy/vendor/laravel/framework/src/Illuminate/Encryption/EncryptionServiceProvider.php(32): Illuminate/Encryption/EncryptionServiceProvider->parseKey(Array)
#4 D:/starcurrecy/vendor/laravel/framework/src/Illuminate/Container/Container.php(952): Illuminate/Encryption/EncryptionServiceProvider->Illuminate/Encryption/{closure}(Object(Illuminate/Foundation/Application), Array)
#5 D:/starcurrecy/vendor/laravel/framework/src/Illuminate/Container/Container.php(832): Illuminate/Container/Container->build(Object(Closure))
#6 D:/starcurrecy/vendor/laravel/framework/src/Illuminate/Foundation/Application.php(1078): Illuminate/Container/Container->resolve('encrypter', Array, true)
#7 D:/starcurrecy/vendor/laravel/framework/src/Illuminate/Container/Container.php(763): Illuminate/Foundation/Application->resolve('encrypter', Array)
#8 D:/starcurrecy/vendor/laravel/framework/src/Illuminate/Foundation/Application.php(1058): Illuminate/Container/Container->make('encrypter', Array)
#9 D:/starcurrecy/vendor/laravel/framework/src/Illuminate/Container/Container.php(1133): Illuminate/Foundation/Application->make('encrypter')
#10 D:/starcurrecy/vendor/laravel/framework/src/Illuminate/Container/Container.php(1043): Illuminate/Container/Container->resolveClass(Object(ReflectionParameter))
#11 D:/starcurrecy/vendor/laravel/framework/src/Illuminate/Container/Container.php(994): Illuminate/Container/Container->resolveDependencies(Array)
#12 D:/starcurrecy/vendor/laravel/framework/src/Illuminate/Container/Container.php(832): Illuminate/Container/Container->build('Illuminate//Cook...')
#13 D:/starcurrecy/vendor/laravel/framework/src/Illuminate/Foundation/Application.php(1078): Illuminate/Container/Container->resolve('Illuminate//Cook...', Array, true)
#14 D:/starcurrecy/vendor/laravel/framework/src/Illuminate/Container/Container.php(763): Illuminate/Foundation/Application->resolve('Illuminate//Cook...', Array)
#15 D:/starcurrecy/vendor/laravel/framework/src/Illuminate/Foundation/Application.php(1058): Illuminate/Container/Container->make('Illuminate//Cook...', Array)
#16 D:/starcurrecy/vendor/laravel/framework/src/Illuminate/Foundation/Http/Kernel.php(258): Illuminate/Foundation/Application->make('Illuminate//Cook...')
#17 D:/starcurrecy/vendor/laravel/framework/src/Illuminate/Foundation/Http/Kernel.php(216): Illuminate/Foundation/Http/Kernel->terminateMiddleware(Object(Illuminate/Http/Request), Object(Illuminate/Http/Response))
#18 D:/starcurrecy/vendor/laravel/framework/src/Illuminate/Foundation/Application.php(1222): Illuminate/Foundation/Http/Kernel->terminate(Object(Illuminate/Http/Request), Object(Illuminate/Http/Response))
#19 D:/starcurrecy/public/index.php(20): Illuminate/Foundation/Application->handleRequest(Object(Illuminate/Http/Request))
#20 D:/starcurrecy/vendor/laravel/framework/src/Illuminate/Foundation/resources/server.php(23): require_once('D://starcurrecy//...')
#21 {main}
"} 
[2026-08-17 09:52:23] production.ERROR: No application encryption key has been specified. {"exception":"[object] (Illuminate\\Encryption\\MissingAppKeyException(code: 0): No application encryption key has been specified. at D:/starcurrecy/vendor/laravel/framework/src/Illuminate/Encryption/EncryptionServiceProvider.php:83)
[stacktrace]
#0 D:/starcurrecy/vendor/laravel/framework/src/Illuminate/Support/helpers.php(399): Illuminate/Encryption/EncryptionServiceProvider->Illuminate/Encryption/{closure}(NULL)
#1 D:/starcurrecy/vendor/laravel/framework/src/Illuminate/Encryption/EncryptionServiceProvider.php(81): tap(NULL, Object(Closure))
#2 D:/starcurrecy/vendor/laravel/framework/src/Illuminate/Encryption/EncryptionServiceProvider.php(64): Illuminate/Encryption/EncryptionServiceProvider->key(Array)
#3 D:/starcurrecy/vendor/laravel/framework/src/Illuminate/Encryption/EncryptionServiceProvider.php(32): Illuminate/Encryption/EncryptionServiceProvider->parseKey(Array)
#4 D:/starcurrecy/vendor/laravel/framework/src/Illuminate/Container/Container.php(952): Illuminate/Encryption/EncryptionServiceProvider->Illuminate/Encryption/{closure}(Object(Illuminate/Foundation/Application), Array)
#5 D:/starcurrecy/vendor/laravel/framework/src/Illuminate/Container/Container.php(832): Illuminate/Container/Container->build(Object(Closure))
#6 D:/starcurrecy/vendor/laravel/framework/src/Illuminate/Foundation/Application.php(1078): Illuminate/Container/Container->resolve('encrypter', Array, true)
#7 D:/starcurrecy/vendor/laravel/framework/src/Illuminate/Container/Container.php(763): Illuminate/Foundation/Application->resolve('encrypter', Array)
#8 D:/starcurrecy/vendor/laravel/framework/src/Illuminate/Foundation/Application.php(1058): Illuminate/Container/Container->make('encrypter', Array)
#9 D:/starcurrecy/vendor/laravel/framework/src/Illuminate/Container/Container.php(1133): Illuminate/Foundation/Application->make('encrypter')
#10 D:/starcurrecy/vendor/laravel/framework/src/Illuminate/Container/Container.php(1043): Illuminate/Container/Container->resolveClass(Object(ReflectionParameter))
#11 D:/starcurrecy/vendor/laravel/framework/src/Illuminate/Container/Container.php(994): Illuminate/Container/Container->resolveDependencies(Array)
#12 D:/starcurrecy/vendor/laravel/framework/src/Illuminate/Container/Container.php(832): Illuminate/Container/Container->build('Illuminate//Cook...')
#13 D:/starcurrecy/vendor/laravel/framework/src/Illuminate/Foundation/Application.php(1078): Illuminate/Container/Container->resolve('Illuminate//Cook...', Array, true)
#14 D:/starcurrecy/vendor/laravel/framework/src/Illuminate/Container/Container.php(763): Illuminate/Foundation/Application->resolve('Illuminate//Cook...', Array)
#15 D:/starcurrecy/vendor/laravel/framework/src/Illuminate/Foundation/Application.php(1058): Illuminate/Container/Container->make('Illuminate//Cook...', Array)
#16 D:/starcurrecy/vendor/laravel/framework/src/Illuminate/Pipeline/Pipeline.php(198): Illuminate/Foundation/Application->make('Illuminate//Cook...')
#17 D:/starcurrecy/vendor/laravel/framework/src/Illuminate/Pipeline/Pipeline.php(127): Illuminate/Pipeline/Pipeline->Illuminate/Pipeline/{closure}(Object(Illuminate/Http/Request))
#18 D:/starcurrecy/vendor/laravel/framework/src/Illuminate/Routing/Router.php(807): Illuminate/Pipeline/Pipeline->then(Object(Closure))
#19 D:/starcurrecy/vendor/laravel/framework/src/Illuminate/Routing/Router.php(786): Illuminate/Routing/Router->runRouteWithinStack(Object(Illuminate/Routing/Route), Object(Illuminate/Http/Request))
#20 D:/starcurrecy/vendor/laravel/framework/src/Illuminate/Routing/Router.php(750): Illuminate/Routing/Router->runRoute(Object(Illuminate/Http/Request), Object(Illuminate/Routing/Route))
#21 D:/starcurrecy/vendor/laravel/framework/src/Illuminate/Routing/Router.php(739): Illuminate/Routing/Router->dispatchToRoute(Object(Illuminate/Http/Request))
#22 D:/starcurrecy/vendor/laravel/framework/src/Illuminate/Foundation/Http/Kernel.php(201): Illuminate/Routing/Router->dispatch(Object(Illuminate/Http/Request))
#23 D:/starcurrecy/vendor/laravel/framework/src/Illuminate/Pipeline/Pipeline.php(170): Illuminate/Foundation/Http/Kernel->Illuminate/Foundation/Http/{closure}(Object(Illuminate/Http/Request))
#24 D:/starcurrecy/vendor/laravel/framework/src/Illuminate/Foundation/Http/Middleware/TransformsRequest.php(21): Illuminate/Pipeline/Pipeline->Illuminate/Pipeline/{closure}(Object(Illuminate/Http/Request))
#25 D:/starcurrecy/vendor/laravel/framework/src/Illuminate/Foundation/Http/Middleware/ConvertEmptyStringsToNull.php(31): Illuminate/Foundation/Http/Middleware/TransformsRequest->handle(Object(Illuminate/Http/Request), Object(Closure))
#26 D:/starcurrecy/vendor/laravel/framework/src/Illuminate/Pipeline/Pipeline.php(209): Illuminate/Foundation/Http/Middleware/ConvertEmptyStringsToNull->handle(Object(Illuminate/Http/Request), Object(Closure))
#27 D:/starcurrecy/vendor/laravel/framework/src/Illuminate/Foundation/Http/Middleware/TransformsRequest.php(21): Illuminate/Pipeline/Pipeline->Illuminate/Pipeline/{closure}(Object(Illuminate/Http/Request))
#28 D:/starcurrecy/vendor/laravel/framework/src/Illuminate/Foundation/Http/Middleware/TrimStrings.php(51): Illuminate/Foundation/Http/Middleware/TransformsRequest->handle(Object(Illuminate/Http/Request), Object(Closure))
#29 D:/starcurrecy/vendor/laravel/framework/src/Illuminate/Pipeline/Pipeline.php(209): Illuminate/Foundation/Http/Middleware/TrimStrings->handle(Object(Illuminate/Http/Request), Object(Closure))
#30 D:/starcurrecy/vendor/laravel/framework/src/Illuminate/Http/Middleware/ValidatePostSize.php(27): Illuminate/Pipeline/Pipeline->Illuminate/Pipeline/{closure}(Object(Illuminate/Http/Request))
#31 D:/starcurrecy/vendor/laravel/framework/src/Illuminate/Pipeline/Pipeline.php(209): Illuminate/Http/Middleware/ValidatePostSize->handle(Object(Illuminate/Http/Request), Object(Closure))
#32 D:/starcurrecy/vendor/laravel/framework/src/Illuminate/Foundation/Http/Middleware/PreventRequestsDuringMaintenance.php(110): Illuminate/Pipeline/Pipeline->Illuminate/Pipeline/{closure}(Object(Illuminate/Http/Request))
#33 D:/starcurrecy/vendor/laravel/framework/src/Illuminate/Pipeline/Pipeline.php(209): Illuminate/Foundation/Http/Middleware/PreventRequestsDuringMaintenance->handle(Object(Illuminate/Http/Request), Object(Closure))
#34 D:/starcurrecy/vendor/laravel/framework/src/Illuminate/Http/Middleware/HandleCors.php(49): Illuminate/Pipeline/Pipeline->Illuminate/Pipeline/{closure}(Object(Illuminate/Http/Request))
#35 D:/starcurrecy/vendor/laravel/framework/src/Illuminate/Pipeline/Pipeline.php(209): Illuminate/Http/Middleware/HandleCors->handle(Object(Illuminate/Http/Request), Object(Closure))
#36 D:/starcurrecy/vendor/laravel/framework/src/Illuminate/Http/Middleware/TrustProxies.php(58): Illuminate/Pipeline/Pipeline->Illuminate/Pipeline/{closure}(Object(Illuminate/Http/Request))
#37 D:/starcurrecy/vendor/laravel/framework/src/Illuminate/Pipeline/Pipeline.php(209): Illuminate/Http/Middleware/TrustProxies->handle(Object(Illuminate/Http/Request), Object(Closure))
#38 D:/starcurrecy/vendor/laravel/framework/src/Illuminate/Foundation/Http/Middleware/InvokeDeferredCallbacks.php(22): Illuminate/Pipeline/Pipeline->Illuminate/Pipeline/{closure}(Object(Illuminate/Http/Request))
#39 D:/starcurrecy/vendor/laravel/framework/src/Illuminate/Pipeline/Pipeline.php(209): Illuminate/Foundation/Http/Middleware/InvokeDeferredCallbacks->handle(Object(Illuminate/Http/Request), Object(Closure))
#40 D:/starcurrecy/vendor/laravel/framework/src/Illuminate/Pipeline/Pipeline.php(127): Illuminate/Pipeline/Pipeline->Illuminate/Pipeline/{closure}(Object(Illuminate/Http/Request))
#41 D:/starcurrecy/vendor/laravel/framework/src/Illuminate/Foundation/Http/Kernel.php(176): Illuminate/Pipeline/Pipeline->then(Object(Closure))
#42 D:/starcurrecy/vendor/laravel/framework/src/Illuminate/Foundation/Http/Kernel.php(145): Illuminate/Foundation/Http/Kernel->sendRequestThroughRouter(Object(Illuminate/Http/Request))
#43 D:/starcurrecy/vendor/laravel/framework/src/Illuminate/Foundation/Application.php(1220): Illuminate/Foundation/Http/Kernel->handle(Object(Illuminate/Http/Request))
#44 D:/starcurrecy/public/index.php(20): Illuminate/Foundation/Application->handleRequest(Object(Illuminate/Http/Request))
#45 D:/starcurrecy/vendor/laravel/framework/src/Illuminate/Foundation/resources/server.php(23): require_once('D://starcurrecy//...')
#46 {main}
"} 
[2026-08-17 09:52:23] production.ERROR: No application encryption key has been specified. {"exception":"[object] (Illuminate\\Encryption\\MissingAppKeyException(code: 0): No application encryption key has been specified. at D:/starcurrecy/vendor/laravel/framework/src/Illuminate/Encryption/EncryptionServiceProvider.php:83)
[stacktrace]
#0 D:/starcurrecy/vendor/laravel/framework/src/Illuminate/Support/helpers.php(399): Illuminate/Encryption/EncryptionServiceProvider->Illuminate/Encryption/{closure}(NULL)
#1 D:/starcurrecy/vendor/laravel/framework/src/Illuminate/Encryption/EncryptionServiceProvider.php(81): tap(NULL, Object(Closure))
#2 D:/starcurrecy/vendor/laravel/framework/src/Illuminate/Encryption/EncryptionServiceProvider.php(64): Illuminate/Encryption/EncryptionServiceProvider->key(Array)
#3 D:/starcurrecy/vendor/laravel/framework/src/Illuminate/Encryption/EncryptionServiceProvider.php(32): Illuminate/Encryption/EncryptionServiceProvider->parseKey(Array)
#4 D:/starcurrecy/vendor/laravel/framework/src/Illuminate/Container/Container.php(952): Illuminate/Encryption/EncryptionServiceProvider->Illuminate/Encryption/{closure}(Object(Illuminate/Foundation/Application), Array)
#5 D:/starcurrecy/vendor/laravel/framework/src/Illuminate/Container/Container.php(832): Illuminate/Container/Container->build(Object(Closure))
#6 D:/starcurrecy/vendor/laravel/framework/src/Illuminate/Foundation/Application.php(1078): Illuminate/Container/Container->resolve('encrypter', Array, true)
#7 D:/starcurrecy/vendor/laravel/framework/src/Illuminate/Container/Container.php(763): Illuminate/Foundation/Application->resolve('encrypter', Array)
#8 D:/starcurrecy/vendor/laravel/framework/src/Illuminate/Foundation/Application.php(1058): Illuminate/Container/Container->make('encrypter', Array)
#9 D:/starcurrecy/vendor/laravel/framework/src/Illuminate/Container/Container.php(1133): Illuminate/Foundation/Application->make('encrypter')
#10 D:/starcurrecy/vendor/laravel/framework/src/Illuminate/Container/Container.php(1043): Illuminate/Container/Container->resolveClass(Object(ReflectionParameter))
#11 D:/starcurrecy/vendor/laravel/framework/src/Illuminate/Container/Container.php(994): Illuminate/Container/Container->resolveDependencies(Array)
#12 D:/starcurrecy/vendor/laravel/framework/src/Illuminate/Container/Container.php(832): Illuminate/Container/Container->build('Illuminate//Cook...')
#13 D:/starcurrecy/vendor/laravel/framework/src/Illuminate/Foundation/Application.php(1078): Illuminate/Container/Container->resolve('Illuminate//Cook...', Array, true)
#14 D:/starcurrecy/vendor/laravel/framework/src/Illuminate/Container/Container.php(763): Illuminate/Foundation/Application->resolve('Illuminate//Cook...', Array)
#15 D:/starcurrecy/vendor/laravel/framework/src/Illuminate/Foundation/Application.php(1058): Illuminate/Container/Container->make('Illuminate//Cook...', Array)
#16 D:/starcurrecy/vendor/laravel/framework/src/Illuminate/Foundation/Http/Kernel.php(258): Illuminate/Foundation/Application->make('Illuminate//Cook...')
#17 D:/starcurrecy/vendor/laravel/framework/src/Illuminate/Foundation/Http/Kernel.php(216): Illuminate/Foundation/Http/Kernel->terminateMiddleware(Object(Illuminate/Http/Request), Object(Illuminate/Http/Response))
#18 D:/starcurrecy/vendor/laravel/framework/src/Illuminate/Foundation/Application.php(1222): Illuminate/Foundation/Http/Kernel->terminate(Object(Illuminate/Http/Request), Object(Illuminate/Http/Response))
#19 D:/starcurrecy/public/index.php(20): Illuminate/Foundation/Application->handleRequest(Object(Illuminate/Http/Request))
#20 D:/starcurrecy/vendor/laravel/framework/src/Illuminate/Foundation/resources/server.php(23): require_once('D://starcurrecy//...')
#21 {main}
"} 
[2026-08-17 09:52:26] production.ERROR: No application encryption key has been specified. {"exception":"[object] (Illuminate\\Encryption\\MissingAppKeyException(code: 0): No application encryption key has been specified. at D:/starcurrecy/vendor/laravel/framework/src/Illuminate/Encryption/EncryptionServiceProvider.php:83)
[stacktrace]
#0 D:/starcurrecy/vendor/laravel/framework/src/Illuminate/Support/helpers.php(399): Illuminate/Encryption/EncryptionServiceProvider->Illuminate/Encryption/{closure}(NULL)
#1 D:/starcurrecy/vendor/laravel/framework/src/Illuminate/Encryption/EncryptionServiceProvider.php(81): tap(NULL, Object(Closure))
#2 D:/starcurrecy/vendor/laravel/framework/src/Illuminate/Encryption/EncryptionServiceProvider.php(64): Illuminate/Encryption/EncryptionServiceProvider->key(Array)
#3 D:/starcurrecy/vendor/laravel/framework/src/Illuminate/Encryption/EncryptionServiceProvider.php(32): Illuminate/Encryption/EncryptionServiceProvider->parseKey(Array)
#4 D:/starcurrecy/vendor/laravel/framework/src/Illuminate/Container/Container.php(952): Illuminate/Encryption/EncryptionServiceProvider->Illuminate/Encryption/{closure}(Object(Illuminate/Foundation/Application), Array)
#5 D:/starcurrecy/vendor/laravel/framework/src/Illuminate/Container/Container.php(832): Illuminate/Container/Container->build(Object(Closure))
#6 D:/starcurrecy/vendor/laravel/framework/src/Illuminate/Foundation/Application.php(1078): Illuminate/Container/Container->resolve('encrypter', Array, true)
#7 D:/starcurrecy/vendor/laravel/framework/src/Illuminate/Container/Container.php(763): Illuminate/Foundation/Application->resolve('encrypter', Array)
#8 D:/starcurrecy/vendor/laravel/framework/src/Illuminate/Foundation/Application.php(1058): Illuminate/Container/Container->make('encrypter', Array)
#9 D:/starcurrecy/vendor/laravel/framework/src/Illuminate/Container/Container.php(1133): Illuminate/Foundation/Application->make('encrypter')
#10 D:/starcurrecy/vendor/laravel/framework/src/Illuminate/Container/Container.php(1043): Illuminate/Container/Container->resolveClass(Object(ReflectionParameter))
#11 D:/starcurrecy/vendor/laravel/framework/src/Illuminate/Container/Container.php(994): Illuminate/Container/Container->resolveDependencies(Array)
#12 D:/starcurrecy/vendor/laravel/framework/src/Illuminate/Container/Container.php(832): Illuminate/Container/Container->build('Illuminate//Cook...')
#13 D:/starcurrecy/vendor/laravel/framework/src/Illuminate/Foundation/Application.php(1078): Illuminate/Container/Container->resolve('Illuminate//Cook...', Array, true)
#14 D:/starcurrecy/vendor/laravel/framework/src/Illuminate/Container/Container.php(763): Illuminate/Foundation/Application->resolve('Illuminate//Cook...', Array)
#15 D:/starcurrecy/vendor/laravel/framework/src/Illuminate/Foundation/Application.php(1058): Illuminate/Container/Container->make('Illuminate//Cook...', Array)
#16 D:/starcurrecy/vendor/laravel/framework/src/Illuminate/Pipeline/Pipeline.php(198): Illuminate/Foundation/Application->make('Illuminate//Cook...')
#17 D:/starcurrecy/vendor/laravel/framework/src/Illuminate/Pipeline/Pipeline.php(127): Illuminate/Pipeline/Pipeline->Illuminate/Pipeline/{closure}(Object(Illuminate/Http/Request))
#18 D:/starcurrecy/vendor/laravel/framework/src/Illuminate/Routing/Router.php(807): Illuminate/Pipeline/Pipeline->then(Object(Closure))
#19 D:/starcurrecy/vendor/laravel/framework/src/Illuminate/Routing/Router.php(786): Illuminate/Routing/Router->runRouteWithinStack(Object(Illuminate/Routing/Route), Object(Illuminate/Http/Request))
#20 D:/starcurrecy/vendor/laravel/framework/src/Illuminate/Routing/Router.php(750): Illuminate/Routing/Router->runRoute(Object(Illuminate/Http/Request), Object(Illuminate/Routing/Route))
#21 D:/starcurrecy/vendor/laravel/framework/src/Illuminate/Routing/Router.php(739): Illuminate/Routing/Router->dispatchToRoute(Object(Illuminate/Http/Request))
#22 D:/starcurrecy/vendor/laravel/framework/src/Illuminate/Foundation/Http/Kernel.php(201): Illuminate/Routing/Router->dispatch(Object(Illuminate/Http/Request))
#23 D:/starcurrecy/vendor/laravel/framework/src/Illuminate/Pipeline/Pipeline.php(170): Illuminate/Foundation/Http/Kernel->Illuminate/Foundation/Http/{closure}(Object(Illuminate/Http/Request))
#24 D:/starcurrecy/vendor/laravel/framework/src/Illuminate/Foundation/Http/Middleware/TransformsRequest.php(21): Illuminate/Pipeline/Pipeline->Illuminate/Pipeline/{closure}(Object(Illuminate/Http/Request))
#25 D:/starcurrecy/vendor/laravel/framework/src/Illuminate/Foundation/Http/Middleware/ConvertEmptyStringsToNull.php(31): Illuminate/Foundation/Http/Middleware/TransformsRequest->handle(Object(Illuminate/Http/Request), Object(Closure))
#26 D:/starcurrecy/vendor/laravel/framework/src/Illuminate/Pipeline/Pipeline.php(209): Illuminate/Foundation/Http/Middleware/ConvertEmptyStringsToNull->handle(Object(Illuminate/Http/Request), Object(Closure))
#27 D:/starcurrecy/vendor/laravel/framework/src/Illuminate/Foundation/Http/Middleware/TransformsRequest.php(21): Illuminate/Pipeline/Pipeline->Illuminate/Pipeline/{closure}(Object(Illuminate/Http/Request))
#28 D:/starcurrecy/vendor/laravel/framework/src/Illuminate/Foundation/Http/Middleware/TrimStrings.php(51): Illuminate/Foundation/Http/Middleware/TransformsRequest->handle(Object(Illuminate/Http/Request), Object(Closure))
#29 D:/starcurrecy/vendor/laravel/framework/src/Illuminate/Pipeline/Pipeline.php(209): Illuminate/Foundation/Http/Middleware/TrimStrings->handle(Object(Illuminate/Http/Request), Object(Closure))
#30 D:/starcurrecy/vendor/laravel/framework/src/Illuminate/Http/Middleware/ValidatePostSize.php(27): Illuminate/Pipeline/Pipeline->Illuminate/Pipeline/{closure}(Object(Illuminate/Http/Request))
#31 D:/starcurrecy/vendor/laravel/framework/src/Illuminate/Pipeline/Pipeline.php(209): Illuminate/Http/Middleware/ValidatePostSize->handle(Object(Illuminate/Http/Request), Object(Closure))
#32 D:/starcurrecy/vendor/laravel/framework/src/Illuminate/Foundation/Http/Middleware/PreventRequestsDuringMaintenance.php(110): Illuminate/Pipeline/Pipeline->Illuminate/Pipeline/{closure}(Object(Illuminate/Http/Request))
#33 D:/starcurrecy/vendor/laravel/framework/src/Illuminate/Pipeline/Pipeline.php(209): Illuminate/Foundation/Http/Middleware/PreventRequestsDuringMaintenance->handle(Object(Illuminate/Http/Request), Object(Closure))
#34 D:/starcurrecy/vendor/laravel/framework/src/Illuminate/Http/Middleware/HandleCors.php(49): Illuminate/Pipeline/Pipeline->Illuminate/Pipeline/{closure}(Object(Illuminate/Http/Request))
#35 D:/starcurrecy/vendor/laravel/framework/src/Illuminate/Pipeline/Pipeline.php(209): Illuminate/Http/Middleware/HandleCors->handle(Object(Illuminate/Http/Request), Object(Closure))
#36 D:/starcurrecy/vendor/laravel/framework/src/Illuminate/Http/Middleware/TrustProxies.php(58): Illuminate/Pipeline/Pipeline->Illuminate/Pipeline/{closure}(Object(Illuminate/Http/Request))
#37 D:/starcurrecy/vendor/laravel/framework/src/Illuminate/Pipeline/Pipeline.php(209): Illuminate/Http/Middleware/TrustProxies->handle(Object(Illuminate/Http/Request), Object(Closure))
#38 D:/starcurrecy/vendor/laravel/framework/src/Illuminate/Foundation/Http/Middleware/InvokeDeferredCallbacks.php(22): Illuminate/Pipeline/Pipeline->Illuminate/Pipeline/{closure}(Object(Illuminate/Http/Request))
#39 D:/starcurrecy/vendor/laravel/framework/src/Illuminate/Pipeline/Pipeline.php(209): Illuminate/Foundation/Http/Middleware/InvokeDeferredCallbacks->handle(Object(Illuminate/Http/Request), Object(Closure))
#40 D:/starcurrecy/vendor/laravel/framework/src/Illuminate/Pipeline/Pipeline.php(127): Illuminate/Pipeline/Pipeline->Illuminate/Pipeline/{closure}(Object(Illuminate/Http/Request))
#41 D:/starcurrecy/vendor/laravel/framework/src/Illuminate/Foundation/Http/Kernel.php(176): Illuminate/Pipeline/Pipeline->then(Object(Closure))
#42 D:/starcurrecy/vendor/laravel/framework/src/Illuminate/Foundation/Http/Kernel.php(145): Illuminate/Foundation/Http/Kernel->sendRequestThroughRouter(Object(Illuminate/Http/Request))
#43 D:/starcurrecy/vendor/laravel/framework/src/Illuminate/Foundation/Application.php(1220): Illuminate/Foundation/Http/Kernel->handle(Object(Illuminate/Http/Request))
#44 D:/starcurrecy/public/index.php(20): Illuminate/Foundation/Application->handleRequest(Object(Illuminate/Http/Request))
#45 D:/starcurrecy/vendor/laravel/framework/src/Illuminate/Foundation/resources/server.php(23): require_once('D://starcurrecy//...')
#46 {main}
"} 
[2026-08-17 09:52:26] production.ERROR: No application encryption key has been specified. {"exception":"[object] (Illuminate\\Encryption\\MissingAppKeyException(code: 0): No application encryption key has been specified. at D:/starcurrecy/vendor/laravel/framework/src/Illuminate/Encryption/EncryptionServiceProvider.php:83)
[stacktrace]
#0 D:/starcurrecy/vendor/laravel/framework/src/Illuminate/Support/helpers.php(399): Illuminate/Encryption/EncryptionServiceProvider->Illuminate/Encryption/{closure}(NULL)
#1 D:/starcurrecy/vendor/laravel/framework/src/Illuminate/Encryption/EncryptionServiceProvider.php(81): tap(NULL, Object(Closure))
#2 D:/starcurrecy/vendor/laravel/framework/src/Illuminate/Encryption/EncryptionServiceProvider.php(64): Illuminate/Encryption/EncryptionServiceProvider->key(Array)
#3 D:/starcurrecy/vendor/laravel/framework/src/Illuminate/Encryption/EncryptionServiceProvider.php(32): Illuminate/Encryption/EncryptionServiceProvider->parseKey(Array)
#4 D:/starcurrecy/vendor/laravel/framework/src/Illuminate/Container/Container.php(952): Illuminate/Encryption/EncryptionServiceProvider->Illuminate/Encryption/{closure}(Object(Illuminate/Foundation/Application), Array)
#5 D:/starcurrecy/vendor/laravel/framework/src/Illuminate/Container/Container.php(832): Illuminate/Container/Container->build(Object(Closure))
#6 D:/starcurrecy/vendor/laravel/framework/src/Illuminate/Foundation/Application.php(1078): Illuminate/Container/Container->resolve('encrypter', Array, true)
#7 D:/starcurrecy/vendor/laravel/framework/src/Illuminate/Container/Container.php(763): Illuminate/Foundation/Application->resolve('encrypter', Array)
#8 D:/starcurrecy/vendor/laravel/framework/src/Illuminate/Foundation/Application.php(1058): Illuminate/Container/Container->make('encrypter', Array)
#9 D:/starcurrecy/vendor/laravel/framework/src/Illuminate/Container/Container.php(1133): Illuminate/Foundation/Application->make('encrypter')
#10 D:/starcurrecy/vendor/laravel/framework/src/Illuminate/Container/Container.php(1043): Illuminate/Container/Container->resolveClass(Object(ReflectionParameter))
#11 D:/starcurrecy/vendor/laravel/framework/src/Illuminate/Container/Container.php(994): Illuminate/Container/Container->resolveDependencies(Array)
#12 D:/starcurrecy/vendor/laravel/framework/src/Illuminate/Container/Container.php(832): Illuminate/Container/Container->build('Illuminate//Cook...')
#13 D:/starcurrecy/vendor/laravel/framework/src/Illuminate/Foundation/Application.php(1078): Illuminate/Container/Container->resolve('Illuminate//Cook...', Array, true)
#14 D:/starcurrecy/vendor/laravel/framework/src/Illuminate/Container/Container.php(763): Illuminate/Foundation/Application->resolve('Illuminate//Cook...', Array)
#15 D:/starcurrecy/vendor/laravel/framework/src/Illuminate/Foundation/Application.php(1058): Illuminate/Container/Container->make('Illuminate//Cook...', Array)
#16 D:/starcurrecy/vendor/laravel/framework/src/Illuminate/Foundation/Http/Kernel.php(258): Illuminate/Foundation/Application->make('Illuminate//Cook...')
#17 D:/starcurrecy/vendor/laravel/framework/src/Illuminate/Foundation/Http/Kernel.php(216): Illuminate/Foundation/Http/Kernel->terminateMiddleware(Object(Illuminate/Http/Request), Object(Illuminate/Http/Response))
#18 D:/starcurrecy/vendor/laravel/framework/src/Illuminate/Foundation/Application.php(1222): Illuminate/Foundation/Http/Kernel->terminate(Object(Illuminate/Http/Request), Object(Illuminate/Http/Response))
#19 D:/starcurrecy/public/index.php(20): Illuminate/Foundation/Application->handleRequest(Object(Illuminate/Http/Request))
#20 D:/starcurrecy/vendor/laravel/framework/src/Illuminate/Foundation/resources/server.php(23): require_once('D://starcurrecy//...')
#21 {main}
"} 
[2026-08-17 09:52:26] production.ERROR: No application encryption key has been specified. {"exception":"[object] (Illuminate\\Encryption\\MissingAppKeyException(code: 0): No application encryption key has been specified. at D:/starcurrecy/vendor/laravel/framework/src/Illuminate/Encryption/EncryptionServiceProvider.php:83)
[stacktrace]
#0 D:/starcurrecy/vendor/laravel/framework/src/Illuminate/Support/helpers.php(399): Illuminate/Encryption/EncryptionServiceProvider->Illuminate/Encryption/{closure}(NULL)
#1 D:/starcurrecy/vendor/laravel/framework/src/Illuminate/Encryption/EncryptionServiceProvider.php(81): tap(NULL, Object(Closure))
#2 D:/starcurrecy/vendor/laravel/framework/src/Illuminate/Encryption/EncryptionServiceProvider.php(64): Illuminate/Encryption/EncryptionServiceProvider->key(Array)
#3 D:/starcurrecy/vendor/laravel/framework/src/Illuminate/Encryption/EncryptionServiceProvider.php(32): Illuminate/Encryption/EncryptionServiceProvider->parseKey(Array)
#4 D:/starcurrecy/vendor/laravel/framework/src/Illuminate/Container/Container.php(952): Illuminate/Encryption/EncryptionServiceProvider->Illuminate/Encryption/{closure}(Object(Illuminate/Foundation/Application), Array)
#5 D:/starcurrecy/vendor/laravel/framework/src/Illuminate/Container/Container.php(832): Illuminate/Container/Container->build(Object(Closure))
#6 D:/starcurrecy/vendor/laravel/framework/src/Illuminate/Foundation/Application.php(1078): Illuminate/Container/Container->resolve('encrypter', Array, true)
#7 D:/starcurrecy/vendor/laravel/framework/src/Illuminate/Container/Container.php(763): Illuminate/Foundation/Application->resolve('encrypter', Array)
#8 D:/starcurrecy/vendor/laravel/framework/src/Illuminate/Foundation/Application.php(1058): Illuminate/Container/Container->make('encrypter', Array)
#9 D:/starcurrecy/vendor/laravel/framework/src/Illuminate/Container/Container.php(1133): Illuminate/Foundation/Application->make('encrypter')
#10 D:/starcurrecy/vendor/laravel/framework/src/Illuminate/Container/Container.php(1043): Illuminate/Container/Container->resolveClass(Object(ReflectionParameter))
#11 D:/starcurrecy/vendor/laravel/framework/src/Illuminate/Container/Container.php(994): Illuminate/Container/Container->resolveDependencies(Array)
#12 D:/starcurrecy/vendor/laravel/framework/src/Illuminate/Container/Container.php(832): Illuminate/Container/Container->build('Illuminate//Cook...')
#13 D:/starcurrecy/vendor/laravel/framework/src/Illuminate/Foundation/Application.php(1078): Illuminate/Container/Container->resolve('Illuminate//Cook...', Array, true)
#14 D:/starcurrecy/vendor/laravel/framework/src/Illuminate/Container/Container.php(763): Illuminate/Foundation/Application->resolve('Illuminate//Cook...', Array)
#15 D:/starcurrecy/vendor/laravel/framework/src/Illuminate/Foundation/Application.php(1058): Illuminate/Container/Container->make('Illuminate//Cook...', Array)
#16 D:/starcurrecy/vendor/laravel/framework/src/Illuminate/Pipeline/Pipeline.php(198): Illuminate/Foundation/Application->make('Illuminate//Cook...')
#17 D:/starcurrecy/vendor/laravel/framework/src/Illuminate/Pipeline/Pipeline.php(127): Illuminate/Pipeline/Pipeline->Illuminate/Pipeline/{closure}(Object(Illuminate/Http/Request))
#18 D:/starcurrecy/vendor/laravel/framework/src/Illuminate/Routing/Router.php(807): Illuminate/Pipeline/Pipeline->then(Object(Closure))
#19 D:/starcurrecy/vendor/laravel/framework/src/Illuminate/Routing/Router.php(786): Illuminate/Routing/Router->runRouteWithinStack(Object(Illuminate/Routing/Route), Object(Illuminate/Http/Request))
#20 D:/starcurrecy/vendor/laravel/framework/src/Illuminate/Routing/Router.php(750): Illuminate/Routing/Router->runRoute(Object(Illuminate/Http/Request), Object(Illuminate/Routing/Route))
#21 D:/starcurrecy/vendor/laravel/framework/src/Illuminate/Routing/Router.php(739): Illuminate/Routing/Router->dispatchToRoute(Object(Illuminate/Http/Request))
#22 D:/starcurrecy/vendor/laravel/framework/src/Illuminate/Foundation/Http/Kernel.php(201): Illuminate/Routing/Router->dispatch(Object(Illuminate/Http/Request))
#23 D:/starcurrecy/vendor/laravel/framework/src/Illuminate/Pipeline/Pipeline.php(170): Illuminate/Foundation/Http/Kernel->Illuminate/Foundation/Http/{closure}(Object(Illuminate/Http/Request))
#24 D:/starcurrecy/vendor/laravel/framework/src/Illuminate/Foundation/Http/Middleware/TransformsRequest.php(21): Illuminate/Pipeline/Pipeline->Illuminate/Pipeline/{closure}(Object(Illuminate/Http/Request))
#25 D:/starcurrecy/vendor/laravel/framework/src/Illuminate/Foundation/Http/Middleware/ConvertEmptyStringsToNull.php(31): Illuminate/Foundation/Http/Middleware/TransformsRequest->handle(Object(Illuminate/Http/Request), Object(Closure))
#26 D:/starcurrecy/vendor/laravel/framework/src/Illuminate/Pipeline/Pipeline.php(209): Illuminate/Foundation/Http/Middleware/ConvertEmptyStringsToNull->handle(Object(Illuminate/Http/Request), Object(Closure))
#27 D:/starcurrecy/vendor/laravel/framework/src/Illuminate/Foundation/Http/Middleware/TransformsRequest.php(21): Illuminate/Pipeline/Pipeline->Illuminate/Pipeline/{closure}(Object(Illuminate/Http/Request))
#28 D:/starcurrecy/vendor/laravel/framework/src/Illuminate/Foundation/Http/Middleware/TrimStrings.php(51): Illuminate/Foundation/Http/Middleware/TransformsRequest->handle(Object(Illuminate/Http/Request), Object(Closure))
#29 D:/starcurrecy/vendor/laravel/framework/src/Illuminate/Pipeline/Pipeline.php(209): Illuminate/Foundation/Http/Middleware/TrimStrings->handle(Object(Illuminate/Http/Request), Object(Closure))
#30 D:/starcurrecy/vendor/laravel/framework/src/Illuminate/Http/Middleware/ValidatePostSize.php(27): Illuminate/Pipeline/Pipeline->Illuminate/Pipeline/{closure}(Object(Illuminate/Http/Request))
#31 D:/starcurrecy/vendor/laravel/framework/src/Illuminate/Pipeline/Pipeline.php(209): Illuminate/Http/Middleware/ValidatePostSize->handle(Object(Illuminate/Http/Request), Object(Closure))
#32 D:/starcurrecy/vendor/laravel/framework/src/Illuminate/Foundation/Http/Middleware/PreventRequestsDuringMaintenance.php(110): Illuminate/Pipeline/Pipeline->Illuminate/Pipeline/{closure}(Object(Illuminate/Http/Request))
#33 D:/starcurrecy/vendor/laravel/framework/src/Illuminate/Pipeline/Pipeline.php(209): Illuminate/Foundation/Http/Middleware/PreventRequestsDuringMaintenance->handle(Object(Illuminate/Http/Request), Object(Closure))
#34 D:/starcurrecy/vendor/laravel/framework/src/Illuminate/Http/Middleware/HandleCors.php(49): Illuminate/Pipeline/Pipeline->Illuminate/Pipeline/{closure}(Object(Illuminate/Http/Request))
#35 D:/starcurrecy/vendor/laravel/framework/src/Illuminate/Pipeline/Pipeline.php(209): Illuminate/Http/Middleware/HandleCors->handle(Object(Illuminate/Http/Request), Object(Closure))
#36 D:/starcurrecy/vendor/laravel/framework/src/Illuminate/Http/Middleware/TrustProxies.php(58): Illuminate/Pipeline/Pipeline->Illuminate/Pipeline/{closure}(Object(Illuminate/Http/Request))
#37 D:/starcurrecy/vendor/laravel/framework/src/Illuminate/Pipeline/Pipeline.php(209): Illuminate/Http/Middleware/TrustProxies->handle(Object(Illuminate/Http/Request), Object(Closure))
#38 D:/starcurrecy/vendor/laravel/framework/src/Illuminate/Foundation/Http/Middleware/InvokeDeferredCallbacks.php(22): Illuminate/Pipeline/Pipeline->Illuminate/Pipeline/{closure}(Object(Illuminate/Http/Request))
#39 D:/starcurrecy/vendor/laravel/framework/src/Illuminate/Pipeline/Pipeline.php(209): Illuminate/Foundation/Http/Middleware/InvokeDeferredCallbacks->handle(Object(Illuminate/Http/Request), Object(Closure))
#40 D:/starcurrecy/vendor/laravel/framework/src/Illuminate/Pipeline/Pipeline.php(127): Illuminate/Pipeline/Pipeline->Illuminate/Pipeline/{closure}(Object(Illuminate/Http/Request))
#41 D:/starcurrecy/vendor/laravel/framework/src/Illuminate/Foundation/Http/Kernel.php(176): Illuminate/Pipeline/Pipeline->then(Object(Closure))
#42 D:/starcurrecy/vendor/laravel/framework/src/Illuminate/Foundation/Http/Kernel.php(145): Illuminate/Foundation/Http/Kernel->sendRequestThroughRouter(Object(Illuminate/Http/Request))
#43 D:/starcurrecy/vendor/laravel/framework/src/Illuminate/Foundation/Application.php(1220): Illuminate/Foundation/Http/Kernel->handle(Object(Illuminate/Http/Request))
#44 D:/starcurrecy/public/index.php(20): Illuminate/Foundation/Application->handleRequest(Object(Illuminate/Http/Request))
#45 D:/starcurrecy/vendor/laravel/framework/src/Illuminate/Foundation/resources/server.php(23): require_once('D://starcurrecy//...')
#46 {main}
"} 
[2026-08-17 09:52:26] production.ERROR: No application encryption key has been specified. {"exception":"[object] (Illuminate\\Encryption\\MissingAppKeyException(code: 0): No application encryption key has been specified. at D:/starcurrecy/vendor/laravel/framework/src/Illuminate/Encryption/EncryptionServiceProvider.php:83)
[stacktrace]
#0 D:/starcurrecy/vendor/laravel/framework/src/Illuminate/Support/helpers.php(399): Illuminate/Encryption/EncryptionServiceProvider->Illuminate/Encryption/{closure}(NULL)
#1 D:/starcurrecy/vendor/laravel/framework/src/Illuminate/Encryption/EncryptionServiceProvider.php(81): tap(NULL, Object(Closure))
#2 D:/starcurrecy/vendor/laravel/framework/src/Illuminate/Encryption/EncryptionServiceProvider.php(64): Illuminate/Encryption/EncryptionServiceProvider->key(Array)
#3 D:/starcurrecy/vendor/laravel/framework/src/Illuminate/Encryption/EncryptionServiceProvider.php(32): Illuminate/Encryption/EncryptionServiceProvider->parseKey(Array)
#4 D:/starcurrecy/vendor/laravel/framework/src/Illuminate/Container/Container.php(952): Illuminate/Encryption/EncryptionServiceProvider->Illuminate/Encryption/{closure}(Object(Illuminate/Foundation/Application), Array)
#5 D:/starcurrecy/vendor/laravel/framework/src/Illuminate/Container/Container.php(832): Illuminate/Container/Container->build(Object(Closure))
#6 D:/starcurrecy/vendor/laravel/framework/src/Illuminate/Foundation/Application.php(1078): Illuminate/Container/Container->resolve('encrypter', Array, true)
#7 D:/starcurrecy/vendor/laravel/framework/src/Illuminate/Container/Container.php(763): Illuminate/Foundation/Application->resolve('encrypter', Array)
#8 D:/starcurrecy/vendor/laravel/framework/src/Illuminate/Foundation/Application.php(1058): Illuminate/Container/Container->make('encrypter', Array)
#9 D:/starcurrecy/vendor/laravel/framework/src/Illuminate/Container/Container.php(1133): Illuminate/Foundation/Application->make('encrypter')
#10 D:/starcurrecy/vendor/laravel/framework/src/Illuminate/Container/Container.php(1043): Illuminate/Container/Container->resolveClass(Object(ReflectionParameter))
#11 D:/starcurrecy/vendor/laravel/framework/src/Illuminate/Container/Container.php(994): Illuminate/Container/Container->resolveDependencies(Array)
#12 D:/starcurrecy/vendor/laravel/framework/src/Illuminate/Container/Container.php(832): Illuminate/Container/Container->build('Illuminate//Cook...')
#13 D:/starcurrecy/vendor/laravel/framework/src/Illuminate/Foundation/Application.php(1078): Illuminate/Container/Container->resolve('Illuminate//Cook...', Array, true)
#14 D:/starcurrecy/vendor/laravel/framework/src/Illuminate/Container/Container.php(763): Illuminate/Foundation/Application->resolve('Illuminate//Cook...', Array)
#15 D:/starcurrecy/vendor/laravel/framework/src/Illuminate/Foundation/Application.php(1058): Illuminate/Container/Container->make('Illuminate//Cook...', Array)
#16 D:/starcurrecy/vendor/laravel/framework/src/Illuminate/Foundation/Http/Kernel.php(258): Illuminate/Foundation/Application->make('Illuminate//Cook...')
#17 D:/starcurrecy/vendor/laravel/framework/src/Illuminate/Foundation/Http/Kernel.php(216): Illuminate/Foundation/Http/Kernel->terminateMiddleware(Object(Illuminate/Http/Request), Object(Illuminate/Http/Response))
#18 D:/starcurrecy/vendor/laravel/framework/src/Illuminate/Foundation/Application.php(1222): Illuminate/Foundation/Http/Kernel->terminate(Object(Illuminate/Http/Request), Object(Illuminate/Http/Response))
#19 D:/starcurrecy/public/index.php(20): Illuminate/Foundation/Application->handleRequest(Object(Illuminate/Http/Request))
#20 D:/starcurrecy/vendor/laravel/framework/src/Illuminate/Foundation/resources/server.php(23): require_once('D://starcurrecy//...')
#21 {main}
"} 
[2026-08-17 09:52:27] production.ERROR: No application encryption key has been specified. {"exception":"[object] (Illuminate\\Encryption\\MissingAppKeyException(code: 0): No application encryption key has been specified. at D:/starcurrecy/vendor/laravel/framework/src/Illuminate/Encryption/EncryptionServiceProvider.php:83)
[stacktrace]
#0 D:/starcurrecy/vendor/laravel/framework/src/Illuminate/Support/helpers.php(399): Illuminate/Encryption/EncryptionServiceProvider->Illuminate/Encryption/{closure}(NULL)
#1 D:/starcurrecy/vendor/laravel/framework/src/Illuminate/Encryption/EncryptionServiceProvider.php(81): tap(NULL, Object(Closure))
#2 D:/starcurrecy/vendor/laravel/framework/src/Illuminate/Encryption/EncryptionServiceProvider.php(64): Illuminate/Encryption/EncryptionServiceProvider->key(Array)
#3 D:/starcurrecy/vendor/laravel/framework/src/Illuminate/Encryption/EncryptionServiceProvider.php(32): Illuminate/Encryption/EncryptionServiceProvider->parseKey(Array)
#4 D:/starcurrecy/vendor/laravel/framework/src/Illuminate/Container/Container.php(952): Illuminate/Encryption/EncryptionServiceProvider->Illuminate/Encryption/{closure}(Object(Illuminate/Foundation/Application), Array)
#5 D:/starcurrecy/vendor/laravel/framework/src/Illuminate/Container/Container.php(832): Illuminate/Container/Container->build(Object(Closure))
#6 D:/starcurrecy/vendor/laravel/framework/src/Illuminate/Foundation/Application.php(1078): Illuminate/Container/Container->resolve('encrypter', Array, true)
#7 D:/starcurrecy/vendor/laravel/framework/src/Illuminate/Container/Container.php(763): Illuminate/Foundation/Application->resolve('encrypter', Array)
#8 D:/starcurrecy/vendor/laravel/framework/src/Illuminate/Foundation/Application.php(1058): Illuminate/Container/Container->make('encrypter', Array)
#9 D:/starcurrecy/vendor/laravel/framework/src/Illuminate/Container/Container.php(1133): Illuminate/Foundation/Application->make('encrypter')
#10 D:/starcurrecy/vendor/laravel/framework/src/Illuminate/Container/Container.php(1043): Illuminate/Container/Container->resolveClass(Object(ReflectionParameter))
#11 D:/starcurrecy/vendor/laravel/framework/src/Illuminate/Container/Container.php(994): Illuminate/Container/Container->resolveDependencies(Array)
#12 D:/starcurrecy/vendor/laravel/framework/src/Illuminate/Container/Container.php(832): Illuminate/Container/Container->build('Illuminate//Cook...')
#13 D:/starcurrecy/vendor/laravel/framework/src/Illuminate/Foundation/Application.php(1078): Illuminate/Container/Container->resolve('Illuminate//Cook...', Array, true)
#14 D:/starcurrecy/vendor/laravel/framework/src/Illuminate/Container/Container.php(763): Illuminate/Foundation/Application->resolve('Illuminate//Cook...', Array)
#15 D:/starcurrecy/vendor/laravel/framework/src/Illuminate/Foundation/Application.php(1058): Illuminate/Container/Container->make('Illuminate//Cook...', Array)
#16 D:/starcurrecy/vendor/laravel/framework/src/Illuminate/Pipeline/Pipeline.php(198): Illuminate/Foundation/Application->make('Illuminate//Cook...')
#17 D:/starcurrecy/vendor/laravel/framework/src/Illuminate/Pipeline/Pipeline.php(127): Illuminate/Pipeline/Pipeline->Illuminate/Pipeline/{closure}(Object(Illuminate/Http/Request))
#18 D:/starcurrecy/vendor/laravel/framework/src/Illuminate/Routing/Router.php(807): Illuminate/Pipeline/Pipeline->then(Object(Closure))
#19 D:/starcurrecy/vendor/laravel/framework/src/Illuminate/Routing/Router.php(786): Illuminate/Routing/Router->runRouteWithinStack(Object(Illuminate/Routing/Route), Object(Illuminate/Http/Request))
#20 D:/starcurrecy/vendor/laravel/framework/src/Illuminate/Routing/Router.php(750): Illuminate/Routing/Router->runRoute(Object(Illuminate/Http/Request), Object(Illuminate/Routing/Route))
#21 D:/starcurrecy/vendor/laravel/framework/src/Illuminate/Routing/Router.php(739): Illuminate/Routing/Router->dispatchToRoute(Object(Illuminate/Http/Request))
#22 D:/starcurrecy/vendor/laravel/framework/src/Illuminate/Foundation/Http/Kernel.php(201): Illuminate/Routing/Router->dispatch(Object(Illuminate/Http/Request))
#23 D:/starcurrecy/vendor/laravel/framework/src/Illuminate/Pipeline/Pipeline.php(170): Illuminate/Foundation/Http/Kernel->Illuminate/Foundation/Http/{closure}(Object(Illuminate/Http/Request))
#24 D:/starcurrecy/vendor/laravel/framework/src/Illuminate/Foundation/Http/Middleware/TransformsRequest.php(21): Illuminate/Pipeline/Pipeline->Illuminate/Pipeline/{closure}(Object(Illuminate/Http/Request))
#25 D:/starcurrecy/vendor/laravel/framework/src/Illuminate/Foundation/Http/Middleware/ConvertEmptyStringsToNull.php(31): Illuminate/Foundation/Http/Middleware/TransformsRequest->handle(Object(Illuminate/Http/Request), Object(Closure))
#26 D:/starcurrecy/vendor/laravel/framework/src/Illuminate/Pipeline/Pipeline.php(209): Illuminate/Foundation/Http/Middleware/ConvertEmptyStringsToNull->handle(Object(Illuminate/Http/Request), Object(Closure))
#27 D:/starcurrecy/vendor/laravel/framework/src/Illuminate/Foundation/Http/Middleware/TransformsRequest.php(21): Illuminate/Pipeline/Pipeline->Illuminate/Pipeline/{closure}(Object(Illuminate/Http/Request))
#28 D:/starcurrecy/vendor/laravel/framework/src/Illuminate/Foundation/Http/Middleware/TrimStrings.php(51): Illuminate/Foundation/Http/Middleware/TransformsRequest->handle(Object(Illuminate/Http/Request), Object(Closure))
#29 D:/starcurrecy/vendor/laravel/framework/src/Illuminate/Pipeline/Pipeline.php(209): Illuminate/Foundation/Http/Middleware/TrimStrings->handle(Object(Illuminate/Http/Request), Object(Closure))
#30 D:/starcurrecy/vendor/laravel/framework/src/Illuminate/Http/Middleware/ValidatePostSize.php(27): Illuminate/Pipeline/Pipeline->Illuminate/Pipeline/{closure}(Object(Illuminate/Http/Request))
#31 D:/starcurrecy/vendor/laravel/framework/src/Illuminate/Pipeline/Pipeline.php(209): Illuminate/Http/Middleware/ValidatePostSize->handle(Object(Illuminate/Http/Request), Object(Closure))
#32 D:/starcurrecy/vendor/laravel/framework/src/Illuminate/Foundation/Http/Middleware/PreventRequestsDuringMaintenance.php(110): Illuminate/Pipeline/Pipeline->Illuminate/Pipeline/{closure}(Object(Illuminate/Http/Request))
#33 D:/starcurrecy/vendor/laravel/framework/src/Illuminate/Pipeline/Pipeline.php(209): Illuminate/Foundation/Http/Middleware/PreventRequestsDuringMaintenance->handle(Object(Illuminate/Http/Request), Object(Closure))
#34 D:/starcurrecy/vendor/laravel/framework/src/Illuminate/Http/Middleware/HandleCors.php(49): Illuminate/Pipeline/Pipeline->Illuminate/Pipeline/{closure}(Object(Illuminate/Http/Request))
#35 D:/starcurrecy/vendor/laravel/framework/src/Illuminate/Pipeline/Pipeline.php(209): Illuminate/Http/Middleware/HandleCors->handle(Object(Illuminate/Http/Request), Object(Closure))
#36 D:/starcurrecy/vendor/laravel/framework/src/Illuminate/Http/Middleware/TrustProxies.php(58): Illuminate/Pipeline/Pipeline->Illuminate/Pipeline/{closure}(Object(Illuminate/Http/Request))
#37 D:/starcurrecy/vendor/laravel/framework/src/Illuminate/Pipeline/Pipeline.php(209): Illuminate/Http/Middleware/TrustProxies->handle(Object(Illuminate/Http/Request), Object(Closure))
#38 D:/starcurrecy/vendor/laravel/framework/src/Illuminate/Foundation/Http/Middleware/InvokeDeferredCallbacks.php(22): Illuminate/Pipeline/Pipeline->Illuminate/Pipeline/{closure}(Object(Illuminate/Http/Request))
#39 D:/starcurrecy/vendor/laravel/framework/src/Illuminate/Pipeline/Pipeline.php(209): Illuminate/Foundation/Http/Middleware/InvokeDeferredCallbacks->handle(Object(Illuminate/Http/Request), Object(Closure))
#40 D:/starcurrecy/vendor/laravel/framework/src/Illuminate/Pipeline/Pipeline.php(127): Illuminate/Pipeline/Pipeline->Illuminate/Pipeline/{closure}(Object(Illuminate/Http/Request))
#41 D:/starcurrecy/vendor/laravel/framework/src/Illuminate/Foundation/Http/Kernel.php(176): Illuminate/Pipeline/Pipeline->then(Object(Closure))
#42 D:/starcurrecy/vendor/laravel/framework/src/Illuminate/Foundation/Http/Kernel.php(145): Illuminate/Foundation/Http/Kernel->sendRequestThroughRouter(Object(Illuminate/Http/Request))
#43 D:/starcurrecy/vendor/laravel/framework/src/Illuminate/Foundation/Application.php(1220): Illuminate/Foundation/Http/Kernel->handle(Object(Illuminate/Http/Request))
#44 D:/starcurrecy/public/index.php(20): Illuminate/Foundation/Application->handleRequest(Object(Illuminate/Http/Request))
#45 D:/starcurrecy/vendor/laravel/framework/src/Illuminate/Foundation/resources/server.php(23): require_once('D://starcurrecy//...')
#46 {main}
"} 
[2026-08-17 09:52:27] production.ERROR: No application encryption key has been specified. {"exception":"[object] (Illuminate\\Encryption\\MissingAppKeyException(code: 0): No application encryption key has been specified. at D:/starcurrecy/vendor/laravel/framework/src/Illuminate/Encryption/EncryptionServiceProvider.php:83)
[stacktrace]
#0 D:/starcurrecy/vendor/laravel/framework/src/Illuminate/Support/helpers.php(399): Illuminate/Encryption/EncryptionServiceProvider->Illuminate/Encryption/{closure}(NULL)
#1 D:/starcurrecy/vendor/laravel/framework/src/Illuminate/Encryption/EncryptionServiceProvider.php(81): tap(NULL, Object(Closure))
#2 D:/starcurrecy/vendor/laravel/framework/src/Illuminate/Encryption/EncryptionServiceProvider.php(64): Illuminate/Encryption/EncryptionServiceProvider->key(Array)
#3 D:/starcurrecy/vendor/laravel/framework/src/Illuminate/Encryption/EncryptionServiceProvider.php(32): Illuminate/Encryption/EncryptionServiceProvider->parseKey(Array)
#4 D:/starcurrecy/vendor/laravel/framework/src/Illuminate/Container/Container.php(952): Illuminate/Encryption/EncryptionServiceProvider->Illuminate/Encryption/{closure}(Object(Illuminate/Foundation/Application), Array)
#5 D:/starcurrecy/vendor/laravel/framework/src/Illuminate/Container/Container.php(832): Illuminate/Container/Container->build(Object(Closure))
#6 D:/starcurrecy/vendor/laravel/framework/src/Illuminate/Foundation/Application.php(1078): Illuminate/Container/Container->resolve('encrypter', Array, true)
#7 D:/starcurrecy/vendor/laravel/framework/src/Illuminate/Container/Container.php(763): Illuminate/Foundation/Application->resolve('encrypter', Array)
#8 D:/starcurrecy/vendor/laravel/framework/src/Illuminate/Foundation/Application.php(1058): Illuminate/Container/Container->make('encrypter', Array)
#9 D:/starcurrecy/vendor/laravel/framework/src/Illuminate/Container/Container.php(1133): Illuminate/Foundation/Application->make('encrypter')
#10 D:/starcurrecy/vendor/laravel/framework/src/Illuminate/Container/Container.php(1043): Illuminate/Container/Container->resolveClass(Object(ReflectionParameter))
#11 D:/starcurrecy/vendor/laravel/framework/src/Illuminate/Container/Container.php(994): Illuminate/Container/Container->resolveDependencies(Array)
#12 D:/starcurrecy/vendor/laravel/framework/src/Illuminate/Container/Container.php(832): Illuminate/Container/Container->build('Illuminate//Cook...')
#13 D:/starcurrecy/vendor/laravel/framework/src/Illuminate/Foundation/Application.php(1078): Illuminate/Container/Container->resolve('Illuminate//Cook...', Array, true)
#14 D:/starcurrecy/vendor/laravel/framework/src/Illuminate/Container/Container.php(763): Illuminate/Foundation/Application->resolve('Illuminate//Cook...', Array)
#15 D:/starcurrecy/vendor/laravel/framework/src/Illuminate/Foundation/Application.php(1058): Illuminate/Container/Container->make('Illuminate//Cook...', Array)
#16 D:/starcurrecy/vendor/laravel/framework/src/Illuminate/Foundation/Http/Kernel.php(258): Illuminate/Foundation/Application->make('Illuminate//Cook...')
#17 D:/starcurrecy/vendor/laravel/framework/src/Illuminate/Foundation/Http/Kernel.php(216): Illuminate/Foundation/Http/Kernel->terminateMiddleware(Object(Illuminate/Http/Request), Object(Illuminate/Http/Response))
#18 D:/starcurrecy/vendor/laravel/framework/src/Illuminate/Foundation/Application.php(1222): Illuminate/Foundation/Http/Kernel->terminate(Object(Illuminate/Http/Request), Object(Illuminate/Http/Response))
#19 D:/starcurrecy/public/index.php(20): Illuminate/Foundation/Application->handleRequest(Object(Illuminate/Http/Request))
#20 D:/starcurrecy/vendor/laravel/framework/src/Illuminate/Foundation/resources/server.php(23): require_once('D://starcurrecy//...')
#21 {main}
"} 
[2026-08-17 09:52:27] production.ERROR: No application encryption key has been specified. {"exception":"[object] (Illuminate\\Encryption\\MissingAppKeyException(code: 0): No application encryption key has been specified. at D:/starcurrecy/vendor/laravel/framework/src/Illuminate/Encryption/EncryptionServiceProvider.php:83)
[stacktrace]
#0 D:/starcurrecy/vendor/laravel/framework/src/Illuminate/Support/helpers.php(399): Illuminate/Encryption/EncryptionServiceProvider->Illuminate/Encryption/{closure}(NULL)
#1 D:/starcurrecy/vendor/laravel/framework/src/Illuminate/Encryption/EncryptionServiceProvider.php(81): tap(NULL, Object(Closure))
#2 D:/starcurrecy/vendor/laravel/framework/src/Illuminate/Encryption/EncryptionServiceProvider.php(64): Illuminate/Encryption/EncryptionServiceProvider->key(Array)
#3 D:/starcurrecy/vendor/laravel/framework/src/Illuminate/Encryption/EncryptionServiceProvider.php(32): Illuminate/Encryption/EncryptionServiceProvider->parseKey(Array)
#4 D:/starcurrecy/vendor/laravel/framework/src/Illuminate/Container/Container.php(952): Illuminate/Encryption/EncryptionServiceProvider->Illuminate/Encryption/{closure}(Object(Illuminate/Foundation/Application), Array)
#5 D:/starcurrecy/vendor/laravel/framework/src/Illuminate/Container/Container.php(832): Illuminate/Container/Container->build(Object(Closure))
#6 D:/starcurrecy/vendor/laravel/framework/src/Illuminate/Foundation/Application.php(1078): Illuminate/Container/Container->resolve('encrypter', Array, true)
#7 D:/starcurrecy/vendor/laravel/framework/src/Illuminate/Container/Container.php(763): Illuminate/Foundation/Application->resolve('encrypter', Array)
#8 D:/starcurrecy/vendor/laravel/framework/src/Illuminate/Foundation/Application.php(1058): Illuminate/Container/Container->make('encrypter', Array)
#9 D:/starcurrecy/vendor/laravel/framework/src/Illuminate/Container/Container.php(1133): Illuminate/Foundation/Application->make('encrypter')
#10 D:/starcurrecy/vendor/laravel/framework/src/Illuminate/Container/Container.php(1043): Illuminate/Container/Container->resolveClass(Object(ReflectionParameter))
#11 D:/starcurrecy/vendor/laravel/framework/src/Illuminate/Container/Container.php(994): Illuminate/Container/Container->resolveDependencies(Array)
#12 D:/starcurrecy/vendor/laravel/framework/src/Illuminate/Container/Container.php(832): Illuminate/Container/Container->build('Illuminate//Cook...')
#13 D:/starcurrecy/vendor/laravel/framework/src/Illuminate/Foundation/Application.php(1078): Illuminate/Container/Container->resolve('Illuminate//Cook...', Array, true)
#14 D:/starcurrecy/vendor/laravel/framework/src/Illuminate/Container/Container.php(763): Illuminate/Foundation/Application->resolve('Illuminate//Cook...', Array)
#15 D:/starcurrecy/vendor/laravel/framework/src/Illuminate/Foundation/Application.php(1058): Illuminate/Container/Container->make('Illuminate//Cook...', Array)
#16 D:/starcurrecy/vendor/laravel/framework/src/Illuminate/Pipeline/Pipeline.php(198): Illuminate/Foundation/Application->make('Illuminate//Cook...')
#17 D:/starcurrecy/vendor/laravel/framework/src/Illuminate/Pipeline/Pipeline.php(127): Illuminate/Pipeline/Pipeline->Illuminate/Pipeline/{closure}(Object(Illuminate/Http/Request))
#18 D:/starcurrecy/vendor/laravel/framework/src/Illuminate/Routing/Router.php(807): Illuminate/Pipeline/Pipeline->then(Object(Closure))
#19 D:/starcurrecy/vendor/laravel/framework/src/Illuminate/Routing/Router.php(786): Illuminate/Routing/Router->runRouteWithinStack(Object(Illuminate/Routing/Route), Object(Illuminate/Http/Request))
#20 D:/starcurrecy/vendor/laravel/framework/src/Illuminate/Routing/Router.php(750): Illuminate/Routing/Router->runRoute(Object(Illuminate/Http/Request), Object(Illuminate/Routing/Route))
#21 D:/starcurrecy/vendor/laravel/framework/src/Illuminate/Routing/Router.php(739): Illuminate/Routing/Router->dispatchToRoute(Object(Illuminate/Http/Request))
#22 D:/starcurrecy/vendor/laravel/framework/src/Illuminate/Foundation/Http/Kernel.php(201): Illuminate/Routing/Router->dispatch(Object(Illuminate/Http/Request))
#23 D:/starcurrecy/vendor/laravel/framework/src/Illuminate/Pipeline/Pipeline.php(170): Illuminate/Foundation/Http/Kernel->Illuminate/Foundation/Http/{closure}(Object(Illuminate/Http/Request))
#24 D:/starcurrecy/vendor/laravel/framework/src/Illuminate/Foundation/Http/Middleware/TransformsRequest.php(21): Illuminate/Pipeline/Pipeline->Illuminate/Pipeline/{closure}(Object(Illuminate/Http/Request))
#25 D:/starcurrecy/vendor/laravel/framework/src/Illuminate/Foundation/Http/Middleware/ConvertEmptyStringsToNull.php(31): Illuminate/Foundation/Http/Middleware/TransformsRequest->handle(Object(Illuminate/Http/Request), Object(Closure))
#26 D:/starcurrecy/vendor/laravel/framework/src/Illuminate/Pipeline/Pipeline.php(209): Illuminate/Foundation/Http/Middleware/ConvertEmptyStringsToNull->handle(Object(Illuminate/Http/Request), Object(Closure))
#27 D:/starcurrecy/vendor/laravel/framework/src/Illuminate/Foundation/Http/Middleware/TransformsRequest.php(21): Illuminate/Pipeline/Pipeline->Illuminate/Pipeline/{closure}(Object(Illuminate/Http/Request))
#28 D:/starcurrecy/vendor/laravel/framework/src/Illuminate/Foundation/Http/Middleware/TrimStrings.php(51): Illuminate/Foundation/Http/Middleware/TransformsRequest->handle(Object(Illuminate/Http/Request), Object(Closure))
#29 D:/starcurrecy/vendor/laravel/framework/src/Illuminate/Pipeline/Pipeline.php(209): Illuminate/Foundation/Http/Middleware/TrimStrings->handle(Object(Illuminate/Http/Request), Object(Closure))
#30 D:/starcurrecy/vendor/laravel/framework/src/Illuminate/Http/Middleware/ValidatePostSize.php(27): Illuminate/Pipeline/Pipeline->Illuminate/Pipeline/{closure}(Object(Illuminate/Http/Request))
#31 D:/starcurrecy/vendor/laravel/framework/src/Illuminate/Pipeline/Pipeline.php(209): Illuminate/Http/Middleware/ValidatePostSize->handle(Object(Illuminate/Http/Request), Object(Closure))
#32 D:/starcurrecy/vendor/laravel/framework/src/Illuminate/Foundation/Http/Middleware/PreventRequestsDuringMaintenance.php(110): Illuminate/Pipeline/Pipeline->Illuminate/Pipeline/{closure}(Object(Illuminate/Http/Request))
#33 D:/starcurrecy/vendor/laravel/framework/src/Illuminate/Pipeline/Pipeline.php(209): Illuminate/Foundation/Http/Middleware/PreventRequestsDuringMaintenance->handle(Object(Illuminate/Http/Request), Object(Closure))
#34 D:/starcurrecy/vendor/laravel/framework/src/Illuminate/Http/Middleware/HandleCors.php(49): Illuminate/Pipeline/Pipeline->Illuminate/Pipeline/{closure}(Object(Illuminate/Http/Request))
#35 D:/starcurrecy/vendor/laravel/framework/src/Illuminate/Pipeline/Pipeline.php(209): Illuminate/Http/Middleware/HandleCors->handle(Object(Illuminate/Http/Request), Object(Closure))
#36 D:/starcurrecy/vendor/laravel/framework/src/Illuminate/Http/Middleware/TrustProxies.php(58): Illuminate/Pipeline/Pipeline->Illuminate/Pipeline/{closure}(Object(Illuminate/Http/Request))
#37 D:/starcurrecy/vendor/laravel/framework/src/Illuminate/Pipeline/Pipeline.php(209): Illuminate/Http/Middleware/TrustProxies->handle(Object(Illuminate/Http/Request), Object(Closure))
#38 D:/starcurrecy/vendor/laravel/framework/src/Illuminate/Foundation/Http/Middleware/InvokeDeferredCallbacks.php(22): Illuminate/Pipeline/Pipeline->Illuminate/Pipeline/{closure}(Object(Illuminate/Http/Request))
#39 D:/starcurrecy/vendor/laravel/framework/src/Illuminate/Pipeline/Pipeline.php(209): Illuminate/Foundation/Http/Middleware/InvokeDeferredCallbacks->handle(Object(Illuminate/Http/Request), Object(Closure))
#40 D:/starcurrecy/vendor/laravel/framework/src/Illuminate/Pipeline/Pipeline.php(127): Illuminate/Pipeline/Pipeline->Illuminate/Pipeline/{closure}(Object(Illuminate/Http/Request))
#41 D:/starcurrecy/vendor/laravel/framework/src/Illuminate/Foundation/Http/Kernel.php(176): Illuminate/Pipeline/Pipeline->then(Object(Closure))
#42 D:/starcurrecy/vendor/laravel/framework/src/Illuminate/Foundation/Http/Kernel.php(145): Illuminate/Foundation/Http/Kernel->sendRequestThroughRouter(Object(Illuminate/Http/Request))
#43 D:/starcurrecy/vendor/laravel/framework/src/Illuminate/Foundation/Application.php(1220): Illuminate/Foundation/Http/Kernel->handle(Object(Illuminate/Http/Request))
#44 D:/starcurrecy/public/index.php(20): Illuminate/Foundation/Application->handleRequest(Object(Illuminate/Http/Request))
#45 D:/starcurrecy/vendor/laravel/framework/src/Illuminate/Foundation/resources/server.php(23): require_once('D://starcurrecy//...')
#46 {main}
"} 
[2026-08-17 09:52:27] production.ERROR: No application encryption key has been specified. {"exception":"[object] (Illuminate\\Encryption\\MissingAppKeyException(code: 0): No application encryption key has been specified. at D:/starcurrecy/vendor/laravel/framework/src/Illuminate/Encryption/EncryptionServiceProvider.php:83)
[stacktrace]
#0 D:/starcurrecy/vendor/laravel/framework/src/Illuminate/Support/helpers.php(399): Illuminate/Encryption/EncryptionServiceProvider->Illuminate/Encryption/{closure}(NULL)
#1 D:/starcurrecy/vendor/laravel/framework/src/Illuminate/Encryption/EncryptionServiceProvider.php(81): tap(NULL, Object(Closure))
#2 D:/starcurrecy/vendor/laravel/framework/src/Illuminate/Encryption/EncryptionServiceProvider.php(64): Illuminate/Encryption/EncryptionServiceProvider->key(Array)
#3 D:/starcurrecy/vendor/laravel/framework/src/Illuminate/Encryption/EncryptionServiceProvider.php(32): Illuminate/Encryption/EncryptionServiceProvider->parseKey(Array)
#4 D:/starcurrecy/vendor/laravel/framework/src/Illuminate/Container/Container.php(952): Illuminate/Encryption/EncryptionServiceProvider->Illuminate/Encryption/{closure}(Object(Illuminate/Foundation/Application), Array)
#5 D:/starcurrecy/vendor/laravel/framework/src/Illuminate/Container/Container.php(832): Illuminate/Container/Container->build(Object(Closure))
#6 D:/starcurrecy/vendor/laravel/framework/src/Illuminate/Foundation/Application.php(1078): Illuminate/Container/Container->resolve('encrypter', Array, true)
#7 D:/starcurrecy/vendor/laravel/framework/src/Illuminate/Container/Container.php(763): Illuminate/Foundation/Application->resolve('encrypter', Array)
#8 D:/starcurrecy/vendor/laravel/framework/src/Illuminate/Foundation/Application.php(1058): Illuminate/Container/Container->make('encrypter', Array)
#9 D:/starcurrecy/vendor/laravel/framework/src/Illuminate/Container/Container.php(1133): Illuminate/Foundation/Application->make('encrypter')
#10 D:/starcurrecy/vendor/laravel/framework/src/Illuminate/Container/Container.php(1043): Illuminate/Container/Container->resolveClass(Object(ReflectionParameter))
#11 D:/starcurrecy/vendor/laravel/framework/src/Illuminate/Container/Container.php(994): Illuminate/Container/Container->resolveDependencies(Array)
#12 D:/starcurrecy/vendor/laravel/framework/src/Illuminate/Container/Container.php(832): Illuminate/Container/Container->build('Illuminate//Cook...')
#13 D:/starcurrecy/vendor/laravel/framework/src/Illuminate/Foundation/Application.php(1078): Illuminate/Container/Container->resolve('Illuminate//Cook...', Array, true)
#14 D:/starcurrecy/vendor/laravel/framework/src/Illuminate/Container/Container.php(763): Illuminate/Foundation/Application->resolve('Illuminate//Cook...', Array)
#15 D:/starcurrecy/vendor/laravel/framework/src/Illuminate/Foundation/Application.php(1058): Illuminate/Container/Container->make('Illuminate//Cook...', Array)
#16 D:/starcurrecy/vendor/laravel/framework/src/Illuminate/Foundation/Http/Kernel.php(258): Illuminate/Foundation/Application->make('Illuminate//Cook...')
#17 D:/starcurrecy/vendor/laravel/framework/src/Illuminate/Foundation/Http/Kernel.php(216): Illuminate/Foundation/Http/Kernel->terminateMiddleware(Object(Illuminate/Http/Request), Object(Illuminate/Http/Response))
#18 D:/starcurrecy/vendor/laravel/framework/src/Illuminate/Foundation/Application.php(1222): Illuminate/Foundation/Http/Kernel->terminate(Object(Illuminate/Http/Request), Object(Illuminate/Http/Response))
#19 D:/starcurrecy/public/index.php(20): Illuminate/Foundation/Application->handleRequest(Object(Illuminate/Http/Request))
#20 D:/starcurrecy/vendor/laravel/framework/src/Illuminate/Foundation/resources/server.php(23): require_once('D://starcurrecy//...')
#21 {main}
"} 
[2026-08-17 09:52:42] production.ERROR: No application encryption key has been specified. {"exception":"[object] (Illuminate\\Encryption\\MissingAppKeyException(code: 0): No application encryption key has been specified. at D:/starcurrecy/vendor/laravel/framework/src/Illuminate/Encryption/EncryptionServiceProvider.php:83)
[stacktrace]
#0 D:/starcurrecy/vendor/laravel/framework/src/Illuminate/Support/helpers.php(399): Illuminate/Encryption/EncryptionServiceProvider->Illuminate/Encryption/{closure}(NULL)
#1 D:/starcurrecy/vendor/laravel/framework/src/Illuminate/Encryption/EncryptionServiceProvider.php(81): tap(NULL, Object(Closure))
#2 D:/starcurrecy/vendor/laravel/framework/src/Illuminate/Encryption/EncryptionServiceProvider.php(64): Illuminate/Encryption/EncryptionServiceProvider->key(Array)
#3 D:/starcurrecy/vendor/laravel/framework/src/Illuminate/Encryption/EncryptionServiceProvider.php(32): Illuminate/Encryption/EncryptionServiceProvider->parseKey(Array)
#4 D:/starcurrecy/vendor/laravel/framework/src/Illuminate/Container/Container.php(952): Illuminate/Encryption/EncryptionServiceProvider->Illuminate/Encryption/{closure}(Object(Illuminate/Foundation/Application), Array)
#5 D:/starcurrecy/vendor/laravel/framework/src/Illuminate/Container/Container.php(832): Illuminate/Container/Container->build(Object(Closure))
#6 D:/starcurrecy/vendor/laravel/framework/src/Illuminate/Foundation/Application.php(1078): Illuminate/Container/Container->resolve('encrypter', Array, true)
#7 D:/starcurrecy/vendor/laravel/framework/src/Illuminate/Container/Container.php(763): Illuminate/Foundation/Application->resolve('encrypter', Array)
#8 D:/starcurrecy/vendor/laravel/framework/src/Illuminate/Foundation/Application.php(1058): Illuminate/Container/Container->make('encrypter', Array)
#9 D:/starcurrecy/vendor/laravel/framework/src/Illuminate/Container/Container.php(1133): Illuminate/Foundation/Application->make('encrypter')
#10 D:/starcurrecy/vendor/laravel/framework/src/Illuminate/Container/Container.php(1043): Illuminate/Container/Container->resolveClass(Object(ReflectionParameter))
#11 D:/starcurrecy/vendor/laravel/framework/src/Illuminate/Container/Container.php(994): Illuminate/Container/Container->resolveDependencies(Array)
#12 D:/starcurrecy/vendor/laravel/framework/src/Illuminate/Container/Container.php(832): Illuminate/Container/Container->build('Illuminate//Cook...')
#13 D:/starcurrecy/vendor/laravel/framework/src/Illuminate/Foundation/Application.php(1078): Illuminate/Container/Container->resolve('Illuminate//Cook...', Array, true)
#14 D:/starcurrecy/vendor/laravel/framework/src/Illuminate/Container/Container.php(763): Illuminate/Foundation/Application->resolve('Illuminate//Cook...', Array)
#15 D:/starcurrecy/vendor/laravel/framework/src/Illuminate/Foundation/Application.php(1058): Illuminate/Container/Container->make('Illuminate//Cook...', Array)
#16 D:/starcurrecy/vendor/laravel/framework/src/Illuminate/Pipeline/Pipeline.php(198): Illuminate/Foundation/Application->make('Illuminate//Cook...')
#17 D:/starcurrecy/vendor/laravel/framework/src/Illuminate/Pipeline/Pipeline.php(127): Illuminate/Pipeline/Pipeline->Illuminate/Pipeline/{closure}(Object(Illuminate/Http/Request))
#18 D:/starcurrecy/vendor/laravel/framework/src/Illuminate/Routing/Router.php(807): Illuminate/Pipeline/Pipeline->then(Object(Closure))
#19 D:/starcurrecy/vendor/laravel/framework/src/Illuminate/Routing/Router.php(786): Illuminate/Routing/Router->runRouteWithinStack(Object(Illuminate/Routing/Route), Object(Illuminate/Http/Request))
#20 D:/starcurrecy/vendor/laravel/framework/src/Illuminate/Routing/Router.php(750): Illuminate/Routing/Router->runRoute(Object(Illuminate/Http/Request), Object(Illuminate/Routing/Route))
#21 D:/starcurrecy/vendor/laravel/framework/src/Illuminate/Routing/Router.php(739): Illuminate/Routing/Router->dispatchToRoute(Object(Illuminate/Http/Request))
#22 D:/starcurrecy/vendor/laravel/framework/src/Illuminate/Foundation/Http/Kernel.php(201): Illuminate/Routing/Router->dispatch(Object(Illuminate/Http/Request))
#23 D:/starcurrecy/vendor/laravel/framework/src/Illuminate/Pipeline/Pipeline.php(170): Illuminate/Foundation/Http/Kernel->Illuminate/Foundation/Http/{closure}(Object(Illuminate/Http/Request))
#24 D:/starcurrecy/vendor/laravel/framework/src/Illuminate/Foundation/Http/Middleware/TransformsRequest.php(21): Illuminate/Pipeline/Pipeline->Illuminate/Pipeline/{closure}(Object(Illuminate/Http/Request))
#25 D:/starcurrecy/vendor/laravel/framework/src/Illuminate/Foundation/Http/Middleware/ConvertEmptyStringsToNull.php(31): Illuminate/Foundation/Http/Middleware/TransformsRequest->handle(Object(Illuminate/Http/Request), Object(Closure))
#26 D:/starcurrecy/vendor/laravel/framework/src/Illuminate/Pipeline/Pipeline.php(209): Illuminate/Foundation/Http/Middleware/ConvertEmptyStringsToNull->handle(Object(Illuminate/Http/Request), Object(Closure))
#27 D:/starcurrecy/vendor/laravel/framework/src/Illuminate/Foundation/Http/Middleware/TransformsRequest.php(21): Illuminate/Pipeline/Pipeline->Illuminate/Pipeline/{closure}(Object(Illuminate/Http/Request))
#28 D:/starcurrecy/vendor/laravel/framework/src/Illuminate/Foundation/Http/Middleware/TrimStrings.php(51): Illuminate/Foundation/Http/Middleware/TransformsRequest->handle(Object(Illuminate/Http/Request), Object(Closure))
#29 D:/starcurrecy/vendor/laravel/framework/src/Illuminate/Pipeline/Pipeline.php(209): Illuminate/Foundation/Http/Middleware/TrimStrings->handle(Object(Illuminate/Http/Request), Object(Closure))
#30 D:/starcurrecy/vendor/laravel/framework/src/Illuminate/Http/Middleware/ValidatePostSize.php(27): Illuminate/Pipeline/Pipeline->Illuminate/Pipeline/{closure}(Object(Illuminate/Http/Request))
#31 D:/starcurrecy/vendor/laravel/framework/src/Illuminate/Pipeline/Pipeline.php(209): Illuminate/Http/Middleware/ValidatePostSize->handle(Object(Illuminate/Http/Request), Object(Closure))
#32 D:/starcurrecy/vendor/laravel/framework/src/Illuminate/Foundation/Http/Middleware/PreventRequestsDuringMaintenance.php(110): Illuminate/Pipeline/Pipeline->Illuminate/Pipeline/{closure}(Object(Illuminate/Http/Request))
#33 D:/starcurrecy/vendor/laravel/framework/src/Illuminate/Pipeline/Pipeline.php(209): Illuminate/Foundation/Http/Middleware/PreventRequestsDuringMaintenance->handle(Object(Illuminate/Http/Request), Object(Closure))
#34 D:/starcurrecy/vendor/laravel/framework/src/Illuminate/Http/Middleware/HandleCors.php(49): Illuminate/Pipeline/Pipeline->Illuminate/Pipeline/{closure}(Object(Illuminate/Http/Request))
#35 D:/starcurrecy/vendor/laravel/framework/src/Illuminate/Pipeline/Pipeline.php(209): Illuminate/Http/Middleware/HandleCors->handle(Object(Illuminate/Http/Request), Object(Closure))
#36 D:/starcurrecy/vendor/laravel/framework/src/Illuminate/Http/Middleware/TrustProxies.php(58): Illuminate/Pipeline/Pipeline->Illuminate/Pipeline/{closure}(Object(Illuminate/Http/Request))
#37 D:/starcurrecy/vendor/laravel/framework/src/Illuminate/Pipeline/Pipeline.php(209): Illuminate/Http/Middleware/TrustProxies->handle(Object(Illuminate/Http/Request), Object(Closure))
#38 D:/starcurrecy/vendor/laravel/framework/src/Illuminate/Foundation/Http/Middleware/InvokeDeferredCallbacks.php(22): Illuminate/Pipeline/Pipeline->Illuminate/Pipeline/{closure}(Object(Illuminate/Http/Request))
#39 D:/starcurrecy/vendor/laravel/framework/src/Illuminate/Pipeline/Pipeline.php(209): Illuminate/Foundation/Http/Middleware/InvokeDeferredCallbacks->handle(Object(Illuminate/Http/Request), Object(Closure))
#40 D:/starcurrecy/vendor/laravel/framework/src/Illuminate/Pipeline/Pipeline.php(127): Illuminate/Pipeline/Pipeline->Illuminate/Pipeline/{closure}(Object(Illuminate/Http/Request))
#41 D:/starcurrecy/vendor/laravel/framework/src/Illuminate/Foundation/Http/Kernel.php(176): Illuminate/Pipeline/Pipeline->then(Object(Closure))
#42 D:/starcurrecy/vendor/laravel/framework/src/Illuminate/Foundation/Http/Kernel.php(145): Illuminate/Foundation/Http/Kernel->sendRequestThroughRouter(Object(Illuminate/Http/Request))
#43 D:/starcurrecy/vendor/laravel/framework/src/Illuminate/Foundation/Application.php(1220): Illuminate/Foundation/Http/Kernel->handle(Object(Illuminate/Http/Request))
#44 D:/starcurrecy/public/index.php(20): Illuminate/Foundation/Application->handleRequest(Object(Illuminate/Http/Request))
#45 D:/starcurrecy/vendor/laravel/framework/src/Illuminate/Foundation/resources/server.php(23): require_once('D://starcurrecy//...')
#46 {main}
"} 
[2026-08-17 09:52:42] production.ERROR: No application encryption key has been specified. {"exception":"[object] (Illuminate\\Encryption\\MissingAppKeyException(code: 0): No application encryption key has been specified. at D:/starcurrecy/vendor/laravel/framework/src/Illuminate/Encryption/EncryptionServiceProvider.php:83)
[stacktrace]
#0 D:/starcurrecy/vendor/laravel/framework/src/Illuminate/Support/helpers.php(399): Illuminate/Encryption/EncryptionServiceProvider->Illuminate/Encryption/{closure}(NULL)
#1 D:/starcurrecy/vendor/laravel/framework/src/Illuminate/Encryption/EncryptionServiceProvider.php(81): tap(NULL, Object(Closure))
#2 D:/starcurrecy/vendor/laravel/framework/src/Illuminate/Encryption/EncryptionServiceProvider.php(64): Illuminate/Encryption/EncryptionServiceProvider->key(Array)
#3 D:/starcurrecy/vendor/laravel/framework/src/Illuminate/Encryption/EncryptionServiceProvider.php(32): Illuminate/Encryption/EncryptionServiceProvider->parseKey(Array)
#4 D:/starcurrecy/vendor/laravel/framework/src/Illuminate/Container/Container.php(952): Illuminate/Encryption/EncryptionServiceProvider->Illuminate/Encryption/{closure}(Object(Illuminate/Foundation/Application), Array)
#5 D:/starcurrecy/vendor/laravel/framework/src/Illuminate/Container/Container.php(832): Illuminate/Container/Container->build(Object(Closure))
#6 D:/starcurrecy/vendor/laravel/framework/src/Illuminate/Foundation/Application.php(1078): Illuminate/Container/Container->resolve('encrypter', Array, true)
#7 D:/starcurrecy/vendor/laravel/framework/src/Illuminate/Container/Container.php(763): Illuminate/Foundation/Application->resolve('encrypter', Array)
#8 D:/starcurrecy/vendor/laravel/framework/src/Illuminate/Foundation/Application.php(1058): Illuminate/Container/Container->make('encrypter', Array)
#9 D:/starcurrecy/vendor/laravel/framework/src/Illuminate/Container/Container.php(1133): Illuminate/Foundation/Application->make('encrypter')
#10 D:/starcurrecy/vendor/laravel/framework/src/Illuminate/Container/Container.php(1043): Illuminate/Container/Container->resolveClass(Object(ReflectionParameter))
#11 D:/starcurrecy/vendor/laravel/framework/src/Illuminate/Container/Container.php(994): Illuminate/Container/Container->resolveDependencies(Array)
#12 D:/starcurrecy/vendor/laravel/framework/src/Illuminate/Container/Container.php(832): Illuminate/Container/Container->build('Illuminate//Cook...')
#13 D:/starcurrecy/vendor/laravel/framework/src/Illuminate/Foundation/Application.php(1078): Illuminate/Container/Container->resolve('Illuminate//Cook...', Array, true)
#14 D:/starcurrecy/vendor/laravel/framework/src/Illuminate/Container/Container.php(763): Illuminate/Foundation/Application->resolve('Illuminate//Cook...', Array)
#15 D:/starcurrecy/vendor/laravel/framework/src/Illuminate/Foundation/Application.php(1058): Illuminate/Container/Container->make('Illuminate//Cook...', Array)
#16 D:/starcurrecy/vendor/laravel/framework/src/Illuminate/Foundation/Http/Kernel.php(258): Illuminate/Foundation/Application->make('Illuminate//Cook...')
#17 D:/starcurrecy/vendor/laravel/framework/src/Illuminate/Foundation/Http/Kernel.php(216): Illuminate/Foundation/Http/Kernel->terminateMiddleware(Object(Illuminate/Http/Request), Object(Illuminate/Http/Response))
#18 D:/starcurrecy/vendor/laravel/framework/src/Illuminate/Foundation/Application.php(1222): Illuminate/Foundation/Http/Kernel->terminate(Object(Illuminate/Http/Request), Object(Illuminate/Http/Response))
#19 D:/starcurrecy/public/index.php(20): Illuminate/Foundation/Application->handleRequest(Object(Illuminate/Http/Request))
#20 D:/starcurrecy/vendor/laravel/framework/src/Illuminate/Foundation/resources/server.php(23): require_once('D://starcurrecy//...')
#21 {main}
"} 
[2026-08-17 09:53:25] production.ERROR: No application encryption key has been specified. {"exception":"[object] (Illuminate\\Encryption\\MissingAppKeyException(code: 0): No application encryption key has been specified. at D:/starcurrecy/vendor/laravel/framework/src/Illuminate/Encryption/EncryptionServiceProvider.php:83)
[stacktrace]
#0 D:/starcurrecy/vendor/laravel/framework/src/Illuminate/Support/helpers.php(399): Illuminate/Encryption/EncryptionServiceProvider->Illuminate/Encryption/{closure}(NULL)
#1 D:/starcurrecy/vendor/laravel/framework/src/Illuminate/Encryption/EncryptionServiceProvider.php(81): tap(NULL, Object(Closure))
#2 D:/starcurrecy/vendor/laravel/framework/src/Illuminate/Encryption/EncryptionServiceProvider.php(64): Illuminate/Encryption/EncryptionServiceProvider->key(Array)
#3 D:/starcurrecy/vendor/laravel/framework/src/Illuminate/Encryption/EncryptionServiceProvider.php(32): Illuminate/Encryption/EncryptionServiceProvider->parseKey(Array)
#4 D:/starcurrecy/vendor/laravel/framework/src/Illuminate/Container/Container.php(952): Illuminate/Encryption/EncryptionServiceProvider->Illuminate/Encryption/{closure}(Object(Illuminate/Foundation/Application), Array)
#5 D:/starcurrecy/vendor/laravel/framework/src/Illuminate/Container/Container.php(832): Illuminate/Container/Container->build(Object(Closure))
#6 D:/starcurrecy/vendor/laravel/framework/src/Illuminate/Foundation/Application.php(1078): Illuminate/Container/Container->resolve('encrypter', Array, true)
#7 D:/starcurrecy/vendor/laravel/framework/src/Illuminate/Container/Container.php(763): Illuminate/Foundation/Application->resolve('encrypter', Array)
#8 D:/starcurrecy/vendor/laravel/framework/src/Illuminate/Foundation/Application.php(1058): Illuminate/Container/Container->make('encrypter', Array)
#9 D:/starcurrecy/vendor/laravel/framework/src/Illuminate/Container/Container.php(1133): Illuminate/Foundation/Application->make('encrypter')
#10 D:/starcurrecy/vendor/laravel/framework/src/Illuminate/Container/Container.php(1043): Illuminate/Container/Container->resolveClass(Object(ReflectionParameter))
#11 D:/starcurrecy/vendor/laravel/framework/src/Illuminate/Container/Container.php(994): Illuminate/Container/Container->resolveDependencies(Array)
#12 D:/starcurrecy/vendor/laravel/framework/src/Illuminate/Container/Container.php(832): Illuminate/Container/Container->build('Illuminate//Cook...')
#13 D:/starcurrecy/vendor/laravel/framework/src/Illuminate/Foundation/Application.php(1078): Illuminate/Container/Container->resolve('Illuminate//Cook...', Array, true)
#14 D:/starcurrecy/vendor/laravel/framework/src/Illuminate/Container/Container.php(763): Illuminate/Foundation/Application->resolve('Illuminate//Cook...', Array)
#15 D:/starcurrecy/vendor/laravel/framework/src/Illuminate/Foundation/Application.php(1058): Illuminate/Container/Container->make('Illuminate//Cook...', Array)
#16 D:/starcurrecy/vendor/laravel/framework/src/Illuminate/Pipeline/Pipeline.php(198): Illuminate/Foundation/Application->make('Illuminate//Cook...')
#17 D:/starcurrecy/vendor/laravel/framework/src/Illuminate/Pipeline/Pipeline.php(127): Illuminate/Pipeline/Pipeline->Illuminate/Pipeline/{closure}(Object(Illuminate/Http/Request))
#18 D:/starcurrecy/vendor/laravel/framework/src/Illuminate/Routing/Router.php(807): Illuminate/Pipeline/Pipeline->then(Object(Closure))
#19 D:/starcurrecy/vendor/laravel/framework/src/Illuminate/Routing/Router.php(786): Illuminate/Routing/Router->runRouteWithinStack(Object(Illuminate/Routing/Route), Object(Illuminate/Http/Request))
#20 D:/starcurrecy/vendor/laravel/framework/src/Illuminate/Routing/Router.php(750): Illuminate/Routing/Router->runRoute(Object(Illuminate/Http/Request), Object(Illuminate/Routing/Route))
#21 D:/starcurrecy/vendor/laravel/framework/src/Illuminate/Routing/Router.php(739): Illuminate/Routing/Router->dispatchToRoute(Object(Illuminate/Http/Request))
#22 D:/starcurrecy/vendor/laravel/framework/src/Illuminate/Foundation/Http/Kernel.php(201): Illuminate/Routing/Router->dispatch(Object(Illuminate/Http/Request))
#23 D:/starcurrecy/vendor/laravel/framework/src/Illuminate/Pipeline/Pipeline.php(170): Illuminate/Foundation/Http/Kernel->Illuminate/Foundation/Http/{closure}(Object(Illuminate/Http/Request))
#24 D:/starcurrecy/vendor/laravel/framework/src/Illuminate/Foundation/Http/Middleware/TransformsRequest.php(21): Illuminate/Pipeline/Pipeline->Illuminate/Pipeline/{closure}(Object(Illuminate/Http/Request))
#25 D:/starcurrecy/vendor/laravel/framework/src/Illuminate/Foundation/Http/Middleware/ConvertEmptyStringsToNull.php(31): Illuminate/Foundation/Http/Middleware/TransformsRequest->handle(Object(Illuminate/Http/Request), Object(Closure))
#26 D:/starcurrecy/vendor/laravel/framework/src/Illuminate/Pipeline/Pipeline.php(209): Illuminate/Foundation/Http/Middleware/ConvertEmptyStringsToNull->handle(Object(Illuminate/Http/Request), Object(Closure))
#27 D:/starcurrecy/vendor/laravel/framework/src/Illuminate/Foundation/Http/Middleware/TransformsRequest.php(21): Illuminate/Pipeline/Pipeline->Illuminate/Pipeline/{closure}(Object(Illuminate/Http/Request))
#28 D:/starcurrecy/vendor/laravel/framework/src/Illuminate/Foundation/Http/Middleware/TrimStrings.php(51): Illuminate/Foundation/Http/Middleware/TransformsRequest->handle(Object(Illuminate/Http/Request), Object(Closure))
#29 D:/starcurrecy/vendor/laravel/framework/src/Illuminate/Pipeline/Pipeline.php(209): Illuminate/Foundation/Http/Middleware/TrimStrings->handle(Object(Illuminate/Http/Request), Object(Closure))
#30 D:/starcurrecy/vendor/laravel/framework/src/Illuminate/Http/Middleware/ValidatePostSize.php(27): Illuminate/Pipeline/Pipeline->Illuminate/Pipeline/{closure}(Object(Illuminate/Http/Request))
#31 D:/starcurrecy/vendor/laravel/framework/src/Illuminate/Pipeline/Pipeline.php(209): Illuminate/Http/Middleware/ValidatePostSize->handle(Object(Illuminate/Http/Request), Object(Closure))
#32 D:/starcurrecy/vendor/laravel/framework/src/Illuminate/Foundation/Http/Middleware/PreventRequestsDuringMaintenance.php(110): Illuminate/Pipeline/Pipeline->Illuminate/Pipeline/{closure}(Object(Illuminate/Http/Request))
#33 D:/starcurrecy/vendor/laravel/framework/src/Illuminate/Pipeline/Pipeline.php(209): Illuminate/Foundation/Http/Middleware/PreventRequestsDuringMaintenance->handle(Object(Illuminate/Http/Request), Object(Closure))
#34 D:/starcurrecy/vendor/laravel/framework/src/Illuminate/Http/Middleware/HandleCors.php(49): Illuminate/Pipeline/Pipeline->Illuminate/Pipeline/{closure}(Object(Illuminate/Http/Request))
#35 D:/starcurrecy/vendor/laravel/framework/src/Illuminate/Pipeline/Pipeline.php(209): Illuminate/Http/Middleware/HandleCors->handle(Object(Illuminate/Http/Request), Object(Closure))
#36 D:/starcurrecy/vendor/laravel/framework/src/Illuminate/Http/Middleware/TrustProxies.php(58): Illuminate/Pipeline/Pipeline->Illuminate/Pipeline/{closure}(Object(Illuminate/Http/Request))
#37 D:/starcurrecy/vendor/laravel/framework/src/Illuminate/Pipeline/Pipeline.php(209): Illuminate/Http/Middleware/TrustProxies->handle(Object(Illuminate/Http/Request), Object(Closure))
#38 D:/starcurrecy/vendor/laravel/framework/src/Illuminate/Foundation/Http/Middleware/InvokeDeferredCallbacks.php(22): Illuminate/Pipeline/Pipeline->Illuminate/Pipeline/{closure}(Object(Illuminate/Http/Request))
#39 D:/starcurrecy/vendor/laravel/framework/src/Illuminate/Pipeline/Pipeline.php(209): Illuminate/Foundation/Http/Middleware/InvokeDeferredCallbacks->handle(Object(Illuminate/Http/Request), Object(Closure))
#40 D:/starcurrecy/vendor/laravel/framework/src/Illuminate/Pipeline/Pipeline.php(127): Illuminate/Pipeline/Pipeline->Illuminate/Pipeline/{closure}(Object(Illuminate/Http/Request))
#41 D:/starcurrecy/vendor/laravel/framework/src/Illuminate/Foundation/Http/Kernel.php(176): Illuminate/Pipeline/Pipeline->then(Object(Closure))
#42 D:/starcurrecy/vendor/laravel/framework/src/Illuminate/Foundation/Http/Kernel.php(145): Illuminate/Foundation/Http/Kernel->sendRequestThroughRouter(Object(Illuminate/Http/Request))
#43 D:/starcurrecy/vendor/laravel/framework/src/Illuminate/Foundation/Application.php(1220): Illuminate/Foundation/Http/Kernel->handle(Object(Illuminate/Http/Request))
#44 D:/starcurrecy/public/index.php(20): Illuminate/Foundation/Application->handleRequest(Object(Illuminate/Http/Request))
#45 D:/starcurrecy/vendor/laravel/framework/src/Illuminate/Foundation/resources/server.php(23): require_once('D://starcurrecy//...')
#46 {main}
"} 
[2026-08-17 09:53:25] production.ERROR: No application encryption key has been specified. {"exception":"[object] (Illuminate\\Encryption\\MissingAppKeyException(code: 0): No application encryption key has been specified. at D:/starcurrecy/vendor/laravel/framework/src/Illuminate/Encryption/EncryptionServiceProvider.php:83)
[stacktrace]
#0 D:/starcurrecy/vendor/laravel/framework/src/Illuminate/Support/helpers.php(399): Illuminate/Encryption/EncryptionServiceProvider->Illuminate/Encryption/{closure}(NULL)
#1 D:/starcurrecy/vendor/laravel/framework/src/Illuminate/Encryption/EncryptionServiceProvider.php(81): tap(NULL, Object(Closure))
#2 D:/starcurrecy/vendor/laravel/framework/src/Illuminate/Encryption/EncryptionServiceProvider.php(64): Illuminate/Encryption/EncryptionServiceProvider->key(Array)
#3 D:/starcurrecy/vendor/laravel/framework/src/Illuminate/Encryption/EncryptionServiceProvider.php(32): Illuminate/Encryption/EncryptionServiceProvider->parseKey(Array)
#4 D:/starcurrecy/vendor/laravel/framework/src/Illuminate/Container/Container.php(952): Illuminate/Encryption/EncryptionServiceProvider->Illuminate/Encryption/{closure}(Object(Illuminate/Foundation/Application), Array)
#5 D:/starcurrecy/vendor/laravel/framework/src/Illuminate/Container/Container.php(832): Illuminate/Container/Container->build(Object(Closure))
#6 D:/starcurrecy/vendor/laravel/framework/src/Illuminate/Foundation/Application.php(1078): Illuminate/Container/Container->resolve('encrypter', Array, true)
#7 D:/starcurrecy/vendor/laravel/framework/src/Illuminate/Container/Container.php(763): Illuminate/Foundation/Application->resolve('encrypter', Array)
#8 D:/starcurrecy/vendor/laravel/framework/src/Illuminate/Foundation/Application.php(1058): Illuminate/Container/Container->make('encrypter', Array)
#9 D:/starcurrecy/vendor/laravel/framework/src/Illuminate/Container/Container.php(1133): Illuminate/Foundation/Application->make('encrypter')
#10 D:/starcurrecy/vendor/laravel/framework/src/Illuminate/Container/Container.php(1043): Illuminate/Container/Container->resolveClass(Object(ReflectionParameter))
#11 D:/starcurrecy/vendor/laravel/framework/src/Illuminate/Container/Container.php(994): Illuminate/Container/Container->resolveDependencies(Array)
#12 D:/starcurrecy/vendor/laravel/framework/src/Illuminate/Container/Container.php(832): Illuminate/Container/Container->build('Illuminate//Cook...')
#13 D:/starcurrecy/vendor/laravel/framework/src/Illuminate/Foundation/Application.php(1078): Illuminate/Container/Container->resolve('Illuminate//Cook...', Array, true)
#14 D:/starcurrecy/vendor/laravel/framework/src/Illuminate/Container/Container.php(763): Illuminate/Foundation/Application->resolve('Illuminate//Cook...', Array)
#15 D:/starcurrecy/vendor/laravel/framework/src/Illuminate/Foundation/Application.php(1058): Illuminate/Container/Container->make('Illuminate//Cook...', Array)
#16 D:/starcurrecy/vendor/laravel/framework/src/Illuminate/Foundation/Http/Kernel.php(258): Illuminate/Foundation/Application->make('Illuminate//Cook...')
#17 D:/starcurrecy/vendor/laravel/framework/src/Illuminate/Foundation/Http/Kernel.php(216): Illuminate/Foundation/Http/Kernel->terminateMiddleware(Object(Illuminate/Http/Request), Object(Illuminate/Http/Response))
#18 D:/starcurrecy/vendor/laravel/framework/src/Illuminate/Foundation/Application.php(1222): Illuminate/Foundation/Http/Kernel->terminate(Object(Illuminate/Http/Request), Object(Illuminate/Http/Response))
#19 D:/starcurrecy/public/index.php(20): Illuminate/Foundation/Application->handleRequest(Object(Illuminate/Http/Request))
#20 D:/starcurrecy/vendor/laravel/framework/src/Illuminate/Foundation/resources/server.php(23): require_once('D://starcurrecy//...')
#21 {main}
"} 
[2026-08-17 09:53:33] production.ERROR: No application encryption key has been specified. {"exception":"[object] (Illuminate\\Encryption\\MissingAppKeyException(code: 0): No application encryption key has been specified. at D:/starcurrecy/vendor/laravel/framework/src/Illuminate/Encryption/EncryptionServiceProvider.php:83)
[stacktrace]
#0 D:/starcurrecy/vendor/laravel/framework/src/Illuminate/Support/helpers.php(399): Illuminate/Encryption/EncryptionServiceProvider->Illuminate/Encryption/{closure}(NULL)
#1 D:/starcurrecy/vendor/laravel/framework/src/Illuminate/Encryption/EncryptionServiceProvider.php(81): tap(NULL, Object(Closure))
#2 D:/starcurrecy/vendor/laravel/framework/src/Illuminate/Encryption/EncryptionServiceProvider.php(64): Illuminate/Encryption/EncryptionServiceProvider->key(Array)
#3 D:/starcurrecy/vendor/laravel/framework/src/Illuminate/Encryption/EncryptionServiceProvider.php(32): Illuminate/Encryption/EncryptionServiceProvider->parseKey(Array)
#4 D:/starcurrecy/vendor/laravel/framework/src/Illuminate/Container/Container.php(952): Illuminate/Encryption/EncryptionServiceProvider->Illuminate/Encryption/{closure}(Object(Illuminate/Foundation/Application), Array)
#5 D:/starcurrecy/vendor/laravel/framework/src/Illuminate/Container/Container.php(832): Illuminate/Container/Container->build(Object(Closure))
#6 D:/starcurrecy/vendor/laravel/framework/src/Illuminate/Foundation/Application.php(1078): Illuminate/Container/Container->resolve('encrypter', Array, true)
#7 D:/starcurrecy/vendor/laravel/framework/src/Illuminate/Container/Container.php(763): Illuminate/Foundation/Application->resolve('encrypter', Array)
#8 D:/starcurrecy/vendor/laravel/framework/src/Illuminate/Foundation/Application.php(1058): Illuminate/Container/Container->make('encrypter', Array)
#9 D:/starcurrecy/vendor/laravel/framework/src/Illuminate/Container/Container.php(1133): Illuminate/Foundation/Application->make('encrypter')
#10 D:/starcurrecy/vendor/laravel/framework/src/Illuminate/Container/Container.php(1043): Illuminate/Container/Container->resolveClass(Object(ReflectionParameter))
#11 D:/starcurrecy/vendor/laravel/framework/src/Illuminate/Container/Container.php(994): Illuminate/Container/Container->resolveDependencies(Array)
#12 D:/starcurrecy/vendor/laravel/framework/src/Illuminate/Container/Container.php(832): Illuminate/Container/Container->build('Illuminate//Cook...')
#13 D:/starcurrecy/vendor/laravel/framework/src/Illuminate/Foundation/Application.php(1078): Illuminate/Container/Container->resolve('Illuminate//Cook...', Array, true)
#14 D:/starcurrecy/vendor/laravel/framework/src/Illuminate/Container/Container.php(763): Illuminate/Foundation/Application->resolve('Illuminate//Cook...', Array)
#15 D:/starcurrecy/vendor/laravel/framework/src/Illuminate/Foundation/Application.php(1058): Illuminate/Container/Container->make('Illuminate//Cook...', Array)
#16 D:/starcurrecy/vendor/laravel/framework/src/Illuminate/Pipeline/Pipeline.php(198): Illuminate/Foundation/Application->make('Illuminate//Cook...')
#17 D:/starcurrecy/vendor/laravel/framework/src/Illuminate/Pipeline/Pipeline.php(127): Illuminate/Pipeline/Pipeline->Illuminate/Pipeline/{closure}(Object(Illuminate/Http/Request))
#18 D:/starcurrecy/vendor/laravel/framework/src/Illuminate/Routing/Router.php(807): Illuminate/Pipeline/Pipeline->then(Object(Closure))
#19 D:/starcurrecy/vendor/laravel/framework/src/Illuminate/Routing/Router.php(786): Illuminate/Routing/Router->runRouteWithinStack(Object(Illuminate/Routing/Route), Object(Illuminate/Http/Request))
#20 D:/starcurrecy/vendor/laravel/framework/src/Illuminate/Routing/Router.php(750): Illuminate/Routing/Router->runRoute(Object(Illuminate/Http/Request), Object(Illuminate/Routing/Route))
#21 D:/starcurrecy/vendor/laravel/framework/src/Illuminate/Routing/Router.php(739): Illuminate/Routing/Router->dispatchToRoute(Object(Illuminate/Http/Request))
#22 D:/starcurrecy/vendor/laravel/framework/src/Illuminate/Foundation/Http/Kernel.php(201): Illuminate/Routing/Router->dispatch(Object(Illuminate/Http/Request))
#23 D:/starcurrecy/vendor/laravel/framework/src/Illuminate/Pipeline/Pipeline.php(170): Illuminate/Foundation/Http/Kernel->Illuminate/Foundation/Http/{closure}(Object(Illuminate/Http/Request))
#24 D:/starcurrecy/vendor/laravel/framework/src/Illuminate/Foundation/Http/Middleware/TransformsRequest.php(21): Illuminate/Pipeline/Pipeline->Illuminate/Pipeline/{closure}(Object(Illuminate/Http/Request))
#25 D:/starcurrecy/vendor/laravel/framework/src/Illuminate/Foundation/Http/Middleware/ConvertEmptyStringsToNull.php(31): Illuminate/Foundation/Http/Middleware/TransformsRequest->handle(Object(Illuminate/Http/Request), Object(Closure))
#26 D:/starcurrecy/vendor/laravel/framework/src/Illuminate/Pipeline/Pipeline.php(209): Illuminate/Foundation/Http/Middleware/ConvertEmptyStringsToNull->handle(Object(Illuminate/Http/Request), Object(Closure))
#27 D:/starcurrecy/vendor/laravel/framework/src/Illuminate/Foundation/Http/Middleware/TransformsRequest.php(21): Illuminate/Pipeline/Pipeline->Illuminate/Pipeline/{closure}(Object(Illuminate/Http/Request))
#28 D:/starcurrecy/vendor/laravel/framework/src/Illuminate/Foundation/Http/Middleware/TrimStrings.php(51): Illuminate/Foundation/Http/Middleware/TransformsRequest->handle(Object(Illuminate/Http/Request), Object(Closure))
#29 D:/starcurrecy/vendor/laravel/framework/src/Illuminate/Pipeline/Pipeline.php(209): Illuminate/Foundation/Http/Middleware/TrimStrings->handle(Object(Illuminate/Http/Request), Object(Closure))
#30 D:/starcurrecy/vendor/laravel/framework/src/Illuminate/Http/Middleware/ValidatePostSize.php(27): Illuminate/Pipeline/Pipeline->Illuminate/Pipeline/{closure}(Object(Illuminate/Http/Request))
#31 D:/starcurrecy/vendor/laravel/framework/src/Illuminate/Pipeline/Pipeline.php(209): Illuminate/Http/Middleware/ValidatePostSize->handle(Object(Illuminate/Http/Request), Object(Closure))
#32 D:/starcurrecy/vendor/laravel/framework/src/Illuminate/Foundation/Http/Middleware/PreventRequestsDuringMaintenance.php(110): Illuminate/Pipeline/Pipeline->Illuminate/Pipeline/{closure}(Object(Illuminate/Http/Request))
#33 D:/starcurrecy/vendor/laravel/framework/src/Illuminate/Pipeline/Pipeline.php(209): Illuminate/Foundation/Http/Middleware/PreventRequestsDuringMaintenance->handle(Object(Illuminate/Http/Request), Object(Closure))
#34 D:/starcurrecy/vendor/laravel/framework/src/Illuminate/Http/Middleware/HandleCors.php(49): Illuminate/Pipeline/Pipeline->Illuminate/Pipeline/{closure}(Object(Illuminate/Http/Request))
#35 D:/starcurrecy/vendor/laravel/framework/src/Illuminate/Pipeline/Pipeline.php(209): Illuminate/Http/Middleware/HandleCors->handle(Object(Illuminate/Http/Request), Object(Closure))
#36 D:/starcurrecy/vendor/laravel/framework/src/Illuminate/Http/Middleware/TrustProxies.php(58): Illuminate/Pipeline/Pipeline->Illuminate/Pipeline/{closure}(Object(Illuminate/Http/Request))
#37 D:/starcurrecy/vendor/laravel/framework/src/Illuminate/Pipeline/Pipeline.php(209): Illuminate/Http/Middleware/TrustProxies->handle(Object(Illuminate/Http/Request), Object(Closure))
#38 D:/starcurrecy/vendor/laravel/framework/src/Illuminate/Foundation/Http/Middleware/InvokeDeferredCallbacks.php(22): Illuminate/Pipeline/Pipeline->Illuminate/Pipeline/{closure}(Object(Illuminate/Http/Request))
#39 D:/starcurrecy/vendor/laravel/framework/src/Illuminate/Pipeline/Pipeline.php(209): Illuminate/Foundation/Http/Middleware/InvokeDeferredCallbacks->handle(Object(Illuminate/Http/Request), Object(Closure))
#40 D:/starcurrecy/vendor/laravel/framework/src/Illuminate/Pipeline/Pipeline.php(127): Illuminate/Pipeline/Pipeline->Illuminate/Pipeline/{closure}(Object(Illuminate/Http/Request))
#41 D:/starcurrecy/vendor/laravel/framework/src/Illuminate/Foundation/Http/Kernel.php(176): Illuminate/Pipeline/Pipeline->then(Object(Closure))
#42 D:/starcurrecy/vendor/laravel/framework/src/Illuminate/Foundation/Http/Kernel.php(145): Illuminate/Foundation/Http/Kernel->sendRequestThroughRouter(Object(Illuminate/Http/Request))
#43 D:/starcurrecy/vendor/laravel/framework/src/Illuminate/Foundation/Application.php(1220): Illuminate/Foundation/Http/Kernel->handle(Object(Illuminate/Http/Request))
#44 D:/starcurrecy/public/index.php(20): Illuminate/Foundation/Application->handleRequest(Object(Illuminate/Http/Request))
#45 D:/starcurrecy/vendor/laravel/framework/src/Illuminate/Foundation/resources/server.php(23): require_once('D://starcurrecy//...')
#46 {main}
"} 
[2026-08-17 09:53:33] production.ERROR: No application encryption key has been specified. {"exception":"[object] (Illuminate\\Encryption\\MissingAppKeyException(code: 0): No application encryption key has been specified. at D:/starcurrecy/vendor/laravel/framework/src/Illuminate/Encryption/EncryptionServiceProvider.php:83)
[stacktrace]
#0 D:/starcurrecy/vendor/laravel/framework/src/Illuminate/Support/helpers.php(399): Illuminate/Encryption/EncryptionServiceProvider->Illuminate/Encryption/{closure}(NULL)
#1 D:/starcurrecy/vendor/laravel/framework/src/Illuminate/Encryption/EncryptionServiceProvider.php(81): tap(NULL, Object(Closure))
#2 D:/starcurrecy/vendor/laravel/framework/src/Illuminate/Encryption/EncryptionServiceProvider.php(64): Illuminate/Encryption/EncryptionServiceProvider->key(Array)
#3 D:/starcurrecy/vendor/laravel/framework/src/Illuminate/Encryption/EncryptionServiceProvider.php(32): Illuminate/Encryption/EncryptionServiceProvider->parseKey(Array)
#4 D:/starcurrecy/vendor/laravel/framework/src/Illuminate/Container/Container.php(952): Illuminate/Encryption/EncryptionServiceProvider->Illuminate/Encryption/{closure}(Object(Illuminate/Foundation/Application), Array)
#5 D:/starcurrecy/vendor/laravel/framework/src/Illuminate/Container/Container.php(832): Illuminate/Container/Container->build(Object(Closure))
#6 D:/starcurrecy/vendor/laravel/framework/src/Illuminate/Foundation/Application.php(1078): Illuminate/Container/Container->resolve('encrypter', Array, true)
#7 D:/starcurrecy/vendor/laravel/framework/src/Illuminate/Container/Container.php(763): Illuminate/Foundation/Application->resolve('encrypter', Array)
#8 D:/starcurrecy/vendor/laravel/framework/src/Illuminate/Foundation/Application.php(1058): Illuminate/Container/Container->make('encrypter', Array)
#9 D:/starcurrecy/vendor/laravel/framework/src/Illuminate/Container/Container.php(1133): Illuminate/Foundation/Application->make('encrypter')
#10 D:/starcurrecy/vendor/laravel/framework/src/Illuminate/Container/Container.php(1043): Illuminate/Container/Container->resolveClass(Object(ReflectionParameter))
#11 D:/starcurrecy/vendor/laravel/framework/src/Illuminate/Container/Container.php(994): Illuminate/Container/Container->resolveDependencies(Array)
#12 D:/starcurrecy/vendor/laravel/framework/src/Illuminate/Container/Container.php(832): Illuminate/Container/Container->build('Illuminate//Cook...')
#13 D:/starcurrecy/vendor/laravel/framework/src/Illuminate/Foundation/Application.php(1078): Illuminate/Container/Container->resolve('Illuminate//Cook...', Array, true)
#14 D:/starcurrecy/vendor/laravel/framework/src/Illuminate/Container/Container.php(763): Illuminate/Foundation/Application->resolve('Illuminate//Cook...', Array)
#15 D:/starcurrecy/vendor/laravel/framework/src/Illuminate/Foundation/Application.php(1058): Illuminate/Container/Container->make('Illuminate//Cook...', Array)
#16 D:/starcurrecy/vendor/laravel/framework/src/Illuminate/Foundation/Http/Kernel.php(258): Illuminate/Foundation/Application->make('Illuminate//Cook...')
#17 D:/starcurrecy/vendor/laravel/framework/src/Illuminate/Foundation/Http/Kernel.php(216): Illuminate/Foundation/Http/Kernel->terminateMiddleware(Object(Illuminate/Http/Request), Object(Illuminate/Http/Response))
#18 D:/starcurrecy/vendor/laravel/framework/src/Illuminate/Foundation/Application.php(1222): Illuminate/Foundation/Http/Kernel->terminate(Object(Illuminate/Http/Request), Object(Illuminate/Http/Response))
#19 D:/starcurrecy/public/index.php(20): Illuminate/Foundation/Application->handleRequest(Object(Illuminate/Http/Request))
#20 D:/starcurrecy/vendor/laravel/framework/src/Illuminate/Foundation/resources/server.php(23): require_once('D://starcurrecy//...')
#21 {main}
"} 
[2026-08-17 09:53:34] production.ERROR: No application encryption key has been specified. {"exception":"[object] (Illuminate\\Encryption\\MissingAppKeyException(code: 0): No application encryption key has been specified. at D:/starcurrecy/vendor/laravel/framework/src/Illuminate/Encryption/EncryptionServiceProvider.php:83)
[stacktrace]
#0 D:/starcurrecy/vendor/laravel/framework/src/Illuminate/Support/helpers.php(399): Illuminate/Encryption/EncryptionServiceProvider->Illuminate/Encryption/{closure}(NULL)
#1 D:/starcurrecy/vendor/laravel/framework/src/Illuminate/Encryption/EncryptionServiceProvider.php(81): tap(NULL, Object(Closure))
#2 D:/starcurrecy/vendor/laravel/framework/src/Illuminate/Encryption/EncryptionServiceProvider.php(64): Illuminate/Encryption/EncryptionServiceProvider->key(Array)
#3 D:/starcurrecy/vendor/laravel/framework/src/Illuminate/Encryption/EncryptionServiceProvider.php(32): Illuminate/Encryption/EncryptionServiceProvider->parseKey(Array)
#4 D:/starcurrecy/vendor/laravel/framework/src/Illuminate/Container/Container.php(952): Illuminate/Encryption/EncryptionServiceProvider->Illuminate/Encryption/{closure}(Object(Illuminate/Foundation/Application), Array)
#5 D:/starcurrecy/vendor/laravel/framework/src/Illuminate/Container/Container.php(832): Illuminate/Container/Container->build(Object(Closure))
#6 D:/starcurrecy/vendor/laravel/framework/src/Illuminate/Foundation/Application.php(1078): Illuminate/Container/Container->resolve('encrypter', Array, true)
#7 D:/starcurrecy/vendor/laravel/framework/src/Illuminate/Container/Container.php(763): Illuminate/Foundation/Application->resolve('encrypter', Array)
#8 D:/starcurrecy/vendor/laravel/framework/src/Illuminate/Foundation/Application.php(1058): Illuminate/Container/Container->make('encrypter', Array)
#9 D:/starcurrecy/vendor/laravel/framework/src/Illuminate/Container/Container.php(1133): Illuminate/Foundation/Application->make('encrypter')
#10 D:/starcurrecy/vendor/laravel/framework/src/Illuminate/Container/Container.php(1043): Illuminate/Container/Container->resolveClass(Object(ReflectionParameter))
#11 D:/starcurrecy/vendor/laravel/framework/src/Illuminate/Container/Container.php(994): Illuminate/Container/Container->resolveDependencies(Array)
#12 D:/starcurrecy/vendor/laravel/framework/src/Illuminate/Container/Container.php(832): Illuminate/Container/Container->build('Illuminate//Cook...')
#13 D:/starcurrecy/vendor/laravel/framework/src/Illuminate/Foundation/Application.php(1078): Illuminate/Container/Container->resolve('Illuminate//Cook...', Array, true)
#14 D:/starcurrecy/vendor/laravel/framework/src/Illuminate/Container/Container.php(763): Illuminate/Foundation/Application->resolve('Illuminate//Cook...', Array)
#15 D:/starcurrecy/vendor/laravel/framework/src/Illuminate/Foundation/Application.php(1058): Illuminate/Container/Container->make('Illuminate//Cook...', Array)
#16 D:/starcurrecy/vendor/laravel/framework/src/Illuminate/Pipeline/Pipeline.php(198): Illuminate/Foundation/Application->make('Illuminate//Cook...')
#17 D:/starcurrecy/vendor/laravel/framework/src/Illuminate/Pipeline/Pipeline.php(127): Illuminate/Pipeline/Pipeline->Illuminate/Pipeline/{closure}(Object(Illuminate/Http/Request))
#18 D:/starcurrecy/vendor/laravel/framework/src/Illuminate/Routing/Router.php(807): Illuminate/Pipeline/Pipeline->then(Object(Closure))
#19 D:/starcurrecy/vendor/laravel/framework/src/Illuminate/Routing/Router.php(786): Illuminate/Routing/Router->runRouteWithinStack(Object(Illuminate/Routing/Route), Object(Illuminate/Http/Request))
#20 D:/starcurrecy/vendor/laravel/framework/src/Illuminate/Routing/Router.php(750): Illuminate/Routing/Router->runRoute(Object(Illuminate/Http/Request), Object(Illuminate/Routing/Route))
#21 D:/starcurrecy/vendor/laravel/framework/src/Illuminate/Routing/Router.php(739): Illuminate/Routing/Router->dispatchToRoute(Object(Illuminate/Http/Request))
#22 D:/starcurrecy/vendor/laravel/framework/src/Illuminate/Foundation/Http/Kernel.php(201): Illuminate/Routing/Router->dispatch(Object(Illuminate/Http/Request))
#23 D:/starcurrecy/vendor/laravel/framework/src/Illuminate/Pipeline/Pipeline.php(170): Illuminate/Foundation/Http/Kernel->Illuminate/Foundation/Http/{closure}(Object(Illuminate/Http/Request))
#24 D:/starcurrecy/vendor/laravel/framework/src/Illuminate/Foundation/Http/Middleware/TransformsRequest.php(21): Illuminate/Pipeline/Pipeline->Illuminate/Pipeline/{closure}(Object(Illuminate/Http/Request))
#25 D:/starcurrecy/vendor/laravel/framework/src/Illuminate/Foundation/Http/Middleware/ConvertEmptyStringsToNull.php(31): Illuminate/Foundation/Http/Middleware/TransformsRequest->handle(Object(Illuminate/Http/Request), Object(Closure))
#26 D:/starcurrecy/vendor/laravel/framework/src/Illuminate/Pipeline/Pipeline.php(209): Illuminate/Foundation/Http/Middleware/ConvertEmptyStringsToNull->handle(Object(Illuminate/Http/Request), Object(Closure))
#27 D:/starcurrecy/vendor/laravel/framework/src/Illuminate/Foundation/Http/Middleware/TransformsRequest.php(21): Illuminate/Pipeline/Pipeline->Illuminate/Pipeline/{closure}(Object(Illuminate/Http/Request))
#28 D:/starcurrecy/vendor/laravel/framework/src/Illuminate/Foundation/Http/Middleware/TrimStrings.php(51): Illuminate/Foundation/Http/Middleware/TransformsRequest->handle(Object(Illuminate/Http/Request), Object(Closure))
#29 D:/starcurrecy/vendor/laravel/framework/src/Illuminate/Pipeline/Pipeline.php(209): Illuminate/Foundation/Http/Middleware/TrimStrings->handle(Object(Illuminate/Http/Request), Object(Closure))
#30 D:/starcurrecy/vendor/laravel/framework/src/Illuminate/Http/Middleware/ValidatePostSize.php(27): Illuminate/Pipeline/Pipeline->Illuminate/Pipeline/{closure}(Object(Illuminate/Http/Request))
#31 D:/starcurrecy/vendor/laravel/framework/src/Illuminate/Pipeline/Pipeline.php(209): Illuminate/Http/Middleware/ValidatePostSize->handle(Object(Illuminate/Http/Request), Object(Closure))
#32 D:/starcurrecy/vendor/laravel/framework/src/Illuminate/Foundation/Http/Middleware/PreventRequestsDuringMaintenance.php(110): Illuminate/Pipeline/Pipeline->Illuminate/Pipeline/{closure}(Object(Illuminate/Http/Request))
#33 D:/starcurrecy/vendor/laravel/framework/src/Illuminate/Pipeline/Pipeline.php(209): Illuminate/Foundation/Http/Middleware/PreventRequestsDuringMaintenance->handle(Object(Illuminate/Http/Request), Object(Closure))
#34 D:/starcurrecy/vendor/laravel/framework/src/Illuminate/Http/Middleware/HandleCors.php(49): Illuminate/Pipeline/Pipeline->Illuminate/Pipeline/{closure}(Object(Illuminate/Http/Request))
#35 D:/starcurrecy/vendor/laravel/framework/src/Illuminate/Pipeline/Pipeline.php(209): Illuminate/Http/Middleware/HandleCors->handle(Object(Illuminate/Http/Request), Object(Closure))
#36 D:/starcurrecy/vendor/laravel/framework/src/Illuminate/Http/Middleware/TrustProxies.php(58): Illuminate/Pipeline/Pipeline->Illuminate/Pipeline/{closure}(Object(Illuminate/Http/Request))
#37 D:/starcurrecy/vendor/laravel/framework/src/Illuminate/Pipeline/Pipeline.php(209): Illuminate/Http/Middleware/TrustProxies->handle(Object(Illuminate/Http/Request), Object(Closure))
#38 D:/starcurrecy/vendor/laravel/framework/src/Illuminate/Foundation/Http/Middleware/InvokeDeferredCallbacks.php(22): Illuminate/Pipeline/Pipeline->Illuminate/Pipeline/{closure}(Object(Illuminate/Http/Request))
#39 D:/starcurrecy/vendor/laravel/framework/src/Illuminate/Pipeline/Pipeline.php(209): Illuminate/Foundation/Http/Middleware/InvokeDeferredCallbacks->handle(Object(Illuminate/Http/Request), Object(Closure))
#40 D:/starcurrecy/vendor/laravel/framework/src/Illuminate/Pipeline/Pipeline.php(127): Illuminate/Pipeline/Pipeline->Illuminate/Pipeline/{closure}(Object(Illuminate/Http/Request))
#41 D:/starcurrecy/vendor/laravel/framework/src/Illuminate/Foundation/Http/Kernel.php(176): Illuminate/Pipeline/Pipeline->then(Object(Closure))
#42 D:/starcurrecy/vendor/laravel/framework/src/Illuminate/Foundation/Http/Kernel.php(145): Illuminate/Foundation/Http/Kernel->sendRequestThroughRouter(Object(Illuminate/Http/Request))
#43 D:/starcurrecy/vendor/laravel/framework/src/Illuminate/Foundation/Application.php(1220): Illuminate/Foundation/Http/Kernel->handle(Object(Illuminate/Http/Request))
#44 D:/starcurrecy/public/index.php(20): Illuminate/Foundation/Application->handleRequest(Object(Illuminate/Http/Request))
#45 D:/starcurrecy/vendor/laravel/framework/src/Illuminate/Foundation/resources/server.php(23): require_once('D://starcurrecy//...')
#46 {main}
"} 
[2026-08-17 09:53:34] production.ERROR: No application encryption key has been specified. {"exception":"[object] (Illuminate\\Encryption\\MissingAppKeyException(code: 0): No application encryption key has been specified. at D:/starcurrecy/vendor/laravel/framework/src/Illuminate/Encryption/EncryptionServiceProvider.php:83)
[stacktrace]
#0 D:/starcurrecy/vendor/laravel/framework/src/Illuminate/Support/helpers.php(399): Illuminate/Encryption/EncryptionServiceProvider->Illuminate/Encryption/{closure}(NULL)
#1 D:/starcurrecy/vendor/laravel/framework/src/Illuminate/Encryption/EncryptionServiceProvider.php(81): tap(NULL, Object(Closure))
#2 D:/starcurrecy/vendor/laravel/framework/src/Illuminate/Encryption/EncryptionServiceProvider.php(64): Illuminate/Encryption/EncryptionServiceProvider->key(Array)
#3 D:/starcurrecy/vendor/laravel/framework/src/Illuminate/Encryption/EncryptionServiceProvider.php(32): Illuminate/Encryption/EncryptionServiceProvider->parseKey(Array)
#4 D:/starcurrecy/vendor/laravel/framework/src/Illuminate/Container/Container.php(952): Illuminate/Encryption/EncryptionServiceProvider->Illuminate/Encryption/{closure}(Object(Illuminate/Foundation/Application), Array)
#5 D:/starcurrecy/vendor/laravel/framework/src/Illuminate/Container/Container.php(832): Illuminate/Container/Container->build(Object(Closure))
#6 D:/starcurrecy/vendor/laravel/framework/src/Illuminate/Foundation/Application.php(1078): Illuminate/Container/Container->resolve('encrypter', Array, true)
#7 D:/starcurrecy/vendor/laravel/framework/src/Illuminate/Container/Container.php(763): Illuminate/Foundation/Application->resolve('encrypter', Array)
#8 D:/starcurrecy/vendor/laravel/framework/src/Illuminate/Foundation/Application.php(1058): Illuminate/Container/Container->make('encrypter', Array)
#9 D:/starcurrecy/vendor/laravel/framework/src/Illuminate/Container/Container.php(1133): Illuminate/Foundation/Application->make('encrypter')
#10 D:/starcurrecy/vendor/laravel/framework/src/Illuminate/Container/Container.php(1043): Illuminate/Container/Container->resolveClass(Object(ReflectionParameter))
#11 D:/starcurrecy/vendor/laravel/framework/src/Illuminate/Container/Container.php(994): Illuminate/Container/Container->resolveDependencies(Array)
#12 D:/starcurrecy/vendor/laravel/framework/src/Illuminate/Container/Container.php(832): Illuminate/Container/Container->build('Illuminate//Cook...')
#13 D:/starcurrecy/vendor/laravel/framework/src/Illuminate/Foundation/Application.php(1078): Illuminate/Container/Container->resolve('Illuminate//Cook...', Array, true)
#14 D:/starcurrecy/vendor/laravel/framework/src/Illuminate/Container/Container.php(763): Illuminate/Foundation/Application->resolve('Illuminate//Cook...', Array)
#15 D:/starcurrecy/vendor/laravel/framework/src/Illuminate/Foundation/Application.php(1058): Illuminate/Container/Container->make('Illuminate//Cook...', Array)
#16 D:/starcurrecy/vendor/laravel/framework/src/Illuminate/Foundation/Http/Kernel.php(258): Illuminate/Foundation/Application->make('Illuminate//Cook...')
#17 D:/starcurrecy/vendor/laravel/framework/src/Illuminate/Foundation/Http/Kernel.php(216): Illuminate/Foundation/Http/Kernel->terminateMiddleware(Object(Illuminate/Http/Request), Object(Illuminate/Http/Response))
#18 D:/starcurrecy/vendor/laravel/framework/src/Illuminate/Foundation/Application.php(1222): Illuminate/Foundation/Http/Kernel->terminate(Object(Illuminate/Http/Request), Object(Illuminate/Http/Response))
#19 D:/starcurrecy/public/index.php(20): Illuminate/Foundation/Application->handleRequest(Object(Illuminate/Http/Request))
#20 D:/starcurrecy/vendor/laravel/framework/src/Illuminate/Foundation/resources/server.php(23): require_once('D://starcurrecy//...')
#21 {main}
"} 
[2026-08-17 09:53:36] production.ERROR: No application encryption key has been specified. {"exception":"[object] (Illuminate\\Encryption\\MissingAppKeyException(code: 0): No application encryption key has been specified. at D:/starcurrecy/vendor/laravel/framework/src/Illuminate/Encryption/EncryptionServiceProvider.php:83)
[stacktrace]
#0 D:/starcurrecy/vendor/laravel/framework/src/Illuminate/Support/helpers.php(399): Illuminate/Encryption/EncryptionServiceProvider->Illuminate/Encryption/{closure}(NULL)
#1 D:/starcurrecy/vendor/laravel/framework/src/Illuminate/Encryption/EncryptionServiceProvider.php(81): tap(NULL, Object(Closure))
#2 D:/starcurrecy/vendor/laravel/framework/src/Illuminate/Encryption/EncryptionServiceProvider.php(64): Illuminate/Encryption/EncryptionServiceProvider->key(Array)
#3 D:/starcurrecy/vendor/laravel/framework/src/Illuminate/Encryption/EncryptionServiceProvider.php(32): Illuminate/Encryption/EncryptionServiceProvider->parseKey(Array)
#4 D:/starcurrecy/vendor/laravel/framework/src/Illuminate/Container/Container.php(952): Illuminate/Encryption/EncryptionServiceProvider->Illuminate/Encryption/{closure}(Object(Illuminate/Foundation/Application), Array)
#5 D:/starcurrecy/vendor/laravel/framework/src/Illuminate/Container/Container.php(832): Illuminate/Container/Container->build(Object(Closure))
#6 D:/starcurrecy/vendor/laravel/framework/src/Illuminate/Foundation/Application.php(1078): Illuminate/Container/Container->resolve('encrypter', Array, true)
#7 D:/starcurrecy/vendor/laravel/framework/src/Illuminate/Container/Container.php(763): Illuminate/Foundation/Application->resolve('encrypter', Array)
#8 D:/starcurrecy/vendor/laravel/framework/src/Illuminate/Foundation/Application.php(1058): Illuminate/Container/Container->make('encrypter', Array)
#9 D:/starcurrecy/vendor/laravel/framework/src/Illuminate/Container/Container.php(1133): Illuminate/Foundation/Application->make('encrypter')
#10 D:/starcurrecy/vendor/laravel/framework/src/Illuminate/Container/Container.php(1043): Illuminate/Container/Container->resolveClass(Object(ReflectionParameter))
#11 D:/starcurrecy/vendor/laravel/framework/src/Illuminate/Container/Container.php(994): Illuminate/Container/Container->resolveDependencies(Array)
#12 D:/starcurrecy/vendor/laravel/framework/src/Illuminate/Container/Container.php(832): Illuminate/Container/Container->build('Illuminate//Cook...')
#13 D:/starcurrecy/vendor/laravel/framework/src/Illuminate/Foundation/Application.php(1078): Illuminate/Container/Container->resolve('Illuminate//Cook...', Array, true)
#14 D:/starcurrecy/vendor/laravel/framework/src/Illuminate/Container/Container.php(763): Illuminate/Foundation/Application->resolve('Illuminate//Cook...', Array)
#15 D:/starcurrecy/vendor/laravel/framework/src/Illuminate/Foundation/Application.php(1058): Illuminate/Container/Container->make('Illuminate//Cook...', Array)
#16 D:/starcurrecy/vendor/laravel/framework/src/Illuminate/Pipeline/Pipeline.php(198): Illuminate/Foundation/Application->make('Illuminate//Cook...')
#17 D:/starcurrecy/vendor/laravel/framework/src/Illuminate/Pipeline/Pipeline.php(127): Illuminate/Pipeline/Pipeline->Illuminate/Pipeline/{closure}(Object(Illuminate/Http/Request))
#18 D:/starcurrecy/vendor/laravel/framework/src/Illuminate/Routing/Router.php(807): Illuminate/Pipeline/Pipeline->then(Object(Closure))
#19 D:/starcurrecy/vendor/laravel/framework/src/Illuminate/Routing/Router.php(786): Illuminate/Routing/Router->runRouteWithinStack(Object(Illuminate/Routing/Route), Object(Illuminate/Http/Request))
#20 D:/starcurrecy/vendor/laravel/framework/src/Illuminate/Routing/Router.php(750): Illuminate/Routing/Router->runRoute(Object(Illuminate/Http/Request), Object(Illuminate/Routing/Route))
#21 D:/starcurrecy/vendor/laravel/framework/src/Illuminate/Routing/Router.php(739): Illuminate/Routing/Router->dispatchToRoute(Object(Illuminate/Http/Request))
#22 D:/starcurrecy/vendor/laravel/framework/src/Illuminate/Foundation/Http/Kernel.php(201): Illuminate/Routing/Router->dispatch(Object(Illuminate/Http/Request))
#23 D:/starcurrecy/vendor/laravel/framework/src/Illuminate/Pipeline/Pipeline.php(170): Illuminate/Foundation/Http/Kernel->Illuminate/Foundation/Http/{closure}(Object(Illuminate/Http/Request))
#24 D:/starcurrecy/vendor/laravel/framework/src/Illuminate/Foundation/Http/Middleware/TransformsRequest.php(21): Illuminate/Pipeline/Pipeline->Illuminate/Pipeline/{closure}(Object(Illuminate/Http/Request))
#25 D:/starcurrecy/vendor/laravel/framework/src/Illuminate/Foundation/Http/Middleware/ConvertEmptyStringsToNull.php(31): Illuminate/Foundation/Http/Middleware/TransformsRequest->handle(Object(Illuminate/Http/Request), Object(Closure))
#26 D:/starcurrecy/vendor/laravel/framework/src/Illuminate/Pipeline/Pipeline.php(209): Illuminate/Foundation/Http/Middleware/ConvertEmptyStringsToNull->handle(Object(Illuminate/Http/Request), Object(Closure))
#27 D:/starcurrecy/vendor/laravel/framework/src/Illuminate/Foundation/Http/Middleware/TransformsRequest.php(21): Illuminate/Pipeline/Pipeline->Illuminate/Pipeline/{closure}(Object(Illuminate/Http/Request))
#28 D:/starcurrecy/vendor/laravel/framework/src/Illuminate/Foundation/Http/Middleware/TrimStrings.php(51): Illuminate/Foundation/Http/Middleware/TransformsRequest->handle(Object(Illuminate/Http/Request), Object(Closure))
#29 D:/starcurrecy/vendor/laravel/framework/src/Illuminate/Pipeline/Pipeline.php(209): Illuminate/Foundation/Http/Middleware/TrimStrings->handle(Object(Illuminate/Http/Request), Object(Closure))
#30 D:/starcurrecy/vendor/laravel/framework/src/Illuminate/Http/Middleware/ValidatePostSize.php(27): Illuminate/Pipeline/Pipeline->Illuminate/Pipeline/{closure}(Object(Illuminate/Http/Request))
#31 D:/starcurrecy/vendor/laravel/framework/src/Illuminate/Pipeline/Pipeline.php(209): Illuminate/Http/Middleware/ValidatePostSize->handle(Object(Illuminate/Http/Request), Object(Closure))
#32 D:/starcurrecy/vendor/laravel/framework/src/Illuminate/Foundation/Http/Middleware/PreventRequestsDuringMaintenance.php(110): Illuminate/Pipeline/Pipeline->Illuminate/Pipeline/{closure}(Object(Illuminate/Http/Request))
#33 D:/starcurrecy/vendor/laravel/framework/src/Illuminate/Pipeline/Pipeline.php(209): Illuminate/Foundation/Http/Middleware/PreventRequestsDuringMaintenance->handle(Object(Illuminate/Http/Request), Object(Closure))
#34 D:/starcurrecy/vendor/laravel/framework/src/Illuminate/Http/Middleware/HandleCors.php(49): Illuminate/Pipeline/Pipeline->Illuminate/Pipeline/{closure}(Object(Illuminate/Http/Request))
#35 D:/starcurrecy/vendor/laravel/framework/src/Illuminate/Pipeline/Pipeline.php(209): Illuminate/Http/Middleware/HandleCors->handle(Object(Illuminate/Http/Request), Object(Closure))
#36 D:/starcurrecy/vendor/laravel/framework/src/Illuminate/Http/Middleware/TrustProxies.php(58): Illuminate/Pipeline/Pipeline->Illuminate/Pipeline/{closure}(Object(Illuminate/Http/Request))
#37 D:/starcurrecy/vendor/laravel/framework/src/Illuminate/Pipeline/Pipeline.php(209): Illuminate/Http/Middleware/TrustProxies->handle(Object(Illuminate/Http/Request), Object(Closure))
#38 D:/starcurrecy/vendor/laravel/framework/src/Illuminate/Foundation/Http/Middleware/InvokeDeferredCallbacks.php(22): Illuminate/Pipeline/Pipeline->Illuminate/Pipeline/{closure}(Object(Illuminate/Http/Request))
#39 D:/starcurrecy/vendor/laravel/framework/src/Illuminate/Pipeline/Pipeline.php(209): Illuminate/Foundation/Http/Middleware/InvokeDeferredCallbacks->handle(Object(Illuminate/Http/Request), Object(Closure))
#40 D:/starcurrecy/vendor/laravel/framework/src/Illuminate/Pipeline/Pipeline.php(127): Illuminate/Pipeline/Pipeline->Illuminate/Pipeline/{closure}(Object(Illuminate/Http/Request))
#41 D:/starcurrecy/vendor/laravel/framework/src/Illuminate/Foundation/Http/Kernel.php(176): Illuminate/Pipeline/Pipeline->then(Object(Closure))
#42 D:/starcurrecy/vendor/laravel/framework/src/Illuminate/Foundation/Http/Kernel.php(145): Illuminate/Foundation/Http/Kernel->sendRequestThroughRouter(Object(Illuminate/Http/Request))
#43 D:/starcurrecy/vendor/laravel/framework/src/Illuminate/Foundation/Application.php(1220): Illuminate/Foundation/Http/Kernel->handle(Object(Illuminate/Http/Request))
#44 D:/starcurrecy/public/index.php(20): Illuminate/Foundation/Application->handleRequest(Object(Illuminate/Http/Request))
#45 D:/starcurrecy/vendor/laravel/framework/src/Illuminate/Foundation/resources/server.php(23): require_once('D://starcurrecy//...')
#46 {main}
"} 
[2026-08-17 09:53:36] production.ERROR: No application encryption key has been specified. {"exception":"[object] (Illuminate\\Encryption\\MissingAppKeyException(code: 0): No application encryption key has been specified. at D:/starcurrecy/vendor/laravel/framework/src/Illuminate/Encryption/EncryptionServiceProvider.php:83)
[stacktrace]
#0 D:/starcurrecy/vendor/laravel/framework/src/Illuminate/Support/helpers.php(399): Illuminate/Encryption/EncryptionServiceProvider->Illuminate/Encryption/{closure}(NULL)
#1 D:/starcurrecy/vendor/laravel/framework/src/Illuminate/Encryption/EncryptionServiceProvider.php(81): tap(NULL, Object(Closure))
#2 D:/starcurrecy/vendor/laravel/framework/src/Illuminate/Encryption/EncryptionServiceProvider.php(64): Illuminate/Encryption/EncryptionServiceProvider->key(Array)
#3 D:/starcurrecy/vendor/laravel/framework/src/Illuminate/Encryption/EncryptionServiceProvider.php(32): Illuminate/Encryption/EncryptionServiceProvider->parseKey(Array)
#4 D:/starcurrecy/vendor/laravel/framework/src/Illuminate/Container/Container.php(952): Illuminate/Encryption/EncryptionServiceProvider->Illuminate/Encryption/{closure}(Object(Illuminate/Foundation/Application), Array)
#5 D:/starcurrecy/vendor/laravel/framework/src/Illuminate/Container/Container.php(832): Illuminate/Container/Container->build(Object(Closure))
#6 D:/starcurrecy/vendor/laravel/framework/src/Illuminate/Foundation/Application.php(1078): Illuminate/Container/Container->resolve('encrypter', Array, true)
#7 D:/starcurrecy/vendor/laravel/framework/src/Illuminate/Container/Container.php(763): Illuminate/Foundation/Application->resolve('encrypter', Array)
#8 D:/starcurrecy/vendor/laravel/framework/src/Illuminate/Foundation/Application.php(1058): Illuminate/Container/Container->make('encrypter', Array)
#9 D:/starcurrecy/vendor/laravel/framework/src/Illuminate/Container/Container.php(1133): Illuminate/Foundation/Application->make('encrypter')
#10 D:/starcurrecy/vendor/laravel/framework/src/Illuminate/Container/Container.php(1043): Illuminate/Container/Container->resolveClass(Object(ReflectionParameter))
#11 D:/starcurrecy/vendor/laravel/framework/src/Illuminate/Container/Container.php(994): Illuminate/Container/Container->resolveDependencies(Array)
#12 D:/starcurrecy/vendor/laravel/framework/src/Illuminate/Container/Container.php(832): Illuminate/Container/Container->build('Illuminate//Cook...')
#13 D:/starcurrecy/vendor/laravel/framework/src/Illuminate/Foundation/Application.php(1078): Illuminate/Container/Container->resolve('Illuminate//Cook...', Array, true)
#14 D:/starcurrecy/vendor/laravel/framework/src/Illuminate/Container/Container.php(763): Illuminate/Foundation/Application->resolve('Illuminate//Cook...', Array)
#15 D:/starcurrecy/vendor/laravel/framework/src/Illuminate/Foundation/Application.php(1058): Illuminate/Container/Container->make('Illuminate//Cook...', Array)
#16 D:/starcurrecy/vendor/laravel/framework/src/Illuminate/Foundation/Http/Kernel.php(258): Illuminate/Foundation/Application->make('Illuminate//Cook...')
#17 D:/starcurrecy/vendor/laravel/framework/src/Illuminate/Foundation/Http/Kernel.php(216): Illuminate/Foundation/Http/Kernel->terminateMiddleware(Object(Illuminate/Http/Request), Object(Illuminate/Http/Response))
#18 D:/starcurrecy/vendor/laravel/framework/src/Illuminate/Foundation/Application.php(1222): Illuminate/Foundation/Http/Kernel->terminate(Object(Illuminate/Http/Request), Object(Illuminate/Http/Response))
#19 D:/starcurrecy/public/index.php(20): Illuminate/Foundation/Application->handleRequest(Object(Illuminate/Http/Request))
#20 D:/starcurrecy/vendor/laravel/framework/src/Illuminate/Foundation/resources/server.php(23): require_once('D://starcurrecy//...')
#21 {main}
"} 
[2026-08-17 09:53:36] production.ERROR: No application encryption key has been specified. {"exception":"[object] (Illuminate\\Encryption\\MissingAppKeyException(code: 0): No application encryption key has been specified. at D:/starcurrecy/vendor/laravel/framework/src/Illuminate/Encryption/EncryptionServiceProvider.php:83)
[stacktrace]
#0 D:/starcurrecy/vendor/laravel/framework/src/Illuminate/Support/helpers.php(399): Illuminate/Encryption/EncryptionServiceProvider->Illuminate/Encryption/{closure}(NULL)
#1 D:/starcurrecy/vendor/laravel/framework/src/Illuminate/Encryption/EncryptionServiceProvider.php(81): tap(NULL, Object(Closure))
#2 D:/starcurrecy/vendor/laravel/framework/src/Illuminate/Encryption/EncryptionServiceProvider.php(64): Illuminate/Encryption/EncryptionServiceProvider->key(Array)
#3 D:/starcurrecy/vendor/laravel/framework/src/Illuminate/Encryption/EncryptionServiceProvider.php(32): Illuminate/Encryption/EncryptionServiceProvider->parseKey(Array)
#4 D:/starcurrecy/vendor/laravel/framework/src/Illuminate/Container/Container.php(952): Illuminate/Encryption/EncryptionServiceProvider->Illuminate/Encryption/{closure}(Object(Illuminate/Foundation/Application), Array)
#5 D:/starcurrecy/vendor/laravel/framework/src/Illuminate/Container/Container.php(832): Illuminate/Container/Container->build(Object(Closure))
#6 D:/starcurrecy/vendor/laravel/framework/src/Illuminate/Foundation/Application.php(1078): Illuminate/Container/Container->resolve('encrypter', Array, true)
#7 D:/starcurrecy/vendor/laravel/framework/src/Illuminate/Container/Container.php(763): Illuminate/Foundation/Application->resolve('encrypter', Array)
#8 D:/starcurrecy/vendor/laravel/framework/src/Illuminate/Foundation/Application.php(1058): Illuminate/Container/Container->make('encrypter', Array)
#9 D:/starcurrecy/vendor/laravel/framework/src/Illuminate/Container/Container.php(1133): Illuminate/Foundation/Application->make('encrypter')
#10 D:/starcurrecy/vendor/laravel/framework/src/Illuminate/Container/Container.php(1043): Illuminate/Container/Container->resolveClass(Object(ReflectionParameter))
#11 D:/starcurrecy/vendor/laravel/framework/src/Illuminate/Container/Container.php(994): Illuminate/Container/Container->resolveDependencies(Array)
#12 D:/starcurrecy/vendor/laravel/framework/src/Illuminate/Container/Container.php(832): Illuminate/Container/Container->build('Illuminate//Cook...')
#13 D:/starcurrecy/vendor/laravel/framework/src/Illuminate/Foundation/Application.php(1078): Illuminate/Container/Container->resolve('Illuminate//Cook...', Array, true)
#14 D:/starcurrecy/vendor/laravel/framework/src/Illuminate/Container/Container.php(763): Illuminate/Foundation/Application->resolve('Illuminate//Cook...', Array)
#15 D:/starcurrecy/vendor/laravel/framework/src/Illuminate/Foundation/Application.php(1058): Illuminate/Container/Container->make('Illuminate//Cook...', Array)
#16 D:/starcurrecy/vendor/laravel/framework/src/Illuminate/Pipeline/Pipeline.php(198): Illuminate/Foundation/Application->make('Illuminate//Cook...')
#17 D:/starcurrecy/vendor/laravel/framework/src/Illuminate/Pipeline/Pipeline.php(127): Illuminate/Pipeline/Pipeline->Illuminate/Pipeline/{closure}(Object(Illuminate/Http/Request))
#18 D:/starcurrecy/vendor/laravel/framework/src/Illuminate/Routing/Router.php(807): Illuminate/Pipeline/Pipeline->then(Object(Closure))
#19 D:/starcurrecy/vendor/laravel/framework/src/Illuminate/Routing/Router.php(786): Illuminate/Routing/Router->runRouteWithinStack(Object(Illuminate/Routing/Route), Object(Illuminate/Http/Request))
#20 D:/starcurrecy/vendor/laravel/framework/src/Illuminate/Routing/Router.php(750): Illuminate/Routing/Router->runRoute(Object(Illuminate/Http/Request), Object(Illuminate/Routing/Route))
#21 D:/starcurrecy/vendor/laravel/framework/src/Illuminate/Routing/Router.php(739): Illuminate/Routing/Router->dispatchToRoute(Object(Illuminate/Http/Request))
#22 D:/starcurrecy/vendor/laravel/framework/src/Illuminate/Foundation/Http/Kernel.php(201): Illuminate/Routing/Router->dispatch(Object(Illuminate/Http/Request))
#23 D:/starcurrecy/vendor/laravel/framework/src/Illuminate/Pipeline/Pipeline.php(170): Illuminate/Foundation/Http/Kernel->Illuminate/Foundation/Http/{closure}(Object(Illuminate/Http/Request))
#24 D:/starcurrecy/vendor/laravel/framework/src/Illuminate/Foundation/Http/Middleware/TransformsRequest.php(21): Illuminate/Pipeline/Pipeline->Illuminate/Pipeline/{closure}(Object(Illuminate/Http/Request))
#25 D:/starcurrecy/vendor/laravel/framework/src/Illuminate/Foundation/Http/Middleware/ConvertEmptyStringsToNull.php(31): Illuminate/Foundation/Http/Middleware/TransformsRequest->handle(Object(Illuminate/Http/Request), Object(Closure))
#26 D:/starcurrecy/vendor/laravel/framework/src/Illuminate/Pipeline/Pipeline.php(209): Illuminate/Foundation/Http/Middleware/ConvertEmptyStringsToNull->handle(Object(Illuminate/Http/Request), Object(Closure))
#27 D:/starcurrecy/vendor/laravel/framework/src/Illuminate/Foundation/Http/Middleware/TransformsRequest.php(21): Illuminate/Pipeline/Pipeline->Illuminate/Pipeline/{closure}(Object(Illuminate/Http/Request))
#28 D:/starcurrecy/vendor/laravel/framework/src/Illuminate/Foundation/Http/Middleware/TrimStrings.php(51): Illuminate/Foundation/Http/Middleware/TransformsRequest->handle(Object(Illuminate/Http/Request), Object(Closure))
#29 D:/starcurrecy/vendor/laravel/framework/src/Illuminate/Pipeline/Pipeline.php(209): Illuminate/Foundation/Http/Middleware/TrimStrings->handle(Object(Illuminate/Http/Request), Object(Closure))
#30 D:/starcurrecy/vendor/laravel/framework/src/Illuminate/Http/Middleware/ValidatePostSize.php(27): Illuminate/Pipeline/Pipeline->Illuminate/Pipeline/{closure}(Object(Illuminate/Http/Request))
#31 D:/starcurrecy/vendor/laravel/framework/src/Illuminate/Pipeline/Pipeline.php(209): Illuminate/Http/Middleware/ValidatePostSize->handle(Object(Illuminate/Http/Request), Object(Closure))
#32 D:/starcurrecy/vendor/laravel/framework/src/Illuminate/Foundation/Http/Middleware/PreventRequestsDuringMaintenance.php(110): Illuminate/Pipeline/Pipeline->Illuminate/Pipeline/{closure}(Object(Illuminate/Http/Request))
#33 D:/starcurrecy/vendor/laravel/framework/src/Illuminate/Pipeline/Pipeline.php(209): Illuminate/Foundation/Http/Middleware/PreventRequestsDuringMaintenance->handle(Object(Illuminate/Http/Request), Object(Closure))
#34 D:/starcurrecy/vendor/laravel/framework/src/Illuminate/Http/Middleware/HandleCors.php(49): Illuminate/Pipeline/Pipeline->Illuminate/Pipeline/{closure}(Object(Illuminate/Http/Request))
#35 D:/starcurrecy/vendor/laravel/framework/src/Illuminate/Pipeline/Pipeline.php(209): Illuminate/Http/Middleware/HandleCors->handle(Object(Illuminate/Http/Request), Object(Closure))
#36 D:/starcurrecy/vendor/laravel/framework/src/Illuminate/Http/Middleware/TrustProxies.php(58): Illuminate/Pipeline/Pipeline->Illuminate/Pipeline/{closure}(Object(Illuminate/Http/Request))
#37 D:/starcurrecy/vendor/laravel/framework/src/Illuminate/Pipeline/Pipeline.php(209): Illuminate/Http/Middleware/TrustProxies->handle(Object(Illuminate/Http/Request), Object(Closure))
#38 D:/starcurrecy/vendor/laravel/framework/src/Illuminate/Foundation/Http/Middleware/InvokeDeferredCallbacks.php(22): Illuminate/Pipeline/Pipeline->Illuminate/Pipeline/{closure}(Object(Illuminate/Http/Request))
#39 D:/starcurrecy/vendor/laravel/framework/src/Illuminate/Pipeline/Pipeline.php(209): Illuminate/Foundation/Http/Middleware/InvokeDeferredCallbacks->handle(Object(Illuminate/Http/Request), Object(Closure))
#40 D:/starcurrecy/vendor/laravel/framework/src/Illuminate/Pipeline/Pipeline.php(127): Illuminate/Pipeline/Pipeline->Illuminate/Pipeline/{closure}(Object(Illuminate/Http/Request))
#41 D:/starcurrecy/vendor/laravel/framework/src/Illuminate/Foundation/Http/Kernel.php(176): Illuminate/Pipeline/Pipeline->then(Object(Closure))
#42 D:/starcurrecy/vendor/laravel/framework/src/Illuminate/Foundation/Http/Kernel.php(145): Illuminate/Foundation/Http/Kernel->sendRequestThroughRouter(Object(Illuminate/Http/Request))
#43 D:/starcurrecy/vendor/laravel/framework/src/Illuminate/Foundation/Application.php(1220): Illuminate/Foundation/Http/Kernel->handle(Object(Illuminate/Http/Request))
#44 D:/starcurrecy/public/index.php(20): Illuminate/Foundation/Application->handleRequest(Object(Illuminate/Http/Request))
#45 D:/starcurrecy/vendor/laravel/framework/src/Illuminate/Foundation/resources/server.php(23): require_once('D://starcurrecy//...')
#46 {main}
"} 
[2026-08-17 09:53:36] production.ERROR: No application encryption key has been specified. {"exception":"[object] (Illuminate\\Encryption\\MissingAppKeyException(code: 0): No application encryption key has been specified. at D:/starcurrecy/vendor/laravel/framework/src/Illuminate/Encryption/EncryptionServiceProvider.php:83)
[stacktrace]
#0 D:/starcurrecy/vendor/laravel/framework/src/Illuminate/Support/helpers.php(399): Illuminate/Encryption/EncryptionServiceProvider->Illuminate/Encryption/{closure}(NULL)
#1 D:/starcurrecy/vendor/laravel/framework/src/Illuminate/Encryption/EncryptionServiceProvider.php(81): tap(NULL, Object(Closure))
#2 D:/starcurrecy/vendor/laravel/framework/src/Illuminate/Encryption/EncryptionServiceProvider.php(64): Illuminate/Encryption/EncryptionServiceProvider->key(Array)
#3 D:/starcurrecy/vendor/laravel/framework/src/Illuminate/Encryption/EncryptionServiceProvider.php(32): Illuminate/Encryption/EncryptionServiceProvider->parseKey(Array)
#4 D:/starcurrecy/vendor/laravel/framework/src/Illuminate/Container/Container.php(952): Illuminate/Encryption/EncryptionServiceProvider->Illuminate/Encryption/{closure}(Object(Illuminate/Foundation/Application), Array)
#5 D:/starcurrecy/vendor/laravel/framework/src/Illuminate/Container/Container.php(832): Illuminate/Container/Container->build(Object(Closure))
#6 D:/starcurrecy/vendor/laravel/framework/src/Illuminate/Foundation/Application.php(1078): Illuminate/Container/Container->resolve('encrypter', Array, true)
#7 D:/starcurrecy/vendor/laravel/framework/src/Illuminate/Container/Container.php(763): Illuminate/Foundation/Application->resolve('encrypter', Array)
#8 D:/starcurrecy/vendor/laravel/framework/src/Illuminate/Foundation/Application.php(1058): Illuminate/Container/Container->make('encrypter', Array)
#9 D:/starcurrecy/vendor/laravel/framework/src/Illuminate/Container/Container.php(1133): Illuminate/Foundation/Application->make('encrypter')
#10 D:/starcurrecy/vendor/laravel/framework/src/Illuminate/Container/Container.php(1043): Illuminate/Container/Container->resolveClass(Object(ReflectionParameter))
#11 D:/starcurrecy/vendor/laravel/framework/src/Illuminate/Container/Container.php(994): Illuminate/Container/Container->resolveDependencies(Array)
#12 D:/starcurrecy/vendor/laravel/framework/src/Illuminate/Container/Container.php(832): Illuminate/Container/Container->build('Illuminate//Cook...')
#13 D:/starcurrecy/vendor/laravel/framework/src/Illuminate/Foundation/Application.php(1078): Illuminate/Container/Container->resolve('Illuminate//Cook...', Array, true)
#14 D:/starcurrecy/vendor/laravel/framework/src/Illuminate/Container/Container.php(763): Illuminate/Foundation/Application->resolve('Illuminate//Cook...', Array)
#15 D:/starcurrecy/vendor/laravel/framework/src/Illuminate/Foundation/Application.php(1058): Illuminate/Container/Container->make('Illuminate//Cook...', Array)
#16 D:/starcurrecy/vendor/laravel/framework/src/Illuminate/Foundation/Http/Kernel.php(258): Illuminate/Foundation/Application->make('Illuminate//Cook...')
#17 D:/starcurrecy/vendor/laravel/framework/src/Illuminate/Foundation/Http/Kernel.php(216): Illuminate/Foundation/Http/Kernel->terminateMiddleware(Object(Illuminate/Http/Request), Object(Illuminate/Http/Response))
#18 D:/starcurrecy/vendor/laravel/framework/src/Illuminate/Foundation/Application.php(1222): Illuminate/Foundation/Http/Kernel->terminate(Object(Illuminate/Http/Request), Object(Illuminate/Http/Response))
#19 D:/starcurrecy/public/index.php(20): Illuminate/Foundation/Application->handleRequest(Object(Illuminate/Http/Request))
#20 D:/starcurrecy/vendor/laravel/framework/src/Illuminate/Foundation/resources/server.php(23): require_once('D://starcurrecy//...')
#21 {main}
"} 
[2026-08-17 09:53:36] production.ERROR: No application encryption key has been specified. {"exception":"[object] (Illuminate\\Encryption\\MissingAppKeyException(code: 0): No application encryption key has been specified. at D:/starcurrecy/vendor/laravel/framework/src/Illuminate/Encryption/EncryptionServiceProvider.php:83)
[stacktrace]
#0 D:/starcurrecy/vendor/laravel/framework/src/Illuminate/Support/helpers.php(399): Illuminate/Encryption/EncryptionServiceProvider->Illuminate/Encryption/{closure}(NULL)
#1 D:/starcurrecy/vendor/laravel/framework/src/Illuminate/Encryption/EncryptionServiceProvider.php(81): tap(NULL, Object(Closure))
#2 D:/starcurrecy/vendor/laravel/framework/src/Illuminate/Encryption/EncryptionServiceProvider.php(64): Illuminate/Encryption/EncryptionServiceProvider->key(Array)
#3 D:/starcurrecy/vendor/laravel/framework/src/Illuminate/Encryption/EncryptionServiceProvider.php(32): Illuminate/Encryption/EncryptionServiceProvider->parseKey(Array)
#4 D:/starcurrecy/vendor/laravel/framework/src/Illuminate/Container/Container.php(952): Illuminate/Encryption/EncryptionServiceProvider->Illuminate/Encryption/{closure}(Object(Illuminate/Foundation/Application), Array)
#5 D:/starcurrecy/vendor/laravel/framework/src/Illuminate/Container/Container.php(832): Illuminate/Container/Container->build(Object(Closure))
#6 D:/starcurrecy/vendor/laravel/framework/src/Illuminate/Foundation/Application.php(1078): Illuminate/Container/Container->resolve('encrypter', Array, true)
#7 D:/starcurrecy/vendor/laravel/framework/src/Illuminate/Container/Container.php(763): Illuminate/Foundation/Application->resolve('encrypter', Array)
#8 D:/starcurrecy/vendor/laravel/framework/src/Illuminate/Foundation/Application.php(1058): Illuminate/Container/Container->make('encrypter', Array)
#9 D:/starcurrecy/vendor/laravel/framework/src/Illuminate/Container/Container.php(1133): Illuminate/Foundation/Application->make('encrypter')
#10 D:/starcurrecy/vendor/laravel/framework/src/Illuminate/Container/Container.php(1043): Illuminate/Container/Container->resolveClass(Object(ReflectionParameter))
#11 D:/starcurrecy/vendor/laravel/framework/src/Illuminate/Container/Container.php(994): Illuminate/Container/Container->resolveDependencies(Array)
#12 D:/starcurrecy/vendor/laravel/framework/src/Illuminate/Container/Container.php(832): Illuminate/Container/Container->build('Illuminate//Cook...')
#13 D:/starcurrecy/vendor/laravel/framework/src/Illuminate/Foundation/Application.php(1078): Illuminate/Container/Container->resolve('Illuminate//Cook...', Array, true)
#14 D:/starcurrecy/vendor/laravel/framework/src/Illuminate/Container/Container.php(763): Illuminate/Foundation/Application->resolve('Illuminate//Cook...', Array)
#15 D:/starcurrecy/vendor/laravel/framework/src/Illuminate/Foundation/Application.php(1058): Illuminate/Container/Container->make('Illuminate//Cook...', Array)
#16 D:/starcurrecy/vendor/laravel/framework/src/Illuminate/Pipeline/Pipeline.php(198): Illuminate/Foundation/Application->make('Illuminate//Cook...')
#17 D:/starcurrecy/vendor/laravel/framework/src/Illuminate/Pipeline/Pipeline.php(127): Illuminate/Pipeline/Pipeline->Illuminate/Pipeline/{closure}(Object(Illuminate/Http/Request))
#18 D:/starcurrecy/vendor/laravel/framework/src/Illuminate/Routing/Router.php(807): Illuminate/Pipeline/Pipeline->then(Object(Closure))
#19 D:/starcurrecy/vendor/laravel/framework/src/Illuminate/Routing/Router.php(786): Illuminate/Routing/Router->runRouteWithinStack(Object(Illuminate/Routing/Route), Object(Illuminate/Http/Request))
#20 D:/starcurrecy/vendor/laravel/framework/src/Illuminate/Routing/Router.php(750): Illuminate/Routing/Router->runRoute(Object(Illuminate/Http/Request), Object(Illuminate/Routing/Route))
#21 D:/starcurrecy/vendor/laravel/framework/src/Illuminate/Routing/Router.php(739): Illuminate/Routing/Router->dispatchToRoute(Object(Illuminate/Http/Request))
#22 D:/starcurrecy/vendor/laravel/framework/src/Illuminate/Foundation/Http/Kernel.php(201): Illuminate/Routing/Router->dispatch(Object(Illuminate/Http/Request))
#23 D:/starcurrecy/vendor/laravel/framework/src/Illuminate/Pipeline/Pipeline.php(170): Illuminate/Foundation/Http/Kernel->Illuminate/Foundation/Http/{closure}(Object(Illuminate/Http/Request))
#24 D:/starcurrecy/vendor/laravel/framework/src/Illuminate/Foundation/Http/Middleware/TransformsRequest.php(21): Illuminate/Pipeline/Pipeline->Illuminate/Pipeline/{closure}(Object(Illuminate/Http/Request))
#25 D:/starcurrecy/vendor/laravel/framework/src/Illuminate/Foundation/Http/Middleware/ConvertEmptyStringsToNull.php(31): Illuminate/Foundation/Http/Middleware/TransformsRequest->handle(Object(Illuminate/Http/Request), Object(Closure))
#26 D:/starcurrecy/vendor/laravel/framework/src/Illuminate/Pipeline/Pipeline.php(209): Illuminate/Foundation/Http/Middleware/ConvertEmptyStringsToNull->handle(Object(Illuminate/Http/Request), Object(Closure))
#27 D:/starcurrecy/vendor/laravel/framework/src/Illuminate/Foundation/Http/Middleware/TransformsRequest.php(21): Illuminate/Pipeline/Pipeline->Illuminate/Pipeline/{closure}(Object(Illuminate/Http/Request))
#28 D:/starcurrecy/vendor/laravel/framework/src/Illuminate/Foundation/Http/Middleware/TrimStrings.php(51): Illuminate/Foundation/Http/Middleware/TransformsRequest->handle(Object(Illuminate/Http/Request), Object(Closure))
#29 D:/starcurrecy/vendor/laravel/framework/src/Illuminate/Pipeline/Pipeline.php(209): Illuminate/Foundation/Http/Middleware/TrimStrings->handle(Object(Illuminate/Http/Request), Object(Closure))
#30 D:/starcurrecy/vendor/laravel/framework/src/Illuminate/Http/Middleware/ValidatePostSize.php(27): Illuminate/Pipeline/Pipeline->Illuminate/Pipeline/{closure}(Object(Illuminate/Http/Request))
#31 D:/starcurrecy/vendor/laravel/framework/src/Illuminate/Pipeline/Pipeline.php(209): Illuminate/Http/Middleware/ValidatePostSize->handle(Object(Illuminate/Http/Request), Object(Closure))
#32 D:/starcurrecy/vendor/laravel/framework/src/Illuminate/Foundation/Http/Middleware/PreventRequestsDuringMaintenance.php(110): Illuminate/Pipeline/Pipeline->Illuminate/Pipeline/{closure}(Object(Illuminate/Http/Request))
#33 D:/starcurrecy/vendor/laravel/framework/src/Illuminate/Pipeline/Pipeline.php(209): Illuminate/Foundation/Http/Middleware/PreventRequestsDuringMaintenance->handle(Object(Illuminate/Http/Request), Object(Closure))
#34 D:/starcurrecy/vendor/laravel/framework/src/Illuminate/Http/Middleware/HandleCors.php(49): Illuminate/Pipeline/Pipeline->Illuminate/Pipeline/{closure}(Object(Illuminate/Http/Request))
#35 D:/starcurrecy/vendor/laravel/framework/src/Illuminate/Pipeline/Pipeline.php(209): Illuminate/Http/Middleware/HandleCors->handle(Object(Illuminate/Http/Request), Object(Closure))
#36 D:/starcurrecy/vendor/laravel/framework/src/Illuminate/Http/Middleware/TrustProxies.php(58): Illuminate/Pipeline/Pipeline->Illuminate/Pipeline/{closure}(Object(Illuminate/Http/Request))
#37 D:/starcurrecy/vendor/laravel/framework/src/Illuminate/Pipeline/Pipeline.php(209): Illuminate/Http/Middleware/TrustProxies->handle(Object(Illuminate/Http/Request), Object(Closure))
#38 D:/starcurrecy/vendor/laravel/framework/src/Illuminate/Foundation/Http/Middleware/InvokeDeferredCallbacks.php(22): Illuminate/Pipeline/Pipeline->Illuminate/Pipeline/{closure}(Object(Illuminate/Http/Request))
#39 D:/starcurrecy/vendor/laravel/framework/src/Illuminate/Pipeline/Pipeline.php(209): Illuminate/Foundation/Http/Middleware/InvokeDeferredCallbacks->handle(Object(Illuminate/Http/Request), Object(Closure))
#40 D:/starcurrecy/vendor/laravel/framework/src/Illuminate/Pipeline/Pipeline.php(127): Illuminate/Pipeline/Pipeline->Illuminate/Pipeline/{closure}(Object(Illuminate/Http/Request))
#41 D:/starcurrecy/vendor/laravel/framework/src/Illuminate/Foundation/Http/Kernel.php(176): Illuminate/Pipeline/Pipeline->then(Object(Closure))
#42 D:/starcurrecy/vendor/laravel/framework/src/Illuminate/Foundation/Http/Kernel.php(145): Illuminate/Foundation/Http/Kernel->sendRequestThroughRouter(Object(Illuminate/Http/Request))
#43 D:/starcurrecy/vendor/laravel/framework/src/Illuminate/Foundation/Application.php(1220): Illuminate/Foundation/Http/Kernel->handle(Object(Illuminate/Http/Request))
#44 D:/starcurrecy/public/index.php(20): Illuminate/Foundation/Application->handleRequest(Object(Illuminate/Http/Request))
#45 D:/starcurrecy/vendor/laravel/framework/src/Illuminate/Foundation/resources/server.php(23): require_once('D://starcurrecy//...')
#46 {main}
"} 
[2026-08-17 09:53:36] production.ERROR: No application encryption key has been specified. {"exception":"[object] (Illuminate\\Encryption\\MissingAppKeyException(code: 0): No application encryption key has been specified. at D:/starcurrecy/vendor/laravel/framework/src/Illuminate/Encryption/EncryptionServiceProvider.php:83)
[stacktrace]
#0 D:/starcurrecy/vendor/laravel/framework/src/Illuminate/Support/helpers.php(399): Illuminate/Encryption/EncryptionServiceProvider->Illuminate/Encryption/{closure}(NULL)
#1 D:/starcurrecy/vendor/laravel/framework/src/Illuminate/Encryption/EncryptionServiceProvider.php(81): tap(NULL, Object(Closure))
#2 D:/starcurrecy/vendor/laravel/framework/src/Illuminate/Encryption/EncryptionServiceProvider.php(64): Illuminate/Encryption/EncryptionServiceProvider->key(Array)
#3 D:/starcurrecy/vendor/laravel/framework/src/Illuminate/Encryption/EncryptionServiceProvider.php(32): Illuminate/Encryption/EncryptionServiceProvider->parseKey(Array)
#4 D:/starcurrecy/vendor/laravel/framework/src/Illuminate/Container/Container.php(952): Illuminate/Encryption/EncryptionServiceProvider->Illuminate/Encryption/{closure}(Object(Illuminate/Foundation/Application), Array)
#5 D:/starcurrecy/vendor/laravel/framework/src/Illuminate/Container/Container.php(832): Illuminate/Container/Container->build(Object(Closure))
#6 D:/starcurrecy/vendor/laravel/framework/src/Illuminate/Foundation/Application.php(1078): Illuminate/Container/Container->resolve('encrypter', Array, true)
#7 D:/starcurrecy/vendor/laravel/framework/src/Illuminate/Container/Container.php(763): Illuminate/Foundation/Application->resolve('encrypter', Array)
#8 D:/starcurrecy/vendor/laravel/framework/src/Illuminate/Foundation/Application.php(1058): Illuminate/Container/Container->make('encrypter', Array)
#9 D:/starcurrecy/vendor/laravel/framework/src/Illuminate/Container/Container.php(1133): Illuminate/Foundation/Application->make('encrypter')
#10 D:/starcurrecy/vendor/laravel/framework/src/Illuminate/Container/Container.php(1043): Illuminate/Container/Container->resolveClass(Object(ReflectionParameter))
#11 D:/starcurrecy/vendor/laravel/framework/src/Illuminate/Container/Container.php(994): Illuminate/Container/Container->resolveDependencies(Array)
#12 D:/starcurrecy/vendor/laravel/framework/src/Illuminate/Container/Container.php(832): Illuminate/Container/Container->build('Illuminate//Cook...')
#13 D:/starcurrecy/vendor/laravel/framework/src/Illuminate/Foundation/Application.php(1078): Illuminate/Container/Container->resolve('Illuminate//Cook...', Array, true)
#14 D:/starcurrecy/vendor/laravel/framework/src/Illuminate/Container/Container.php(763): Illuminate/Foundation/Application->resolve('Illuminate//Cook...', Array)
#15 D:/starcurrecy/vendor/laravel/framework/src/Illuminate/Foundation/Application.php(1058): Illuminate/Container/Container->make('Illuminate//Cook...', Array)
#16 D:/starcurrecy/vendor/laravel/framework/src/Illuminate/Foundation/Http/Kernel.php(258): Illuminate/Foundation/Application->make('Illuminate//Cook...')
#17 D:/starcurrecy/vendor/laravel/framework/src/Illuminate/Foundation/Http/Kernel.php(216): Illuminate/Foundation/Http/Kernel->terminateMiddleware(Object(Illuminate/Http/Request), Object(Illuminate/Http/Response))
#18 D:/starcurrecy/vendor/laravel/framework/src/Illuminate/Foundation/Application.php(1222): Illuminate/Foundation/Http/Kernel->terminate(Object(Illuminate/Http/Request), Object(Illuminate/Http/Response))
#19 D:/starcurrecy/public/index.php(20): Illuminate/Foundation/Application->handleRequest(Object(Illuminate/Http/Request))
#20 D:/starcurrecy/vendor/laravel/framework/src/Illuminate/Foundation/resources/server.php(23): require_once('D://starcurrecy//...')
#21 {main}
"} 
[2026-08-17 09:53:37] production.ERROR: No application encryption key has been specified. {"exception":"[object] (Illuminate\\Encryption\\MissingAppKeyException(code: 0): No application encryption key has been specified. at D:/starcurrecy/vendor/laravel/framework/src/Illuminate/Encryption/EncryptionServiceProvider.php:83)
[stacktrace]
#0 D:/starcurrecy/vendor/laravel/framework/src/Illuminate/Support/helpers.php(399): Illuminate/Encryption/EncryptionServiceProvider->Illuminate/Encryption/{closure}(NULL)
#1 D:/starcurrecy/vendor/laravel/framework/src/Illuminate/Encryption/EncryptionServiceProvider.php(81): tap(NULL, Object(Closure))
#2 D:/starcurrecy/vendor/laravel/framework/src/Illuminate/Encryption/EncryptionServiceProvider.php(64): Illuminate/Encryption/EncryptionServiceProvider->key(Array)
#3 D:/starcurrecy/vendor/laravel/framework/src/Illuminate/Encryption/EncryptionServiceProvider.php(32): Illuminate/Encryption/EncryptionServiceProvider->parseKey(Array)
#4 D:/starcurrecy/vendor/laravel/framework/src/Illuminate/Container/Container.php(952): Illuminate/Encryption/EncryptionServiceProvider->Illuminate/Encryption/{closure}(Object(Illuminate/Foundation/Application), Array)
#5 D:/starcurrecy/vendor/laravel/framework/src/Illuminate/Container/Container.php(832): Illuminate/Container/Container->build(Object(Closure))
#6 D:/starcurrecy/vendor/laravel/framework/src/Illuminate/Foundation/Application.php(1078): Illuminate/Container/Container->resolve('encrypter', Array, true)
#7 D:/starcurrecy/vendor/laravel/framework/src/Illuminate/Container/Container.php(763): Illuminate/Foundation/Application->resolve('encrypter', Array)
#8 D:/starcurrecy/vendor/laravel/framework/src/Illuminate/Foundation/Application.php(1058): Illuminate/Container/Container->make('encrypter', Array)
#9 D:/starcurrecy/vendor/laravel/framework/src/Illuminate/Container/Container.php(1133): Illuminate/Foundation/Application->make('encrypter')
#10 D:/starcurrecy/vendor/laravel/framework/src/Illuminate/Container/Container.php(1043): Illuminate/Container/Container->resolveClass(Object(ReflectionParameter))
#11 D:/starcurrecy/vendor/laravel/framework/src/Illuminate/Container/Container.php(994): Illuminate/Container/Container->resolveDependencies(Array)
#12 D:/starcurrecy/vendor/laravel/framework/src/Illuminate/Container/Container.php(832): Illuminate/Container/Container->build('Illuminate//Cook...')
#13 D:/starcurrecy/vendor/laravel/framework/src/Illuminate/Foundation/Application.php(1078): Illuminate/Container/Container->resolve('Illuminate//Cook...', Array, true)
#14 D:/starcurrecy/vendor/laravel/framework/src/Illuminate/Container/Container.php(763): Illuminate/Foundation/Application->resolve('Illuminate//Cook...', Array)
#15 D:/starcurrecy/vendor/laravel/framework/src/Illuminate/Foundation/Application.php(1058): Illuminate/Container/Container->make('Illuminate//Cook...', Array)
#16 D:/starcurrecy/vendor/laravel/framework/src/Illuminate/Pipeline/Pipeline.php(198): Illuminate/Foundation/Application->make('Illuminate//Cook...')
#17 D:/starcurrecy/vendor/laravel/framework/src/Illuminate/Pipeline/Pipeline.php(127): Illuminate/Pipeline/Pipeline->Illuminate/Pipeline/{closure}(Object(Illuminate/Http/Request))
#18 D:/starcurrecy/vendor/laravel/framework/src/Illuminate/Routing/Router.php(807): Illuminate/Pipeline/Pipeline->then(Object(Closure))
#19 D:/starcurrecy/vendor/laravel/framework/src/Illuminate/Routing/Router.php(786): Illuminate/Routing/Router->runRouteWithinStack(Object(Illuminate/Routing/Route), Object(Illuminate/Http/Request))
#20 D:/starcurrecy/vendor/laravel/framework/src/Illuminate/Routing/Router.php(750): Illuminate/Routing/Router->runRoute(Object(Illuminate/Http/Request), Object(Illuminate/Routing/Route))
#21 D:/starcurrecy/vendor/laravel/framework/src/Illuminate/Routing/Router.php(739): Illuminate/Routing/Router->dispatchToRoute(Object(Illuminate/Http/Request))
#22 D:/starcurrecy/vendor/laravel/framework/src/Illuminate/Foundation/Http/Kernel.php(201): Illuminate/Routing/Router->dispatch(Object(Illuminate/Http/Request))
#23 D:/starcurrecy/vendor/laravel/framework/src/Illuminate/Pipeline/Pipeline.php(170): Illuminate/Foundation/Http/Kernel->Illuminate/Foundation/Http/{closure}(Object(Illuminate/Http/Request))
#24 D:/starcurrecy/vendor/laravel/framework/src/Illuminate/Foundation/Http/Middleware/TransformsRequest.php(21): Illuminate/Pipeline/Pipeline->Illuminate/Pipeline/{closure}(Object(Illuminate/Http/Request))
#25 D:/starcurrecy/vendor/laravel/framework/src/Illuminate/Foundation/Http/Middleware/ConvertEmptyStringsToNull.php(31): Illuminate/Foundation/Http/Middleware/TransformsRequest->handle(Object(Illuminate/Http/Request), Object(Closure))
#26 D:/starcurrecy/vendor/laravel/framework/src/Illuminate/Pipeline/Pipeline.php(209): Illuminate/Foundation/Http/Middleware/ConvertEmptyStringsToNull->handle(Object(Illuminate/Http/Request), Object(Closure))
#27 D:/starcurrecy/vendor/laravel/framework/src/Illuminate/Foundation/Http/Middleware/TransformsRequest.php(21): Illuminate/Pipeline/Pipeline->Illuminate/Pipeline/{closure}(Object(Illuminate/Http/Request))
#28 D:/starcurrecy/vendor/laravel/framework/src/Illuminate/Foundation/Http/Middleware/TrimStrings.php(51): Illuminate/Foundation/Http/Middleware/TransformsRequest->handle(Object(Illuminate/Http/Request), Object(Closure))
#29 D:/starcurrecy/vendor/laravel/framework/src/Illuminate/Pipeline/Pipeline.php(209): Illuminate/Foundation/Http/Middleware/TrimStrings->handle(Object(Illuminate/Http/Request), Object(Closure))
#30 D:/starcurrecy/vendor/laravel/framework/src/Illuminate/Http/Middleware/ValidatePostSize.php(27): Illuminate/Pipeline/Pipeline->Illuminate/Pipeline/{closure}(Object(Illuminate/Http/Request))
#31 D:/starcurrecy/vendor/laravel/framework/src/Illuminate/Pipeline/Pipeline.php(209): Illuminate/Http/Middleware/ValidatePostSize->handle(Object(Illuminate/Http/Request), Object(Closure))
#32 D:/starcurrecy/vendor/laravel/framework/src/Illuminate/Foundation/Http/Middleware/PreventRequestsDuringMaintenance.php(110): Illuminate/Pipeline/Pipeline->Illuminate/Pipeline/{closure}(Object(Illuminate/Http/Request))
#33 D:/starcurrecy/vendor/laravel/framework/src/Illuminate/Pipeline/Pipeline.php(209): Illuminate/Foundation/Http/Middleware/PreventRequestsDuringMaintenance->handle(Object(Illuminate/Http/Request), Object(Closure))
#34 D:/starcurrecy/vendor/laravel/framework/src/Illuminate/Http/Middleware/HandleCors.php(49): Illuminate/Pipeline/Pipeline->Illuminate/Pipeline/{closure}(Object(Illuminate/Http/Request))
#35 D:/starcurrecy/vendor/laravel/framework/src/Illuminate/Pipeline/Pipeline.php(209): Illuminate/Http/Middleware/HandleCors->handle(Object(Illuminate/Http/Request), Object(Closure))
#36 D:/starcurrecy/vendor/laravel/framework/src/Illuminate/Http/Middleware/TrustProxies.php(58): Illuminate/Pipeline/Pipeline->Illuminate/Pipeline/{closure}(Object(Illuminate/Http/Request))
#37 D:/starcurrecy/vendor/laravel/framework/src/Illuminate/Pipeline/Pipeline.php(209): Illuminate/Http/Middleware/TrustProxies->handle(Object(Illuminate/Http/Request), Object(Closure))
#38 D:/starcurrecy/vendor/laravel/framework/src/Illuminate/Foundation/Http/Middleware/InvokeDeferredCallbacks.php(22): Illuminate/Pipeline/Pipeline->Illuminate/Pipeline/{closure}(Object(Illuminate/Http/Request))
#39 D:/starcurrecy/vendor/laravel/framework/src/Illuminate/Pipeline/Pipeline.php(209): Illuminate/Foundation/Http/Middleware/InvokeDeferredCallbacks->handle(Object(Illuminate/Http/Request), Object(Closure))
#40 D:/starcurrecy/vendor/laravel/framework/src/Illuminate/Pipeline/Pipeline.php(127): Illuminate/Pipeline/Pipeline->Illuminate/Pipeline/{closure}(Object(Illuminate/Http/Request))
#41 D:/starcurrecy/vendor/laravel/framework/src/Illuminate/Foundation/Http/Kernel.php(176): Illuminate/Pipeline/Pipeline->then(Object(Closure))
#42 D:/starcurrecy/vendor/laravel/framework/src/Illuminate/Foundation/Http/Kernel.php(145): Illuminate/Foundation/Http/Kernel->sendRequestThroughRouter(Object(Illuminate/Http/Request))
#43 D:/starcurrecy/vendor/laravel/framework/src/Illuminate/Foundation/Application.php(1220): Illuminate/Foundation/Http/Kernel->handle(Object(Illuminate/Http/Request))
#44 D:/starcurrecy/public/index.php(20): Illuminate/Foundation/Application->handleRequest(Object(Illuminate/Http/Request))
#45 D:/starcurrecy/vendor/laravel/framework/src/Illuminate/Foundation/resources/server.php(23): require_once('D://starcurrecy//...')
#46 {main}
"} 
[2026-08-17 09:53:37] production.ERROR: No application encryption key has been specified. {"exception":"[object] (Illuminate\\Encryption\\MissingAppKeyException(code: 0): No application encryption key has been specified. at D:/starcurrecy/vendor/laravel/framework/src/Illuminate/Encryption/EncryptionServiceProvider.php:83)
[stacktrace]
#0 D:/starcurrecy/vendor/laravel/framework/src/Illuminate/Support/helpers.php(399): Illuminate/Encryption/EncryptionServiceProvider->Illuminate/Encryption/{closure}(NULL)
#1 D:/starcurrecy/vendor/laravel/framework/src/Illuminate/Encryption/EncryptionServiceProvider.php(81): tap(NULL, Object(Closure))
#2 D:/starcurrecy/vendor/laravel/framework/src/Illuminate/Encryption/EncryptionServiceProvider.php(64): Illuminate/Encryption/EncryptionServiceProvider->key(Array)
#3 D:/starcurrecy/vendor/laravel/framework/src/Illuminate/Encryption/EncryptionServiceProvider.php(32): Illuminate/Encryption/EncryptionServiceProvider->parseKey(Array)
#4 D:/starcurrecy/vendor/laravel/framework/src/Illuminate/Container/Container.php(952): Illuminate/Encryption/EncryptionServiceProvider->Illuminate/Encryption/{closure}(Object(Illuminate/Foundation/Application), Array)
#5 D:/starcurrecy/vendor/laravel/framework/src/Illuminate/Container/Container.php(832): Illuminate/Container/Container->build(Object(Closure))
#6 D:/starcurrecy/vendor/laravel/framework/src/Illuminate/Foundation/Application.php(1078): Illuminate/Container/Container->resolve('encrypter', Array, true)
#7 D:/starcurrecy/vendor/laravel/framework/src/Illuminate/Container/Container.php(763): Illuminate/Foundation/Application->resolve('encrypter', Array)
#8 D:/starcurrecy/vendor/laravel/framework/src/Illuminate/Foundation/Application.php(1058): Illuminate/Container/Container->make('encrypter', Array)
#9 D:/starcurrecy/vendor/laravel/framework/src/Illuminate/Container/Container.php(1133): Illuminate/Foundation/Application->make('encrypter')
#10 D:/starcurrecy/vendor/laravel/framework/src/Illuminate/Container/Container.php(1043): Illuminate/Container/Container->resolveClass(Object(ReflectionParameter))
#11 D:/starcurrecy/vendor/laravel/framework/src/Illuminate/Container/Container.php(994): Illuminate/Container/Container->resolveDependencies(Array)
#12 D:/starcurrecy/vendor/laravel/framework/src/Illuminate/Container/Container.php(832): Illuminate/Container/Container->build('Illuminate//Cook...')
#13 D:/starcurrecy/vendor/laravel/framework/src/Illuminate/Foundation/Application.php(1078): Illuminate/Container/Container->resolve('Illuminate//Cook...', Array, true)
#14 D:/starcurrecy/vendor/laravel/framework/src/Illuminate/Container/Container.php(763): Illuminate/Foundation/Application->resolve('Illuminate//Cook...', Array)
#15 D:/starcurrecy/vendor/laravel/framework/src/Illuminate/Foundation/Application.php(1058): Illuminate/Container/Container->make('Illuminate//Cook...', Array)
#16 D:/starcurrecy/vendor/laravel/framework/src/Illuminate/Foundation/Http/Kernel.php(258): Illuminate/Foundation/Application->make('Illuminate//Cook...')
#17 D:/starcurrecy/vendor/laravel/framework/src/Illuminate/Foundation/Http/Kernel.php(216): Illuminate/Foundation/Http/Kernel->terminateMiddleware(Object(Illuminate/Http/Request), Object(Illuminate/Http/Response))
#18 D:/starcurrecy/vendor/laravel/framework/src/Illuminate/Foundation/Application.php(1222): Illuminate/Foundation/Http/Kernel->terminate(Object(Illuminate/Http/Request), Object(Illuminate/Http/Response))
#19 D:/starcurrecy/public/index.php(20): Illuminate/Foundation/Application->handleRequest(Object(Illuminate/Http/Request))
#20 D:/starcurrecy/vendor/laravel/framework/src/Illuminate/Foundation/resources/server.php(23): require_once('D://starcurrecy//...')
#21 {main}
"} 
[2026-08-17 09:53:54] production.ERROR: No application encryption key has been specified. {"exception":"[object] (Illuminate\\Encryption\\MissingAppKeyException(code: 0): No application encryption key has been specified. at D:/starcurrecy/vendor/laravel/framework/src/Illuminate/Encryption/EncryptionServiceProvider.php:83)
[stacktrace]
#0 D:/starcurrecy/vendor/laravel/framework/src/Illuminate/Support/helpers.php(399): Illuminate/Encryption/EncryptionServiceProvider->Illuminate/Encryption/{closure}(NULL)
#1 D:/starcurrecy/vendor/laravel/framework/src/Illuminate/Encryption/EncryptionServiceProvider.php(81): tap(NULL, Object(Closure))
#2 D:/starcurrecy/vendor/laravel/framework/src/Illuminate/Encryption/EncryptionServiceProvider.php(64): Illuminate/Encryption/EncryptionServiceProvider->key(Array)
#3 D:/starcurrecy/vendor/laravel/framework/src/Illuminate/Encryption/EncryptionServiceProvider.php(32): Illuminate/Encryption/EncryptionServiceProvider->parseKey(Array)
#4 D:/starcurrecy/vendor/laravel/framework/src/Illuminate/Container/Container.php(952): Illuminate/Encryption/EncryptionServiceProvider->Illuminate/Encryption/{closure}(Object(Illuminate/Foundation/Application), Array)
#5 D:/starcurrecy/vendor/laravel/framework/src/Illuminate/Container/Container.php(832): Illuminate/Container/Container->build(Object(Closure))
#6 D:/starcurrecy/vendor/laravel/framework/src/Illuminate/Foundation/Application.php(1078): Illuminate/Container/Container->resolve('encrypter', Array, true)
#7 D:/starcurrecy/vendor/laravel/framework/src/Illuminate/Container/Container.php(763): Illuminate/Foundation/Application->resolve('encrypter', Array)
#8 D:/starcurrecy/vendor/laravel/framework/src/Illuminate/Foundation/Application.php(1058): Illuminate/Container/Container->make('encrypter', Array)
#9 D:/starcurrecy/vendor/laravel/framework/src/Illuminate/Container/Container.php(1133): Illuminate/Foundation/Application->make('encrypter')
#10 D:/starcurrecy/vendor/laravel/framework/src/Illuminate/Container/Container.php(1043): Illuminate/Container/Container->resolveClass(Object(ReflectionParameter))
#11 D:/starcurrecy/vendor/laravel/framework/src/Illuminate/Container/Container.php(994): Illuminate/Container/Container->resolveDependencies(Array)
#12 D:/starcurrecy/vendor/laravel/framework/src/Illuminate/Container/Container.php(832): Illuminate/Container/Container->build('Illuminate//Cook...')
#13 D:/starcurrecy/vendor/laravel/framework/src/Illuminate/Foundation/Application.php(1078): Illuminate/Container/Container->resolve('Illuminate//Cook...', Array, true)
#14 D:/starcurrecy/vendor/laravel/framework/src/Illuminate/Container/Container.php(763): Illuminate/Foundation/Application->resolve('Illuminate//Cook...', Array)
#15 D:/starcurrecy/vendor/laravel/framework/src/Illuminate/Foundation/Application.php(1058): Illuminate/Container/Container->make('Illuminate//Cook...', Array)
#16 D:/starcurrecy/vendor/laravel/framework/src/Illuminate/Pipeline/Pipeline.php(198): Illuminate/Foundation/Application->make('Illuminate//Cook...')
#17 D:/starcurrecy/vendor/laravel/framework/src/Illuminate/Pipeline/Pipeline.php(127): Illuminate/Pipeline/Pipeline->Illuminate/Pipeline/{closure}(Object(Illuminate/Http/Request))
#18 D:/starcurrecy/vendor/laravel/framework/src/Illuminate/Routing/Router.php(807): Illuminate/Pipeline/Pipeline->then(Object(Closure))
#19 D:/starcurrecy/vendor/laravel/framework/src/Illuminate/Routing/Router.php(786): Illuminate/Routing/Router->runRouteWithinStack(Object(Illuminate/Routing/Route), Object(Illuminate/Http/Request))
#20 D:/starcurrecy/vendor/laravel/framework/src/Illuminate/Routing/Router.php(750): Illuminate/Routing/Router->runRoute(Object(Illuminate/Http/Request), Object(Illuminate/Routing/Route))
#21 D:/starcurrecy/vendor/laravel/framework/src/Illuminate/Routing/Router.php(739): Illuminate/Routing/Router->dispatchToRoute(Object(Illuminate/Http/Request))
#22 D:/starcurrecy/vendor/laravel/framework/src/Illuminate/Foundation/Http/Kernel.php(201): Illuminate/Routing/Router->dispatch(Object(Illuminate/Http/Request))
#23 D:/starcurrecy/vendor/laravel/framework/src/Illuminate/Pipeline/Pipeline.php(170): Illuminate/Foundation/Http/Kernel->Illuminate/Foundation/Http/{closure}(Object(Illuminate/Http/Request))
#24 D:/starcurrecy/vendor/laravel/framework/src/Illuminate/Foundation/Http/Middleware/TransformsRequest.php(21): Illuminate/Pipeline/Pipeline->Illuminate/Pipeline/{closure}(Object(Illuminate/Http/Request))
#25 D:/starcurrecy/vendor/laravel/framework/src/Illuminate/Foundation/Http/Middleware/ConvertEmptyStringsToNull.php(31): Illuminate/Foundation/Http/Middleware/TransformsRequest->handle(Object(Illuminate/Http/Request), Object(Closure))
#26 D:/starcurrecy/vendor/laravel/framework/src/Illuminate/Pipeline/Pipeline.php(209): Illuminate/Foundation/Http/Middleware/ConvertEmptyStringsToNull->handle(Object(Illuminate/Http/Request), Object(Closure))
#27 D:/starcurrecy/vendor/laravel/framework/src/Illuminate/Foundation/Http/Middleware/TransformsRequest.php(21): Illuminate/Pipeline/Pipeline->Illuminate/Pipeline/{closure}(Object(Illuminate/Http/Request))
#28 D:/starcurrecy/vendor/laravel/framework/src/Illuminate/Foundation/Http/Middleware/TrimStrings.php(51): Illuminate/Foundation/Http/Middleware/TransformsRequest->handle(Object(Illuminate/Http/Request), Object(Closure))
#29 D:/starcurrecy/vendor/laravel/framework/src/Illuminate/Pipeline/Pipeline.php(209): Illuminate/Foundation/Http/Middleware/TrimStrings->handle(Object(Illuminate/Http/Request), Object(Closure))
#30 D:/starcurrecy/vendor/laravel/framework/src/Illuminate/Http/Middleware/ValidatePostSize.php(27): Illuminate/Pipeline/Pipeline->Illuminate/Pipeline/{closure}(Object(Illuminate/Http/Request))
#31 D:/starcurrecy/vendor/laravel/framework/src/Illuminate/Pipeline/Pipeline.php(209): Illuminate/Http/Middleware/ValidatePostSize->handle(Object(Illuminate/Http/Request), Object(Closure))
#32 D:/starcurrecy/vendor/laravel/framework/src/Illuminate/Foundation/Http/Middleware/PreventRequestsDuringMaintenance.php(110): Illuminate/Pipeline/Pipeline->Illuminate/Pipeline/{closure}(Object(Illuminate/Http/Request))
#33 D:/starcurrecy/vendor/laravel/framework/src/Illuminate/Pipeline/Pipeline.php(209): Illuminate/Foundation/Http/Middleware/PreventRequestsDuringMaintenance->handle(Object(Illuminate/Http/Request), Object(Closure))
#34 D:/starcurrecy/vendor/laravel/framework/src/Illuminate/Http/Middleware/HandleCors.php(49): Illuminate/Pipeline/Pipeline->Illuminate/Pipeline/{closure}(Object(Illuminate/Http/Request))
#35 D:/starcurrecy/vendor/laravel/framework/src/Illuminate/Pipeline/Pipeline.php(209): Illuminate/Http/Middleware/HandleCors->handle(Object(Illuminate/Http/Request), Object(Closure))
#36 D:/starcurrecy/vendor/laravel/framework/src/Illuminate/Http/Middleware/TrustProxies.php(58): Illuminate/Pipeline/Pipeline->Illuminate/Pipeline/{closure}(Object(Illuminate/Http/Request))
#37 D:/starcurrecy/vendor/laravel/framework/src/Illuminate/Pipeline/Pipeline.php(209): Illuminate/Http/Middleware/TrustProxies->handle(Object(Illuminate/Http/Request), Object(Closure))
#38 D:/starcurrecy/vendor/laravel/framework/src/Illuminate/Foundation/Http/Middleware/InvokeDeferredCallbacks.php(22): Illuminate/Pipeline/Pipeline->Illuminate/Pipeline/{closure}(Object(Illuminate/Http/Request))
#39 D:/starcurrecy/vendor/laravel/framework/src/Illuminate/Pipeline/Pipeline.php(209): Illuminate/Foundation/Http/Middleware/InvokeDeferredCallbacks->handle(Object(Illuminate/Http/Request), Object(Closure))
#40 D:/starcurrecy/vendor/laravel/framework/src/Illuminate/Pipeline/Pipeline.php(127): Illuminate/Pipeline/Pipeline->Illuminate/Pipeline/{closure}(Object(Illuminate/Http/Request))
#41 D:/starcurrecy/vendor/laravel/framework/src/Illuminate/Foundation/Http/Kernel.php(176): Illuminate/Pipeline/Pipeline->then(Object(Closure))
#42 D:/starcurrecy/vendor/laravel/framework/src/Illuminate/Foundation/Http/Kernel.php(145): Illuminate/Foundation/Http/Kernel->sendRequestThroughRouter(Object(Illuminate/Http/Request))
#43 D:/starcurrecy/vendor/laravel/framework/src/Illuminate/Foundation/Application.php(1220): Illuminate/Foundation/Http/Kernel->handle(Object(Illuminate/Http/Request))
#44 D:/starcurrecy/public/index.php(20): Illuminate/Foundation/Application->handleRequest(Object(Illuminate/Http/Request))
#45 D:/starcurrecy/vendor/laravel/framework/src/Illuminate/Foundation/resources/server.php(23): require_once('D://starcurrecy//...')
#46 {main}
"} 
[2026-08-17 09:53:54] production.ERROR: No application encryption key has been specified. {"exception":"[object] (Illuminate\\Encryption\\MissingAppKeyException(code: 0): No application encryption key has been specified. at D:/starcurrecy/vendor/laravel/framework/src/Illuminate/Encryption/EncryptionServiceProvider.php:83)
[stacktrace]
#0 D:/starcurrecy/vendor/laravel/framework/src/Illuminate/Support/helpers.php(399): Illuminate/Encryption/EncryptionServiceProvider->Illuminate/Encryption/{closure}(NULL)
#1 D:/starcurrecy/vendor/laravel/framework/src/Illuminate/Encryption/EncryptionServiceProvider.php(81): tap(NULL, Object(Closure))
#2 D:/starcurrecy/vendor/laravel/framework/src/Illuminate/Encryption/EncryptionServiceProvider.php(64): Illuminate/Encryption/EncryptionServiceProvider->key(Array)
#3 D:/starcurrecy/vendor/laravel/framework/src/Illuminate/Encryption/EncryptionServiceProvider.php(32): Illuminate/Encryption/EncryptionServiceProvider->parseKey(Array)
#4 D:/starcurrecy/vendor/laravel/framework/src/Illuminate/Container/Container.php(952): Illuminate/Encryption/EncryptionServiceProvider->Illuminate/Encryption/{closure}(Object(Illuminate/Foundation/Application), Array)
#5 D:/starcurrecy/vendor/laravel/framework/src/Illuminate/Container/Container.php(832): Illuminate/Container/Container->build(Object(Closure))
#6 D:/starcurrecy/vendor/laravel/framework/src/Illuminate/Foundation/Application.php(1078): Illuminate/Container/Container->resolve('encrypter', Array, true)
#7 D:/starcurrecy/vendor/laravel/framework/src/Illuminate/Container/Container.php(763): Illuminate/Foundation/Application->resolve('encrypter', Array)
#8 D:/starcurrecy/vendor/laravel/framework/src/Illuminate/Foundation/Application.php(1058): Illuminate/Container/Container->make('encrypter', Array)
#9 D:/starcurrecy/vendor/laravel/framework/src/Illuminate/Container/Container.php(1133): Illuminate/Foundation/Application->make('encrypter')
#10 D:/starcurrecy/vendor/laravel/framework/src/Illuminate/Container/Container.php(1043): Illuminate/Container/Container->resolveClass(Object(ReflectionParameter))
#11 D:/starcurrecy/vendor/laravel/framework/src/Illuminate/Container/Container.php(994): Illuminate/Container/Container->resolveDependencies(Array)
#12 D:/starcurrecy/vendor/laravel/framework/src/Illuminate/Container/Container.php(832): Illuminate/Container/Container->build('Illuminate//Cook...')
#13 D:/starcurrecy/vendor/laravel/framework/src/Illuminate/Foundation/Application.php(1078): Illuminate/Container/Container->resolve('Illuminate//Cook...', Array, true)
#14 D:/starcurrecy/vendor/laravel/framework/src/Illuminate/Container/Container.php(763): Illuminate/Foundation/Application->resolve('Illuminate//Cook...', Array)
#15 D:/starcurrecy/vendor/laravel/framework/src/Illuminate/Foundation/Application.php(1058): Illuminate/Container/Container->make('Illuminate//Cook...', Array)
#16 D:/starcurrecy/vendor/laravel/framework/src/Illuminate/Foundation/Http/Kernel.php(258): Illuminate/Foundation/Application->make('Illuminate//Cook...')
#17 D:/starcurrecy/vendor/laravel/framework/src/Illuminate/Foundation/Http/Kernel.php(216): Illuminate/Foundation/Http/Kernel->terminateMiddleware(Object(Illuminate/Http/Request), Object(Illuminate/Http/Response))
#18 D:/starcurrecy/vendor/laravel/framework/src/Illuminate/Foundation/Application.php(1222): Illuminate/Foundation/Http/Kernel->terminate(Object(Illuminate/Http/Request), Object(Illuminate/Http/Response))
#19 D:/starcurrecy/public/index.php(20): Illuminate/Foundation/Application->handleRequest(Object(Illuminate/Http/Request))
#20 D:/starcurrecy/vendor/laravel/framework/src/Illuminate/Foundation/resources/server.php(23): require_once('D://starcurrecy//...')
#21 {main}
"} 
[2026-08-17 09:55:10] local.ERROR: Database file at path [database.sqlite] does not exist. Ensure this is an absolute path to the database. (Connection: sqlite, SQL: select * from "sessions" where "id" = URKLH8x2B3fDCleryDcxPHpAfzRoy2JoYpnzkWzr limit 1) {"exception":"[object] (Illuminate\\Database\\QueryException(code: 0): Database file at path [database.sqlite] does not exist. Ensure this is an absolute path to the database. (Connection: sqlite, SQL: select * from \"sessions\" where \"id\" = URKLH8x2B3fDCleryDcxPHpAfzRoy2JoYpnzkWzr limit 1) at D:/starcurrecy/vendor/laravel/framework/src/Illuminate/Database/Connection.php:825)
[stacktrace]
#0 D:/starcurrecy/vendor/laravel/framework/src/Illuminate/Database/Connection.php(779): Illuminate/Database/Connection->runQueryCallback('select * from \"...', Array, Object(Closure))
#1 D:/starcurrecy/vendor/laravel/framework/src/Illuminate/Database/Connection.php(398): Illuminate/Database/Connection->run('select * from \"...', Array, Object(Closure))
#2 D:/starcurrecy/vendor/laravel/framework/src/Illuminate/Database/Query/Builder.php(3106): Illuminate/Database/Connection->select('select * from \"...', Array, false)
#3 D:/starcurrecy/vendor/laravel/framework/src/Illuminate/Database/Query/Builder.php(3091): Illuminate/Database/Query/Builder->runSelect()
#4 D:/starcurrecy/vendor/laravel/framework/src/Illuminate/Database/Query/Builder.php(3676): Illuminate/Database/Query/Builder->Illuminate/Database/Query/{closure}()
#5 D:/starcurrecy/vendor/laravel/framework/src/Illuminate/Database/Query/Builder.php(3090): Illuminate/Database/Query/Builder->onceWithColumns(Array, Object(Closure))
#6 D:/starcurrecy/vendor/laravel/framework/src/Illuminate/Database/Concerns/BuildsQueries.php(343): Illuminate/Database/Query/Builder->get(Array)
#7 D:/starcurrecy/vendor/laravel/framework/src/Illuminate/Database/Query/Builder.php(3013): Illuminate/Database/Query/Builder->first(Array)
#8 D:/starcurrecy/vendor/laravel/framework/src/Illuminate/Session/DatabaseSessionHandler.php(97): Illuminate/Database/Query/Builder->find('URKLH8x2B3fDCle...')
#9 D:/starcurrecy/vendor/laravel/framework/src/Illuminate/Session/Store.php(117): Illuminate/Session/DatabaseSessionHandler->read('URKLH8x2B3fDCle...')
#10 D:/starcurrecy/vendor/laravel/framework/src/Illuminate/Session/Store.php(105): Illuminate/Session/Store->readFromHandler()
#11 D:/starcurrecy/vendor/laravel/framework/src/Illuminate/Session/Store.php(89): Illuminate/Session/Store->loadSession()
#12 D:/starcurrecy/vendor/laravel/framework/src/Illuminate/Session/Middleware/StartSession.php(147): Illuminate/Session/Store->start()
#13 D:/starcurrecy/vendor/laravel/framework/src/Illuminate/Support/helpers.php(399): Illuminate/Session/Middleware/StartSession->Illuminate/Session/Middleware/{closure}(Object(Illuminate/Session/Store))
#14 D:/starcurrecy/vendor/laravel/framework/src/Illuminate/Session/Middleware/StartSession.php(144): tap(Object(Illuminate/Session/Store), Object(Closure))
#15 D:/starcurrecy/vendor/laravel/framework/src/Illuminate/Session/Middleware/StartSession.php(116): Illuminate/Session/Middleware/StartSession->startSession(Object(Illuminate/Http/Request), Object(Illuminate/Session/Store))
#16 D:/starcurrecy/vendor/laravel/framework/src/Illuminate/Session/Middleware/StartSession.php(64): Illuminate/Session/Middleware/StartSession->handleStatefulRequest(Object(Illuminate/Http/Request), Object(Illuminate/Session/Store), Object(Closure))
#17 D:/starcurrecy/vendor/laravel/framework/src/Illuminate/Pipeline/Pipeline.php(209): Illuminate/Session/Middleware/StartSession->handle(Object(Illuminate/Http/Request), Object(Closure))
#18 D:/starcurrecy/vendor/laravel/framework/src/Illuminate/Cookie/Middleware/AddQueuedCookiesToResponse.php(37): Illuminate/Pipeline/Pipeline->Illuminate/Pipeline/{closure}(Object(Illuminate/Http/Request))
#19 D:/starcurrecy/vendor/laravel/framework/src/Illuminate/Pipeline/Pipeline.php(209): Illuminate/Cookie/Middleware/AddQueuedCookiesToResponse->handle(Object(Illuminate/Http/Request), Object(Closure))
#20 D:/starcurrecy/vendor/laravel/framework/src/Illuminate/Cookie/Middleware/EncryptCookies.php(75): Illuminate/Pipeline/Pipeline->Illuminate/Pipeline/{closure}(Object(Illuminate/Http/Request))
#21 D:/starcurrecy/vendor/laravel/framework/src/Illuminate/Pipeline/Pipeline.php(209): Illuminate/Cookie/Middleware/EncryptCookies->handle(Object(Illuminate/Http/Request), Object(Closure))
#22 D:/starcurrecy/vendor/laravel/framework/src/Illuminate/Pipeline/Pipeline.php(127): Illuminate/Pipeline/Pipeline->Illuminate/Pipeline/{closure}(Object(Illuminate/Http/Request))
#23 D:/starcurrecy/vendor/laravel/framework/src/Illuminate/Routing/Router.php(807): Illuminate/Pipeline/Pipeline->then(Object(Closure))
#24 D:/starcurrecy/vendor/laravel/framework/src/Illuminate/Routing/Router.php(786): Illuminate/Routing/Router->runRouteWithinStack(Object(Illuminate/Routing/Route), Object(Illuminate/Http/Request))
#25 D:/starcurrecy/vendor/laravel/framework/src/Illuminate/Routing/Router.php(750): Illuminate/Routing/Router->runRoute(Object(Illuminate/Http/Request), Object(Illuminate/Routing/Route))
#26 D:/starcurrecy/vendor/laravel/framework/src/Illuminate/Routing/Router.php(739): Illuminate/Routing/Router->dispatchToRoute(Object(Illuminate/Http/Request))
#27 D:/starcurrecy/vendor/laravel/framework/src/Illuminate/Foundation/Http/Kernel.php(201): Illuminate/Routing/Router->dispatch(Object(Illuminate/Http/Request))
#28 D:/starcurrecy/vendor/laravel/framework/src/Illuminate/Pipeline/Pipeline.php(170): Illuminate/Foundation/Http/Kernel->Illuminate/Foundation/Http/{closure}(Object(Illuminate/Http/Request))
#29 D:/starcurrecy/vendor/laravel/framework/src/Illuminate/Foundation/Http/Middleware/TransformsRequest.php(21): Illuminate/Pipeline/Pipeline->Illuminate/Pipeline/{closure}(Object(Illuminate/Http/Request))
#30 D:/starcurrecy/vendor/laravel/framework/src/Illuminate/Foundation/Http/Middleware/ConvertEmptyStringsToNull.php(31): Illuminate/Foundation/Http/Middleware/TransformsRequest->handle(Object(Illuminate/Http/Request), Object(Closure))
#31 D:/starcurrecy/vendor/laravel/framework/src/Illuminate/Pipeline/Pipeline.php(209): Illuminate/Foundation/Http/Middleware/ConvertEmptyStringsToNull->handle(Object(Illuminate/Http/Request), Object(Closure))
#32 D:/starcurrecy/vendor/laravel/framework/src/Illuminate/Foundation/Http/Middleware/TransformsRequest.php(21): Illuminate/Pipeline/Pipeline->Illuminate/Pipeline/{closure}(Object(Illuminate/Http/Request))
#33 D:/starcurrecy/vendor/laravel/framework/src/Illuminate/Foundation/Http/Middleware/TrimStrings.php(51): Illuminate/Foundation/Http/Middleware/TransformsRequest->handle(Object(Illuminate/Http/Request), Object(Closure))
#34 D:/starcurrecy/vendor/laravel/framework/src/Illuminate/Pipeline/Pipeline.php(209): Illuminate/Foundation/Http/Middleware/TrimStrings->handle(Object(Illuminate/Http/Request), Object(Closure))
#35 D:/starcurrecy/vendor/laravel/framework/src/Illuminate/Http/Middleware/ValidatePostSize.php(27): Illuminate/Pipeline/Pipeline->Illuminate/Pipeline/{closure}(Object(Illuminate/Http/Request))
#36 D:/starcurrecy/vendor/laravel/framework/src/Illuminate/Pipeline/Pipeline.php(209): Illuminate/Http/Middleware/ValidatePostSize->handle(Object(Illuminate/Http/Request), Object(Closure))
#37 D:/starcurrecy/vendor/laravel/framework/src/Illuminate/Foundation/Http/Middleware/PreventRequestsDuringMaintenance.php(110): Illuminate/Pipeline/Pipeline->Illuminate/Pipeline/{closure}(Object(Illuminate/Http/Request))
#38 D:/starcurrecy/vendor/laravel/framework/src/Illuminate/Pipeline/Pipeline.php(209): Illuminate/Foundation/Http/Middleware/PreventRequestsDuringMaintenance->handle(Object(Illuminate/Http/Request), Object(Closure))
#39 D:/starcurrecy/vendor/laravel/framework/src/Illuminate/Http/Middleware/HandleCors.php(49): Illuminate/Pipeline/Pipeline->Illuminate/Pipeline/{closure}(Object(Illuminate/Http/Request))
#40 D:/starcurrecy/vendor/laravel/framework/src/Illuminate/Pipeline/Pipeline.php(209): Illuminate/Http/Middleware/HandleCors->handle(Object(Illuminate/Http/Request), Object(Closure))
#41 D:/starcurrecy/vendor/laravel/framework/src/Illuminate/Http/Middleware/TrustProxies.php(58): Illuminate/Pipeline/Pipeline->Illuminate/Pipeline/{closure}(Object(Illuminate/Http/Request))
#42 D:/starcurrecy/vendor/laravel/framework/src/Illuminate/Pipeline/Pipeline.php(209): Illuminate/Http/Middleware/TrustProxies->handle(Object(Illuminate/Http/Request), Object(Closure))
#43 D:/starcurrecy/vendor/laravel/framework/src/Illuminate/Foundation/Http/Middleware/InvokeDeferredCallbacks.php(22): Illuminate/Pipeline/Pipeline->Illuminate/Pipeline/{closure}(Object(Illuminate/Http/Request))
#44 D:/starcurrecy/vendor/laravel/framework/src/Illuminate/Pipeline/Pipeline.php(209): Illuminate/Foundation/Http/Middleware/InvokeDeferredCallbacks->handle(Object(Illuminate/Http/Request), Object(Closure))
#45 D:/starcurrecy/vendor/laravel/framework/src/Illuminate/Pipeline/Pipeline.php(127): Illuminate/Pipeline/Pipeline->Illuminate/Pipeline/{closure}(Object(Illuminate/Http/Request))
#46 D:/starcurrecy/vendor/laravel/framework/src/Illuminate/Foundation/Http/Kernel.php(176): Illuminate/Pipeline/Pipeline->then(Object(Closure))
#47 D:/starcurrecy/vendor/laravel/framework/src/Illuminate/Foundation/Http/Kernel.php(145): Illuminate/Foundation/Http/Kernel->sendRequestThroughRouter(Object(Illuminate/Http/Request))
#48 D:/starcurrecy/vendor/laravel/framework/src/Illuminate/Foundation/Application.php(1220): Illuminate/Foundation/Http/Kernel->handle(Object(Illuminate/Http/Request))
#49 D:/starcurrecy/public/index.php(20): Illuminate/Foundation/Application->handleRequest(Object(Illuminate/Http/Request))
#50 D:/starcurrecy/vendor/laravel/framework/src/Illuminate/Foundation/resources/server.php(23): require_once('D://starcurrecy//...')
#51 {main}

[previous exception] [object] (Illuminate\\Database\\SQLiteDatabaseDoesNotExistException(code: 0): Database file at path [database.sqlite] does not exist. Ensure this is an absolute path to the database. at D:/starcurrecy/vendor/laravel/framework/src/Illuminate/Database/Connectors/SQLiteConnector.php:37)
[stacktrace]
#0 D:/starcurrecy/vendor/laravel/framework/src/Illuminate/Database/Connectors/ConnectionFactory.php(224): Illuminate/Database/Connectors/SQLiteConnector->connect(Array)
#1 [internal function]: Illuminate/Database/Connectors/ConnectionFactory->Illuminate/Database/Connectors/{closure}()
#2 D:/starcurrecy/vendor/laravel/framework/src/Illuminate/Database/Connection.php(1231): call_user_func(Object(Closure))
#3 D:/starcurrecy/vendor/laravel/framework/src/Illuminate/Database/Connection.php(512): Illuminate/Database/Connection->getPdo()
#4 D:/starcurrecy/vendor/laravel/framework/src/Illuminate/Database/Connection.php(407): Illuminate/Database/Connection->getPdoForSelect(false)
#5 D:/starcurrecy/vendor/laravel/framework/src/Illuminate/Database/Connection.php(812): Illuminate/Database/Connection->Illuminate/Database/{closure}('select * from \"...', Array)
#6 D:/starcurrecy/vendor/laravel/framework/src/Illuminate/Database/Connection.php(779): Illuminate/Database/Connection->runQueryCallback('select * from \"...', Array, Object(Closure))
#7 D:/starcurrecy/vendor/laravel/framework/src/Illuminate/Database/Connection.php(398): Illuminate/Database/Connection->run('select * from \"...', Array, Object(Closure))
#8 D:/starcurrecy/vendor/laravel/framework/src/Illuminate/Database/Query/Builder.php(3106): Illuminate/Database/Connection->select('select * from \"...', Array, false)
#9 D:/starcurrecy/vendor/laravel/framework/src/Illuminate/Database/Query/Builder.php(3091): Illuminate/Database/Query/Builder->runSelect()
#10 D:/starcurrecy/vendor/laravel/framework/src/Illuminate/Database/Query/Builder.php(3676): Illuminate/Database/Query/Builder->Illuminate/Database/Query/{closure}()
#11 D:/starcurrecy/vendor/laravel/framework/src/Illuminate/Database/Query/Builder.php(3090): Illuminate/Database/Query/Builder->onceWithColumns(Array, Object(Closure))
#12 D:/starcurrecy/vendor/laravel/framework/src/Illuminate/Database/Concerns/BuildsQueries.php(343): Illuminate/Database/Query/Builder->get(Array)
#13 D:/starcurrecy/vendor/laravel/framework/src/Illuminate/Database/Query/Builder.php(3013): Illuminate/Database/Query/Builder->first(Array)
#14 D:/starcurrecy/vendor/laravel/framework/src/Illuminate/Session/DatabaseSessionHandler.php(97): Illuminate/Database/Query/Builder->find('URKLH8x2B3fDCle...')
#15 D:/starcurrecy/vendor/laravel/framework/src/Illuminate/Session/Store.php(117): Illuminate/Session/DatabaseSessionHandler->read('URKLH8x2B3fDCle...')
#16 D:/starcurrecy/vendor/laravel/framework/src/Illuminate/Session/Store.php(105): Illuminate/Session/Store->readFromHandler()
#17 D:/starcurrecy/vendor/laravel/framework/src/Illuminate/Session/Store.php(89): Illuminate/Session/Store->loadSession()
#18 D:/starcurrecy/vendor/laravel/framework/src/Illuminate/Session/Middleware/StartSession.php(147): Illuminate/Session/Store->start()
#19 D:/starcurrecy/vendor/laravel/framework/src/Illuminate/Support/helpers.php(399): Illuminate/Session/Middleware/StartSession->Illuminate/Session/Middleware/{closure}(Object(Illuminate/Session/Store))
#20 D:/starcurrecy/vendor/laravel/framework/src/Illuminate/Session/Middleware/StartSession.php(144): tap(Object(Illuminate/Session/Store), Object(Closure))
#21 D:/starcurrecy/vendor/laravel/framework/src/Illuminate/Session/Middleware/StartSession.php(116): Illuminate/Session/Middleware/StartSession->startSession(Object(Illuminate/Http/Request), Object(Illuminate/Session/Store))
#22 D:/starcurrecy/vendor/laravel/framework/src/Illuminate/Session/Middleware/StartSession.php(64): Illuminate/Session/Middleware/StartSession->handleStatefulRequest(Object(Illuminate/Http/Request), Object(Illuminate/Session/Store), Object(Closure))
#23 D:/starcurrecy/vendor/laravel/framework/src/Illuminate/Pipeline/Pipeline.php(209): Illuminate/Session/Middleware/StartSession->handle(Object(Illuminate/Http/Request), Object(Closure))
#24 D:/starcurrecy/vendor/laravel/framework/src/Illuminate/Cookie/Middleware/AddQueuedCookiesToResponse.php(37): Illuminate/Pipeline/Pipeline->Illuminate/Pipeline/{closure}(Object(Illuminate/Http/Request))
#25 D:/starcurrecy/vendor/laravel/framework/src/Illuminate/Pipeline/Pipeline.php(209): Illuminate/Cookie/Middleware/AddQueuedCookiesToResponse->handle(Object(Illuminate/Http/Request), Object(Closure))
#26 D:/starcurrecy/vendor/laravel/framework/src/Illuminate/Cookie/Middleware/EncryptCookies.php(75): Illuminate/Pipeline/Pipeline->Illuminate/Pipeline/{closure}(Object(Illuminate/Http/Request))
#27 D:/starcurrecy/vendor/laravel/framework/src/Illuminate/Pipeline/Pipeline.php(209): Illuminate/Cookie/Middleware/EncryptCookies->handle(Object(Illuminate/Http/Request), Object(Closure))
#28 D:/starcurrecy/vendor/laravel/framework/src/Illuminate/Pipeline/Pipeline.php(127): Illuminate/Pipeline/Pipeline->Illuminate/Pipeline/{closure}(Object(Illuminate/Http/Request))
#29 D:/starcurrecy/vendor/laravel/framework/src/Illuminate/Routing/Router.php(807): Illuminate/Pipeline/Pipeline->then(Object(Closure))
#30 D:/starcurrecy/vendor/laravel/framework/src/Illuminate/Routing/Router.php(786): Illuminate/Routing/Router->runRouteWithinStack(Object(Illuminate/Routing/Route), Object(Illuminate/Http/Request))
#31 D:/starcurrecy/vendor/laravel/framework/src/Illuminate/Routing/Router.php(750): Illuminate/Routing/Router->runRoute(Object(Illuminate/Http/Request), Object(Illuminate/Routing/Route))
#32 D:/starcurrecy/vendor/laravel/framework/src/Illuminate/Routing/Router.php(739): Illuminate/Routing/Router->dispatchToRoute(Object(Illuminate/Http/Request))
#33 D:/starcurrecy/vendor/laravel/framework/src/Illuminate/Foundation/Http/Kernel.php(201): Illuminate/Routing/Router->dispatch(Object(Illuminate/Http/Request))
#34 D:/starcurrecy/vendor/laravel/framework/src/Illuminate/Pipeline/Pipeline.php(170): Illuminate/Foundation/Http/Kernel->Illuminate/Foundation/Http/{closure}(Object(Illuminate/Http/Request))
#35 D:/starcurrecy/vendor/laravel/framework/src/Illuminate/Foundation/Http/Middleware/TransformsRequest.php(21): Illuminate/Pipeline/Pipeline->Illuminate/Pipeline/{closure}(Object(Illuminate/Http/Request))
#36 D:/starcurrecy/vendor/laravel/framework/src/Illuminate/Foundation/Http/Middleware/ConvertEmptyStringsToNull.php(31): Illuminate/Foundation/Http/Middleware/TransformsRequest->handle(Object(Illuminate/Http/Request), Object(Closure))
#37 D:/starcurrecy/vendor/laravel/framework/src/Illuminate/Pipeline/Pipeline.php(209): Illuminate/Foundation/Http/Middleware/ConvertEmptyStringsToNull->handle(Object(Illuminate/Http/Request), Object(Closure))
#38 D:/starcurrecy/vendor/laravel/framework/src/Illuminate/Foundation/Http/Middleware/TransformsRequest.php(21): Illuminate/Pipeline/Pipeline->Illuminate/Pipeline/{closure}(Object(Illuminate/Http/Request))
#39 D:/starcurrecy/vendor/laravel/framework/src/Illuminate/Foundation/Http/Middleware/TrimStrings.php(51): Illuminate/Foundation/Http/Middleware/TransformsRequest->handle(Object(Illuminate/Http/Request), Object(Closure))
#40 D:/starcurrecy/vendor/laravel/framework/src/Illuminate/Pipeline/Pipeline.php(209): Illuminate/Foundation/Http/Middleware/TrimStrings->handle(Object(Illuminate/Http/Request), Object(Closure))
#41 D:/starcurrecy/vendor/laravel/framework/src/Illuminate/Http/Middleware/ValidatePostSize.php(27): Illuminate/Pipeline/Pipeline->Illuminate/Pipeline/{closure}(Object(Illuminate/Http/Request))
#42 D:/starcurrecy/vendor/laravel/framework/src/Illuminate/Pipeline/Pipeline.php(209): Illuminate/Http/Middleware/ValidatePostSize->handle(Object(Illuminate/Http/Request), Object(Closure))
#43 D:/starcurrecy/vendor/laravel/framework/src/Illuminate/Foundation/Http/Middleware/PreventRequestsDuringMaintenance.php(110): Illuminate/Pipeline/Pipeline->Illuminate/Pipeline/{closure}(Object(Illuminate/Http/Request))
#44 D:/starcurrecy/vendor/laravel/framework/src/Illuminate/Pipeline/Pipeline.php(209): Illuminate/Foundation/Http/Middleware/PreventRequestsDuringMaintenance->handle(Object(Illuminate/Http/Request), Object(Closure))
#45 D:/starcurrecy/vendor/laravel/framework/src/Illuminate/Http/Middleware/HandleCors.php(49): Illuminate/Pipeline/Pipeline->Illuminate/Pipeline/{closure}(Object(Illuminate/Http/Request))
#46 D:/starcurrecy/vendor/laravel/framework/src/Illuminate/Pipeline/Pipeline.php(209): Illuminate/Http/Middleware/HandleCors->handle(Object(Illuminate/Http/Request), Object(Closure))
#47 D:/starcurrecy/vendor/laravel/framework/src/Illuminate/Http/Middleware/TrustProxies.php(58): Illuminate/Pipeline/Pipeline->Illuminate/Pipeline/{closure}(Object(Illuminate/Http/Request))
#48 D:/starcurrecy/vendor/laravel/framework/src/Illuminate/Pipeline/Pipeline.php(209): Illuminate/Http/Middleware/TrustProxies->handle(Object(Illuminate/Http/Request), Object(Closure))
#49 D:/starcurrecy/vendor/laravel/framework/src/Illuminate/Foundation/Http/Middleware/InvokeDeferredCallbacks.php(22): Illuminate/Pipeline/Pipeline->Illuminate/Pipeline/{closure}(Object(Illuminate/Http/Request))
#50 D:/starcurrecy/vendor/laravel/framework/src/Illuminate/Pipeline/Pipeline.php(209): Illuminate/Foundation/Http/Middleware/InvokeDeferredCallbacks->handle(Object(Illuminate/Http/Request), Object(Closure))
#51 D:/starcurrecy/vendor/laravel/framework/src/Illuminate/Pipeline/Pipeline.php(127): Illuminate/Pipeline/Pipeline->Illuminate/Pipeline/{closure}(Object(Illuminate/Http/Request))
#52 D:/starcurrecy/vendor/laravel/framework/src/Illuminate/Foundation/Http/Kernel.php(176): Illuminate/Pipeline/Pipeline->then(Object(Closure))
#53 D:/starcurrecy/vendor/laravel/framework/src/Illuminate/Foundation/Http/Kernel.php(145): Illuminate/Foundation/Http/Kernel->sendRequestThroughRouter(Object(Illuminate/Http/Request))
#54 D:/starcurrecy/vendor/laravel/framework/src/Illuminate/Foundation/Application.php(1220): Illuminate/Foundation/Http/Kernel->handle(Object(Illuminate/Http/Request))
#55 D:/starcurrecy/public/index.php(20): Illuminate/Foundation/Application->handleRequest(Object(Illuminate/Http/Request))
#56 D:/starcurrecy/vendor/laravel/framework/src/Illuminate/Foundation/resources/server.php(23): require_once('D://starcurrecy//...')
#57 {main}
"} 
[2026-08-17 10:34:05] local.ERROR: Class "SebastianBergmann\Environment\Console" not found {"exception":"[object] (Error(code: 0): Class \"SebastianBergmann\\Environment\\Console\" not found at D:/starcurrecy/vendor/nunomaduro/collision/src/Adapters/Laravel/Commands/TestCommand.php:190)
[stacktrace]
#0 D:/starcurrecy/vendor/nunomaduro/collision/src/Adapters/Laravel/Commands/TestCommand.php(229): NunoMaduro/Collision/Adapters/Laravel/Commands/TestCommand->commonArguments()
#1 D:/starcurrecy/vendor/nunomaduro/collision/src/Adapters/Laravel/Commands/TestCommand.php(105): NunoMaduro/Collision/Adapters/Laravel/Commands/TestCommand->phpunitArguments(Array)
#2 D:/starcurrecy/vendor/laravel/framework/src/Illuminate/Container/BoundMethod.php(36): NunoMaduro/Collision/Adapters/Laravel/Commands/TestCommand->handle()
#3 D:/starcurrecy/vendor/laravel/framework/src/Illuminate/Container/Util.php(43): Illuminate/Container/BoundMethod::Illuminate/Container/{closure}()
#4 D:/starcurrecy/vendor/laravel/framework/src/Illuminate/Container/BoundMethod.php(95): Illuminate/Container/Util::unwrapIfClosure(Object(Closure))
#5 D:/starcurrecy/vendor/laravel/framework/src/Illuminate/Container/BoundMethod.php(35): Illuminate/Container/BoundMethod::callBoundMethod(Object(Illuminate/Foundation/Application), Array, Object(Closure))
#6 D:/starcurrecy/vendor/laravel/framework/src/Illuminate/Container/Container.php(696): Illuminate/Container/BoundMethod::call(Object(Illuminate/Foundation/Application), Array, Array, NULL)
#7 D:/starcurrecy/vendor/laravel/framework/src/Illuminate/Console/Command.php(213): Illuminate/Container/Container->call(Array)
#8 D:/starcurrecy/vendor/symfony/console/Command/Command.php(341): Illuminate/Console/Command->execute(Object(Symfony/Component/Console/Input/ArgvInput), Object(Illuminate/Console/OutputStyle))
#9 D:/starcurrecy/vendor/laravel/framework/src/Illuminate/Console/Command.php(182): Symfony/Component/Console/Command/Command->run(Object(Symfony/Component/Console/Input/ArgvInput), Object(Illuminate/Console/OutputStyle))
#10 D:/starcurrecy/vendor/symfony/console/Application.php(1117): Illuminate/Console/Command->run(Object(Symfony/Component/Console/Input/ArgvInput), Object(Symfony/Component/Console/Output/ConsoleOutput))
#11 D:/starcurrecy/vendor/symfony/console/Application.php(356): Symfony/Component/Console/Application->doRunCommand(Object(NunoMaduro/Collision/Adapters/Laravel/Commands/TestCommand), Object(Symfony/Component/Console/Input/ArgvInput), Object(Symfony/Component/Console/Output/ConsoleOutput))
#12 D:/starcurrecy/vendor/symfony/console/Application.php(195): Symfony/Component/Console/Application->doRun(Object(Symfony/Component/Console/Input/ArgvInput), Object(Symfony/Component/Console/Output/ConsoleOutput))
#13 D:/starcurrecy/vendor/laravel/framework/src/Illuminate/Foundation/Console/Kernel.php(198): Symfony/Component/Console/Application->run(Object(Symfony/Component/Console/Input/ArgvInput), Object(Symfony/Component/Console/Output/ConsoleOutput))
#14 D:/starcurrecy/vendor/laravel/framework/src/Illuminate/Foundation/Application.php(1235): Illuminate/Foundation/Console/Kernel->handle(Object(Symfony/Component/Console/Input/ArgvInput), Object(Symfony/Component/Console/Output/ConsoleOutput))
#15 D:/starcurrecy/artisan(13): Illuminate/Foundation/Application->handleCommand(Object(Symfony/Component/Console/Input/ArgvInput))
#16 {main}
"} 
[2026-08-17 10:38:41] local.ERROR: Class "SebastianBergmann\Environment\Console" not found {"exception":"[object] (Error(code: 0): Class \"SebastianBergmann\\Environment\\Console\" not found at D:/starcurrecy/vendor/nunomaduro/collision/src/Adapters/Laravel/Commands/TestCommand.php:190)
[stacktrace]
#0 D:/starcurrecy/vendor/nunomaduro/collision/src/Adapters/Laravel/Commands/TestCommand.php(229): NunoMaduro/Collision/Adapters/Laravel/Commands/TestCommand->commonArguments()
#1 D:/starcurrecy/vendor/nunomaduro/collision/src/Adapters/Laravel/Commands/TestCommand.php(105): NunoMaduro/Collision/Adapters/Laravel/Commands/TestCommand->phpunitArguments(Array)
#2 D:/starcurrecy/vendor/laravel/framework/src/Illuminate/Container/BoundMethod.php(36): NunoMaduro/Collision/Adapters/Laravel/Commands/TestCommand->handle()
#3 D:/starcurrecy/vendor/laravel/framework/src/Illuminate/Container/Util.php(43): Illuminate/Container/BoundMethod::Illuminate/Container/{closure}()
#4 D:/starcurrecy/vendor/laravel/framework/src/Illuminate/Container/BoundMethod.php(95): Illuminate/Container/Util::unwrapIfClosure(Object(Closure))
#5 D:/starcurrecy/vendor/laravel/framework/src/Illuminate/Container/BoundMethod.php(35): Illuminate/Container/BoundMethod::callBoundMethod(Object(Illuminate/Foundation/Application), Array, Object(Closure))
#6 D:/starcurrecy/vendor/laravel/framework/src/Illuminate/Container/Container.php(696): Illuminate/Container/BoundMethod::call(Object(Illuminate/Foundation/Application), Array, Array, NULL)
#7 D:/starcurrecy/vendor/laravel/framework/src/Illuminate/Console/Command.php(213): Illuminate/Container/Container->call(Array)
#8 D:/starcurrecy/vendor/symfony/console/Command/Command.php(341): Illuminate/Console/Command->execute(Object(Symfony/Component/Console/Input/ArgvInput), Object(Illuminate/Console/OutputStyle))
#9 D:/starcurrecy/vendor/laravel/framework/src/Illuminate/Console/Command.php(182): Symfony/Component/Console/Command/Command->run(Object(Symfony/Component/Console/Input/ArgvInput), Object(Illuminate/Console/OutputStyle))
#10 D:/starcurrecy/vendor/symfony/console/Application.php(1117): Illuminate/Console/Command->run(Object(Symfony/Component/Console/Input/ArgvInput), Object(Symfony/Component/Console/Output/ConsoleOutput))
#11 D:/starcurrecy/vendor/symfony/console/Application.php(356): Symfony/Component/Console/Application->doRunCommand(Object(NunoMaduro/Collision/Adapters/Laravel/Commands/TestCommand), Object(Symfony/Component/Console/Input/ArgvInput), Object(Symfony/Component/Console/Output/ConsoleOutput))
#12 D:/starcurrecy/vendor/symfony/console/Application.php(195): Symfony/Component/Console/Application->doRun(Object(Symfony/Component/Console/Input/ArgvInput), Object(Symfony/Component/Console/Output/ConsoleOutput))
#13 D:/starcurrecy/vendor/laravel/framework/src/Illuminate/Foundation/Console/Kernel.php(198): Symfony/Component/Console/Application->run(Object(Symfony/Component/Console/Input/ArgvInput), Object(Symfony/Component/Console/Output/ConsoleOutput))
#14 D:/starcurrecy/vendor/laravel/framework/src/Illuminate/Foundation/Application.php(1235): Illuminate/Foundation/Console/Kernel->handle(Object(Symfony/Component/Console/Input/ArgvInput), Object(Symfony/Component/Console/Output/ConsoleOutput))
#15 D:/starcurrecy/artisan(13): Illuminate/Foundation/Application->handleCommand(Object(Symfony/Component/Console/Input/ArgvInput))
#16 {main}
"} 
[2026-08-17 10:41:50] local.ERROR: PHP Parse error: Syntax error, unexpected T_NS_SEPARATOR on line 1 {"exception":"[object] (Psy\\Exception\\ParseErrorException(code: 0): PHP Parse error: Syntax error, unexpected T_NS_SEPARATOR on line 1 at D:/starcurrecy/vendor/psy/psysh/src/Exception/ParseErrorException.php:44)
[stacktrace]
#0 D:/starcurrecy/vendor/psy/psysh/src/CodeCleaner.php(657): Psy/Exception/ParseErrorException::fromParseError(Object(PhpParser/Error))
#1 D:/starcurrecy/vendor/psy/psysh/src/CodeCleaner.php(273): Psy/CodeCleaner->parse('<?php // = App////...', false)
#2 D:/starcurrecy/vendor/psy/psysh/src/Shell.php(1399): Psy/CodeCleaner->clean(Array, false)
#3 D:/starcurrecy/vendor/psy/psysh/src/Shell.php(1506): Psy/Shell->appendCode('// = App////Models...', true, false)
#4 D:/starcurrecy/vendor/psy/psysh/src/Shell.php(2215): Psy/Shell->setCode('// = App////Models...', true)
#5 D:/starcurrecy/vendor/laravel/tinker/src/Console/TinkerCommand.php(77): Psy/Shell->execute('// = App////Models...')
#6 D:/starcurrecy/vendor/laravel/framework/src/Illuminate/Container/BoundMethod.php(36): Laravel/Tinker/Console/TinkerCommand->handle()
#7 D:/starcurrecy/vendor/laravel/framework/src/Illuminate/Container/Util.php(43): Illuminate/Container/BoundMethod::Illuminate/Container/{closure}()
#8 D:/starcurrecy/vendor/laravel/framework/src/Illuminate/Container/BoundMethod.php(95): Illuminate/Container/Util::unwrapIfClosure(Object(Closure))
#9 D:/starcurrecy/vendor/laravel/framework/src/Illuminate/Container/BoundMethod.php(35): Illuminate/Container/BoundMethod::callBoundMethod(Object(Illuminate/Foundation/Application), Array, Object(Closure))
#10 D:/starcurrecy/vendor/laravel/framework/src/Illuminate/Container/Container.php(696): Illuminate/Container/BoundMethod::call(Object(Illuminate/Foundation/Application), Array, Array, NULL)
#11 D:/starcurrecy/vendor/laravel/framework/src/Illuminate/Console/Command.php(213): Illuminate/Container/Container->call(Array)
#12 D:/starcurrecy/vendor/symfony/console/Command/Command.php(341): Illuminate/Console/Command->execute(Object(Symfony/Component/Console/Input/ArgvInput), Object(Illuminate/Console/OutputStyle))
#13 D:/starcurrecy/vendor/laravel/framework/src/Illuminate/Console/Command.php(182): Symfony/Component/Console/Command/Command->run(Object(Symfony/Component/Console/Input/ArgvInput), Object(Illuminate/Console/OutputStyle))
#14 D:/starcurrecy/vendor/symfony/console/Application.php(1117): Illuminate/Console/Command->run(Object(Symfony/Component/Console/Input/ArgvInput), Object(Symfony/Component/Console/Output/ConsoleOutput))
#15 D:/starcurrecy/vendor/symfony/console/Application.php(356): Symfony/Component/Console/Application->doRunCommand(Object(Laravel/Tinker/Console/TinkerCommand), Object(Symfony/Component/Console/Input/ArgvInput), Object(Symfony/Component/Console/Output/ConsoleOutput))
#16 D:/starcurrecy/vendor/symfony/console/Application.php(195): Symfony/Component/Console/Application->doRun(Object(Symfony/Component/Console/Input/ArgvInput), Object(Symfony/Component/Console/Output/ConsoleOutput))
#17 D:/starcurrecy/vendor/laravel/framework/src/Illuminate/Foundation/Console/Kernel.php(198): Symfony/Component/Console/Application->run(Object(Symfony/Component/Console/Input/ArgvInput), Object(Symfony/Component/Console/Output/ConsoleOutput))
#18 D:/starcurrecy/vendor/laravel/framework/src/Illuminate/Foundation/Application.php(1235): Illuminate/Foundation/Console/Kernel->handle(Object(Symfony/Component/Console/Input/ArgvInput), Object(Symfony/Component/Console/Output/ConsoleOutput))
#19 D:/starcurrecy/artisan(13): Illuminate/Foundation/Application->handleCommand(Object(Symfony/Component/Console/Input/ArgvInput))
#20 {main}
"} 
[2026-08-17 11:00:11] local.ERROR: PHP Parse error: Syntax error, unexpected T_NS_SEPARATOR on line 1 {"exception":"[object] (Psy\\Exception\\ParseErrorException(code: 0): PHP Parse error: Syntax error, unexpected T_NS_SEPARATOR on line 1 at D:/starcurrecy/vendor/psy/psysh/src/Exception/ParseErrorException.php:44)
[stacktrace]
#0 D:/starcurrecy/vendor/psy/psysh/src/CodeCleaner.php(657): Psy/Exception/ParseErrorException::fromParseError(Object(PhpParser/Error))
#1 D:/starcurrecy/vendor/psy/psysh/src/CodeCleaner.php(273): Psy/CodeCleaner->parse('<?php // = App////...', false)
#2 D:/starcurrecy/vendor/psy/psysh/src/Shell.php(1399): Psy/CodeCleaner->clean(Array, false)
#3 D:/starcurrecy/vendor/psy/psysh/src/Shell.php(1506): Psy/Shell->appendCode('// = App////Models...', true, false)
#4 D:/starcurrecy/vendor/psy/psysh/src/Shell.php(2215): Psy/Shell->setCode('// = App////Models...', true)
#5 D:/starcurrecy/vendor/laravel/tinker/src/Console/TinkerCommand.php(77): Psy/Shell->execute('// = App////Models...')
#6 D:/starcurrecy/vendor/laravel/framework/src/Illuminate/Container/BoundMethod.php(36): Laravel/Tinker/Console/TinkerCommand->handle()
#7 D:/starcurrecy/vendor/laravel/framework/src/Illuminate/Container/Util.php(43): Illuminate/Container/BoundMethod::Illuminate/Container/{closure}()
#8 D:/starcurrecy/vendor/laravel/framework/src/Illuminate/Container/BoundMethod.php(95): Illuminate/Container/Util::unwrapIfClosure(Object(Closure))
#9 D:/starcurrecy/vendor/laravel/framework/src/Illuminate/Container/BoundMethod.php(35): Illuminate/Container/BoundMethod::callBoundMethod(Object(Illuminate/Foundation/Application), Array, Object(Closure))
#10 D:/starcurrecy/vendor/laravel/framework/src/Illuminate/Container/Container.php(696): Illuminate/Container/BoundMethod::call(Object(Illuminate/Foundation/Application), Array, Array, NULL)
#11 D:/starcurrecy/vendor/laravel/framework/src/Illuminate/Console/Command.php(213): Illuminate/Container/Container->call(Array)
#12 D:/starcurrecy/vendor/symfony/console/Command/Command.php(341): Illuminate/Console/Command->execute(Object(Symfony/Component/Console/Input/ArgvInput), Object(Illuminate/Console/OutputStyle))
#13 D:/starcurrecy/vendor/laravel/framework/src/Illuminate/Console/Command.php(182): Symfony/Component/Console/Command/Command->run(Object(Symfony/Component/Console/Input/ArgvInput), Object(Illuminate/Console/OutputStyle))
#14 D:/starcurrecy/vendor/symfony/console/Application.php(1117): Illuminate/Console/Command->run(Object(Symfony/Component/Console/Input/ArgvInput), Object(Symfony/Component/Console/Output/ConsoleOutput))
#15 D:/starcurrecy/vendor/symfony/console/Application.php(356): Symfony/Component/Console/Application->doRunCommand(Object(Laravel/Tinker/Console/TinkerCommand), Object(Symfony/Component/Console/Input/ArgvInput), Object(Symfony/Component/Console/Output/ConsoleOutput))
#16 D:/starcurrecy/vendor/symfony/console/Application.php(195): Symfony/Component/Console/Application->doRun(Object(Symfony/Component/Console/Input/ArgvInput), Object(Symfony/Component/Console/Output/ConsoleOutput))
#17 D:/starcurrecy/vendor/laravel/framework/src/Illuminate/Foundation/Console/Kernel.php(198): Symfony/Component/Console/Application->run(Object(Symfony/Component/Console/Input/ArgvInput), Object(Symfony/Component/Console/Output/ConsoleOutput))
#18 D:/starcurrecy/vendor/laravel/framework/src/Illuminate/Foundation/Application.php(1235): Illuminate/Foundation/Console/Kernel->handle(Object(Symfony/Component/Console/Input/ArgvInput), Object(Symfony/Component/Console/Output/ConsoleOutput))
#19 D:/starcurrecy/artisan(13): Illuminate/Foundation/Application->handleCommand(Object(Symfony/Component/Console/Input/ArgvInput))
#20 {main}
"} 
[2026-08-18 03:09:41] local.ERROR: Maximum execution time of 30 seconds exceeded {"exception":"[object] (Symfony\\Component\\ErrorHandler\\Error\\FatalError(code: 0): Maximum execution time of 30 seconds exceeded at D:/starcurrecy/vendor/composer/ClassLoader.php:429)
[stacktrace]
#0 {main}
"} 
[2026-08-18 03:15:25] local.ERROR: Class "SebastianBergmann\Environment\Console" not found {"exception":"[object] (Error(code: 0): Class \"SebastianBergmann\\Environment\\Console\" not found at D:/starcurrecy/vendor/nunomaduro/collision/src/Adapters/Laravel/Commands/TestCommand.php:190)
[stacktrace]
#0 D:/starcurrecy/vendor/nunomaduro/collision/src/Adapters/Laravel/Commands/TestCommand.php(229): NunoMaduro/Collision/Adapters/Laravel/Commands/TestCommand->commonArguments()
#1 D:/starcurrecy/vendor/nunomaduro/collision/src/Adapters/Laravel/Commands/TestCommand.php(105): NunoMaduro/Collision/Adapters/Laravel/Commands/TestCommand->phpunitArguments(Array)
#2 D:/starcurrecy/vendor/laravel/framework/src/Illuminate/Container/BoundMethod.php(36): NunoMaduro/Collision/Adapters/Laravel/Commands/TestCommand->handle()
#3 D:/starcurrecy/vendor/laravel/framework/src/Illuminate/Container/Util.php(43): Illuminate/Container/BoundMethod::Illuminate/Container/{closure}()
#4 D:/starcurrecy/vendor/laravel/framework/src/Illuminate/Container/BoundMethod.php(95): Illuminate/Container/Util::unwrapIfClosure(Object(Closure))
#5 D:/starcurrecy/vendor/laravel/framework/src/Illuminate/Container/BoundMethod.php(35): Illuminate/Container/BoundMethod::callBoundMethod(Object(Illuminate/Foundation/Application), Array, Object(Closure))
#6 D:/starcurrecy/vendor/laravel/framework/src/Illuminate/Container/Container.php(696): Illuminate/Container/BoundMethod::call(Object(Illuminate/Foundation/Application), Array, Array, NULL)
#7 D:/starcurrecy/vendor/laravel/framework/src/Illuminate/Console/Command.php(213): Illuminate/Container/Container->call(Array)
#8 D:/starcurrecy/vendor/symfony/console/Command/Command.php(341): Illuminate/Console/Command->execute(Object(Symfony/Component/Console/Input/ArgvInput), Object(Illuminate/Console/OutputStyle))
#9 D:/starcurrecy/vendor/laravel/framework/src/Illuminate/Console/Command.php(182): Symfony/Component/Console/Command/Command->run(Object(Symfony/Component/Console/Input/ArgvInput), Object(Illuminate/Console/OutputStyle))
#10 D:/starcurrecy/vendor/symfony/console/Application.php(1117): Illuminate/Console/Command->run(Object(Symfony/Component/Console/Input/ArgvInput), Object(Symfony/Component/Console/Output/ConsoleOutput))
#11 D:/starcurrecy/vendor/symfony/console/Application.php(356): Symfony/Component/Console/Application->doRunCommand(Object(NunoMaduro/Collision/Adapters/Laravel/Commands/TestCommand), Object(Symfony/Component/Console/Input/ArgvInput), Object(Symfony/Component/Console/Output/ConsoleOutput))
#12 D:/starcurrecy/vendor/symfony/console/Application.php(195): Symfony/Component/Console/Application->doRun(Object(Symfony/Component/Console/Input/ArgvInput), Object(Symfony/Component/Console/Output/ConsoleOutput))
#13 D:/starcurrecy/vendor/laravel/framework/src/Illuminate/Foundation/Console/Kernel.php(198): Symfony/Component/Console/Application->run(Object(Symfony/Component/Console/Input/ArgvInput), Object(Symfony/Component/Console/Output/ConsoleOutput))
#14 D:/starcurrecy/vendor/laravel/framework/src/Illuminate/Foundation/Application.php(1235): Illuminate/Foundation/Console/Kernel->handle(Object(Symfony/Component/Console/Input/ArgvInput), Object(Symfony/Component/Console/Output/ConsoleOutput))
#15 D:/starcurrecy/artisan(13): Illuminate/Foundation/Application->handleCommand(Object(Symfony/Component/Console/Input/ArgvInput))
#16 {main}
"} 
[2026-08-18 04:48:07] local.ERROR: Class "SebastianBergmann\Environment\Console" not found {"exception":"[object] (Error(code: 0): Class \"SebastianBergmann\\Environment\\Console\" not found at D:/starcurrecy/vendor/nunomaduro/collision/src/Adapters/Laravel/Commands/TestCommand.php:190)
[stacktrace]
#0 D:/starcurrecy/vendor/nunomaduro/collision/src/Adapters/Laravel/Commands/TestCommand.php(229): NunoMaduro/Collision/Adapters/Laravel/Commands/TestCommand->commonArguments()
#1 D:/starcurrecy/vendor/nunomaduro/collision/src/Adapters/Laravel/Commands/TestCommand.php(105): NunoMaduro/Collision/Adapters/Laravel/Commands/TestCommand->phpunitArguments(Array)
#2 D:/starcurrecy/vendor/laravel/framework/src/Illuminate/Container/BoundMethod.php(36): NunoMaduro/Collision/Adapters/Laravel/Commands/TestCommand->handle()
#3 D:/starcurrecy/vendor/laravel/framework/src/Illuminate/Container/Util.php(43): Illuminate/Container/BoundMethod::Illuminate/Container/{closure}()
#4 D:/starcurrecy/vendor/laravel/framework/src/Illuminate/Container/BoundMethod.php(95): Illuminate/Container/Util::unwrapIfClosure(Object(Closure))
#5 D:/starcurrecy/vendor/laravel/framework/src/Illuminate/Container/BoundMethod.php(35): Illuminate/Container/BoundMethod::callBoundMethod(Object(Illuminate/Foundation/Application), Array, Object(Closure))
#6 D:/starcurrecy/vendor/laravel/framework/src/Illuminate/Container/Container.php(696): Illuminate/Container/BoundMethod::call(Object(Illuminate/Foundation/Application), Array, Array, NULL)
#7 D:/starcurrecy/vendor/laravel/framework/src/Illuminate/Console/Command.php(213): Illuminate/Container/Container->call(Array)
#8 D:/starcurrecy/vendor/symfony/console/Command/Command.php(341): Illuminate/Console/Command->execute(Object(Symfony/Component/Console/Input/ArgvInput), Object(Illuminate/Console/OutputStyle))
#9 D:/starcurrecy/vendor/laravel/framework/src/Illuminate/Console/Command.php(182): Symfony/Component/Console/Command/Command->run(Object(Symfony/Component/Console/Input/ArgvInput), Object(Illuminate/Console/OutputStyle))
#10 D:/starcurrecy/vendor/symfony/console/Application.php(1117): Illuminate/Console/Command->run(Object(Symfony/Component/Console/Input/ArgvInput), Object(Symfony/Component/Console/Output/ConsoleOutput))
#11 D:/starcurrecy/vendor/symfony/console/Application.php(356): Symfony/Component/Console/Application->doRunCommand(Object(NunoMaduro/Collision/Adapters/Laravel/Commands/TestCommand), Object(Symfony/Component/Console/Input/ArgvInput), Object(Symfony/Component/Console/Output/ConsoleOutput))
#12 D:/starcurrecy/vendor/symfony/console/Application.php(195): Symfony/Component/Console/Application->doRun(Object(Symfony/Component/Console/Input/ArgvInput), Object(Symfony/Component/Console/Output/ConsoleOutput))
#13 D:/starcurrecy/vendor/laravel/framework/src/Illuminate/Foundation/Console/Kernel.php(198): Symfony/Component/Console/Application->run(Object(Symfony/Component/Console/Input/ArgvInput), Object(Symfony/Component/Console/Output/ConsoleOutput))
#14 D:/starcurrecy/vendor/laravel/framework/src/Illuminate/Foundation/Application.php(1235): Illuminate/Foundation/Console/Kernel->handle(Object(Symfony/Component/Console/Input/ArgvInput), Object(Symfony/Component/Console/Output/ConsoleOutput))
#15 D:/starcurrecy/artisan(13): Illuminate/Foundation/Application->handleCommand(Object(Symfony/Component/Console/Input/ArgvInput))
#16 {main}
"} 
[2026-08-18 05:17:14] local.INFO: Fetching live market data from CoinGecko...  
[2026-08-18 05:17:15] local.ERROR: CoinGecko fetch error: cURL error 60: SSL certificate OpenSSL verify result: unable to get local issuer certificate (20) (see https://curl.se/libcurl/c/libcurl-errors.html) for https://api.coingecko.com/api/v3/coins/markets?vs_currency=usd&ids=bitcoin%2Cethereum%2Csolana%2Ccardano%2Cpolkadot&order=market_cap_desc&per_page=250&page=1&sparkline=0&price_change_percentage=24h at D:\starcurrecy\vendor\guzzlehttp\guzzle\src\Handler\CurlFactory.php:1141  
[2026-08-18 05:17:15] local.INFO: Fetching live market data from CoinGecko...  
[2026-08-18 05:17:15] local.ERROR: CoinGecko fetch error: cURL error 60: SSL certificate OpenSSL verify result: unable to get local issuer certificate (20) (see https://curl.se/libcurl/c/libcurl-errors.html) for https://api.coingecko.com/api/v3/coins/markets?vs_currency=usd&ids=bitcoin%2Cethereum%2Csolana%2Ccardano%2Cpolkadot&order=market_cap_desc&per_page=250&page=1&sparkline=0&price_change_percentage=24h at D:\starcurrecy\vendor\guzzlehttp\guzzle\src\Handler\CurlFactory.php:1141  
[2026-08-18 05:17:16] local.INFO: Fetching live market data from CoinGecko...  
[2026-08-18 05:17:17] local.ERROR: CoinGecko fetch error: cURL error 60: SSL certificate OpenSSL verify result: unable to get local issuer certificate (20) (see https://curl.se/libcurl/c/libcurl-errors.html) for https://api.coingecko.com/api/v3/coins/markets?vs_currency=usd&ids=bitcoin%2Cethereum%2Csolana%2Ccardano%2Cpolkadot&order=market_cap_desc&per_page=250&page=1&sparkline=0&price_change_percentage=24h at D:\starcurrecy\vendor\guzzlehttp\guzzle\src\Handler\CurlFactory.php:1141  
[2026-08-18 05:17:19] local.INFO: Fetching live market data from CoinGecko...  
[2026-08-18 05:17:20] local.ERROR: CoinGecko fetch error: cURL error 60: SSL certificate OpenSSL verify result: unable to get local issuer certificate (20) (see https://curl.se/libcurl/c/libcurl-errors.html) for https://api.coingecko.com/api/v3/coins/markets?vs_currency=usd&ids=bitcoin%2Cethereum%2Csolana%2Ccardano%2Cpolkadot&order=market_cap_desc&per_page=250&page=1&sparkline=0&price_change_percentage=24h at D:\starcurrecy\vendor\guzzlehttp\guzzle\src\Handler\CurlFactory.php:1141  
[2026-08-18 05:17:20] local.INFO: Fetching live market data from CoinGecko...  
[2026-08-18 05:17:21] local.ERROR: CoinGecko fetch error: cURL error 60: SSL certificate OpenSSL verify result: unable to get local issuer certificate (20) (see https://curl.se/libcurl/c/libcurl-errors.html) for https://api.coingecko.com/api/v3/coins/markets?vs_currency=usd&ids=bitcoin%2Cethereum%2Csolana%2Ccardano%2Cpolkadot&order=market_cap_desc&per_page=250&page=1&sparkline=0&price_change_percentage=24h at D:\starcurrecy\vendor\guzzlehttp\guzzle\src\Handler\CurlFactory.php:1141  
[2026-08-18 05:17:26] local.INFO: Fetching live market data from CoinGecko...  
[2026-08-18 05:17:27] local.ERROR: CoinGecko fetch error: cURL error 60: SSL certificate OpenSSL verify result: unable to get local issuer certificate (20) (see https://curl.se/libcurl/c/libcurl-errors.html) for https://api.coingecko.com/api/v3/coins/markets?vs_currency=usd&ids=bitcoin%2Cethereum%2Csolana%2Ccardano%2Cpolkadot&order=market_cap_desc&per_page=250&page=1&sparkline=0&price_change_percentage=24h at D:\starcurrecy\vendor\guzzlehttp\guzzle\src\Handler\CurlFactory.php:1141  
[2026-08-18 05:17:27] local.INFO: Fetching live market data from CoinGecko...  
[2026-08-18 05:17:28] local.ERROR: CoinGecko fetch error: cURL error 60: SSL certificate OpenSSL verify result: unable to get local issuer certificate (20) (see https://curl.se/libcurl/c/libcurl-errors.html) for https://api.coingecko.com/api/v3/coins/markets?vs_currency=usd&ids=bitcoin%2Cethereum%2Csolana%2Ccardano%2Cpolkadot&order=market_cap_desc&per_page=250&page=1&sparkline=0&price_change_percentage=24h at D:\starcurrecy\vendor\guzzlehttp\guzzle\src\Handler\CurlFactory.php:1141  
[2026-08-18 05:17:34] local.INFO: Fetching live market data from CoinGecko...  
[2026-08-18 05:17:34] local.ERROR: CoinGecko fetch error: cURL error 60: SSL certificate OpenSSL verify result: unable to get local issuer certificate (20) (see https://curl.se/libcurl/c/libcurl-errors.html) for https://api.coingecko.com/api/v3/coins/markets?vs_currency=usd&ids=bitcoin%2Cethereum%2Csolana%2Ccardano%2Cpolkadot&order=market_cap_desc&per_page=250&page=1&sparkline=0&price_change_percentage=24h at D:\starcurrecy\vendor\guzzlehttp\guzzle\src\Handler\CurlFactory.php:1141  
[2026-08-18 05:17:34] local.INFO: Fetching live market data from CoinGecko...  
[2026-08-18 05:17:35] local.ERROR: CoinGecko fetch error: cURL error 60: SSL certificate OpenSSL verify result: unable to get local issuer certificate (20) (see https://curl.se/libcurl/c/libcurl-errors.html) for https://api.coingecko.com/api/v3/coins/markets?vs_currency=usd&ids=bitcoin%2Cethereum%2Csolana%2Ccardano%2Cpolkadot&order=market_cap_desc&per_page=250&page=1&sparkline=0&price_change_percentage=24h at D:\starcurrecy\vendor\guzzlehttp\guzzle\src\Handler\CurlFactory.php:1141  
[2026-08-18 05:17:49] local.INFO: Fetching live market data from CoinGecko...  
[2026-08-18 05:17:49] local.ERROR: CoinGecko fetch error: cURL error 60: SSL certificate OpenSSL verify result: unable to get local issuer certificate (20) (see https://curl.se/libcurl/c/libcurl-errors.html) for https://api.coingecko.com/api/v3/coins/markets?vs_currency=usd&ids=bitcoin%2Cethereum%2Csolana%2Ccardano%2Cpolkadot&order=market_cap_desc&per_page=250&page=1&sparkline=0&price_change_percentage=24h at D:\starcurrecy\vendor\guzzlehttp\guzzle\src\Handler\CurlFactory.php:1141  
[2026-08-18 05:17:49] local.INFO: Fetching live market data from CoinGecko...  
[2026-08-18 05:17:50] local.ERROR: CoinGecko fetch error: cURL error 60: SSL certificate OpenSSL verify result: unable to get local issuer certificate (20) (see https://curl.se/libcurl/c/libcurl-errors.html) for https://api.coingecko.com/api/v3/coins/markets?vs_currency=usd&ids=bitcoin%2Cethereum%2Csolana%2Ccardano%2Cpolkadot&order=market_cap_desc&per_page=250&page=1&sparkline=0&price_change_percentage=24h at D:\starcurrecy\vendor\guzzlehttp\guzzle\src\Handler\CurlFactory.php:1141  
[2026-08-18 05:18:18] local.INFO: Fetching live market data from CoinGecko...  
[2026-08-18 05:18:20] local.INFO: CoinGecko returned 5 coins  
[2026-08-18 05:18:20] local.INFO: Successfully updated 6 coins from CoinGecko  
[2026-08-18 05:18:21] local.INFO: Fetching live market data from CoinGecko...  
[2026-08-18 05:18:21] local.INFO: CoinGecko returned 5 coins  
[2026-08-18 05:18:21] local.INFO: Successfully updated 6 coins from CoinGecko  
[2026-08-18 05:18:23] local.INFO: Fetching live market data from CoinGecko...  
[2026-08-18 05:18:24] local.INFO: CoinGecko returned 5 coins  
[2026-08-18 05:18:24] local.INFO: Successfully updated 6 coins from CoinGecko  
[2026-08-18 05:18:30] local.INFO: Fetching live market data from CoinGecko...  
[2026-08-18 05:18:31] local.INFO: CoinGecko returned 5 coins  
[2026-08-18 05:18:31] local.INFO: Successfully updated 6 coins from CoinGecko  
[2026-08-18 05:18:37] local.INFO: Fetching live market data from CoinGecko...  
[2026-08-18 05:18:37] local.INFO: CoinGecko returned 5 coins  
[2026-08-18 05:18:37] local.INFO: Successfully updated 6 coins from CoinGecko  
[2026-08-18 05:18:52] local.INFO: Fetching live market data from CoinGecko...  
[2026-08-18 05:18:52] local.INFO: CoinGecko returned 5 coins  
[2026-08-18 05:18:52] local.INFO: Successfully updated 6 coins from CoinGecko  
[2026-08-18 05:19:07] local.INFO: Fetching live market data from CoinGecko...  
[2026-08-18 05:19:08] local.INFO: CoinGecko returned 5 coins  
[2026-08-18 05:19:08] local.INFO: Successfully updated 6 coins from CoinGecko  
[2026-08-18 05:19:22] local.INFO: Fetching live market data from CoinGecko...  
[2026-08-18 05:19:22] local.INFO: CoinGecko returned 5 coins  
[2026-08-18 05:19:22] local.INFO: Successfully updated 6 coins from CoinGecko  
[2026-08-18 05:19:37] local.INFO: Fetching live market data from CoinGecko...  
[2026-08-18 05:19:37] local.INFO: CoinGecko returned 5 coins  
[2026-08-18 05:19:37] local.INFO: Successfully updated 6 coins from CoinGecko  
[2026-08-18 05:19:38] local.INFO: Fetching live market data from CoinGecko...  
[2026-08-18 05:19:38] local.INFO: CoinGecko returned 5 coins  
[2026-08-18 05:19:38] local.INFO: Successfully updated 6 coins from CoinGecko  
[2026-08-18 05:19:39] local.INFO: Fetching live market data from CoinGecko...  
[2026-08-18 05:19:39] local.INFO: CoinGecko returned 5 coins  
[2026-08-18 05:19:39] local.INFO: Successfully updated 6 coins from CoinGecko  
[2026-08-18 05:19:55] local.INFO: Fetching live market data from CoinGecko...  
[2026-08-18 05:19:55] local.INFO: CoinGecko returned 5 coins  
[2026-08-18 05:19:55] local.INFO: Successfully updated 6 coins from CoinGecko  
[2026-08-18 05:20:10] local.INFO: Fetching live market data from CoinGecko...  
[2026-08-18 05:20:10] local.INFO: CoinGecko returned 5 coins  
[2026-08-18 05:20:10] local.INFO: Successfully updated 6 coins from CoinGecko  
[2026-08-18 05:20:25] local.INFO: Fetching live market data from CoinGecko...  
[2026-08-18 05:20:25] local.INFO: CoinGecko returned 5 coins  
[2026-08-18 05:20:25] local.INFO: Successfully updated 6 coins from CoinGecko  
[2026-08-18 05:20:40] local.INFO: Fetching live market data from CoinGecko...  
[2026-08-18 05:20:40] local.INFO: CoinGecko returned 5 coins  
[2026-08-18 05:20:40] local.INFO: Successfully updated 6 coins from CoinGecko  
[2026-08-18 05:20:55] local.INFO: Fetching live market data from CoinGecko...  
[2026-08-18 05:20:55] local.INFO: CoinGecko returned 5 coins  
[2026-08-18 05:20:55] local.INFO: Successfully updated 6 coins from CoinGecko  
[2026-08-18 05:20:58] local.INFO: Fetching live market data from CoinGecko...  
[2026-08-18 05:20:58] local.INFO: CoinGecko returned 5 coins  
[2026-08-18 05:20:58] local.INFO: Successfully updated 6 coins from CoinGecko  
[2026-08-18 05:21:00] local.INFO: Fetching live market data from CoinGecko...  
[2026-08-18 05:21:00] local.INFO: CoinGecko returned 5 coins  
[2026-08-18 05:21:00] local.INFO: Successfully updated 6 coins from CoinGecko  
[2026-08-18 05:21:12] local.INFO: Fetching live market data from CoinGecko...  
[2026-08-18 05:21:13] local.ERROR: CoinGecko fetch error: HTTP request returned status code 429:
{"status":{"error_code":429,"error_message":"You've exceeded the Rate Limit. Please visit https://www.coingecko.com/en/a (truncated...)
 at D:\starcurrecy\vendor\laravel\framework\src\Illuminate\Http\Client\Response.php:301  
[2026-08-18 05:21:13] local.INFO: Fetching live market data from CoinGecko...  
[2026-08-18 05:21:14] local.ERROR: CoinGecko fetch error: HTTP request returned status code 429:
{"status":{"error_code":429,"error_message":"You've exceeded the Rate Limit. Please visit https://www.coingecko.com/en/a (truncated...)
 at D:\starcurrecy\vendor\laravel\framework\src\Illuminate\Http\Client\Response.php:301  
[2026-08-18 05:21:19] local.INFO: Fetching live market data from CoinGecko...  
[2026-08-18 05:21:20] local.ERROR: CoinGecko fetch error: HTTP request returned status code 429:
{"status":{"error_code":429,"error_message":"You've exceeded the Rate Limit. Please visit https://www.coingecko.com/en/a (truncated...)
 at D:\starcurrecy\vendor\laravel\framework\src\Illuminate\Http\Client\Response.php:301  
[2026-08-18 05:21:20] local.INFO: Fetching live market data from CoinGecko...  
[2026-08-18 05:21:21] local.ERROR: CoinGecko fetch error: HTTP request returned status code 429:
{"status":{"error_code":429,"error_message":"You've exceeded the Rate Limit. Please visit https://www.coingecko.com/en/a (truncated...)
 at D:\starcurrecy\vendor\laravel\framework\src\Illuminate\Http\Client\Response.php:301  
[2026-08-18 05:21:23] local.INFO: Fetching live market data from CoinGecko...  
[2026-08-18 05:21:24] local.ERROR: CoinGecko fetch error: HTTP request returned status code 429:
{"status":{"error_code":429,"error_message":"You've exceeded the Rate Limit. Please visit https://www.coingecko.com/en/a (truncated...)
 at D:\starcurrecy\vendor\laravel\framework\src\Illuminate\Http\Client\Response.php:301  
[2026-08-18 05:21:26] local.INFO: Fetching live market data from CoinGecko...  
[2026-08-18 05:21:27] local.ERROR: CoinGecko fetch error: HTTP request returned status code 429:
{"status":{"error_code":429,"error_message":"You've exceeded the Rate Limit. Please visit https://www.coingecko.com/en/a (truncated...)
 at D:\starcurrecy\vendor\laravel\framework\src\Illuminate\Http\Client\Response.php:301  
[2026-08-18 05:21:27] local.INFO: Fetching live market data from CoinGecko...  
[2026-08-18 05:21:27] local.ERROR: CoinGecko fetch error: HTTP request returned status code 429:
{"status":{"error_code":429,"error_message":"You've exceeded the Rate Limit. Please visit https://www.coingecko.com/en/a (truncated...)
 at D:\starcurrecy\vendor\laravel\framework\src\Illuminate\Http\Client\Response.php:301  
[2026-08-18 05:21:35] local.INFO: Fetching live market data from CoinGecko...  
[2026-08-18 05:21:36] local.ERROR: CoinGecko fetch error: HTTP request returned status code 429:
{"status":{"error_code":429,"error_message":"You've exceeded the Rate Limit. Please visit https://www.coingecko.com/en/a (truncated...)
 at D:\starcurrecy\vendor\laravel\framework\src\Illuminate\Http\Client\Response.php:301  
[2026-08-18 05:21:36] local.INFO: Fetching live market data from CoinGecko...  
[2026-08-18 05:21:37] local.ERROR: CoinGecko fetch error: HTTP request returned status code 429:
{"status":{"error_code":429,"error_message":"You've exceeded the Rate Limit. Please visit https://www.coingecko.com/en/a (truncated...)
 at D:\starcurrecy\vendor\laravel\framework\src\Illuminate\Http\Client\Response.php:301  
[2026-08-18 05:21:41] local.INFO: Fetching live market data from CoinGecko...  
[2026-08-18 05:21:42] local.ERROR: CoinGecko fetch error: HTTP request returned status code 429:
{"status":{"error_code":429,"error_message":"You've exceeded the Rate Limit. Please visit https://www.coingecko.com/en/a (truncated...)
 at D:\starcurrecy\vendor\laravel\framework\src\Illuminate\Http\Client\Response.php:301  
[2026-08-18 05:21:42] local.INFO: Fetching live market data from CoinGecko...  
[2026-08-18 05:21:43] local.ERROR: CoinGecko fetch error: HTTP request returned status code 429:
{"status":{"error_code":429,"error_message":"You've exceeded the Rate Limit. Please visit https://www.coingecko.com/en/a (truncated...)
 at D:\starcurrecy\vendor\laravel\framework\src\Illuminate\Http\Client\Response.php:301  
[2026-08-18 05:21:46] local.INFO: Fetching live market data from CoinGecko...  
[2026-08-18 05:21:46] local.ERROR: CoinGecko fetch error: HTTP request returned status code 429:
{"status":{"error_code":429,"error_message":"You've exceeded the Rate Limit. Please visit https://www.coingecko.com/en/a (truncated...)
 at D:\starcurrecy\vendor\laravel\framework\src\Illuminate\Http\Client\Response.php:301  
[2026-08-18 05:21:46] local.INFO: Fetching live market data from CoinGecko...  
[2026-08-18 05:21:47] local.ERROR: CoinGecko fetch error: HTTP request returned status code 429:
{"status":{"error_code":429,"error_message":"You've exceeded the Rate Limit. Please visit https://www.coingecko.com/en/a (truncated...)
 at D:\starcurrecy\vendor\laravel\framework\src\Illuminate\Http\Client\Response.php:301  
[2026-08-18 05:21:56] local.INFO: Fetching live market data from CoinGecko...  
[2026-08-18 05:21:56] local.INFO: CoinGecko returned 5 coins  
[2026-08-18 05:21:56] local.INFO: Successfully updated 6 coins from CoinGecko  
[2026-08-18 05:22:06] local.INFO: Fetching live market data from CoinGecko...  
[2026-08-18 05:22:06] local.INFO: CoinGecko returned 5 coins  
[2026-08-18 05:22:06] local.INFO: Successfully updated 6 coins from CoinGecko  
[2026-08-18 05:22:15] local.INFO: Fetching live market data from CoinGecko...  
[2026-08-18 05:22:16] local.INFO: CoinGecko returned 5 coins  
[2026-08-18 05:22:16] local.INFO: Successfully updated 6 coins from CoinGecko  
[2026-08-18 05:22:26] local.INFO: Fetching live market data from CoinGecko...  
[2026-08-18 05:22:26] local.INFO: CoinGecko returned 5 coins  
[2026-08-18 05:22:26] local.INFO: Successfully updated 6 coins from CoinGecko  
[2026-08-18 05:22:36] local.INFO: Fetching live market data from CoinGecko...  
[2026-08-18 05:22:36] local.INFO: CoinGecko returned 5 coins  
[2026-08-18 05:22:36] local.INFO: Successfully updated 6 coins from CoinGecko  
[2026-08-18 05:22:46] local.INFO: Fetching live market data from CoinGecko...  
[2026-08-18 05:22:47] local.INFO: CoinGecko returned 5 coins  
[2026-08-18 05:22:47] local.INFO: Successfully updated 6 coins from CoinGecko  
[2026-08-18 05:22:55] local.INFO: Fetching live market data from CoinGecko...  
[2026-08-18 05:22:56] local.INFO: CoinGecko returned 5 coins  
[2026-08-18 05:22:56] local.INFO: Successfully updated 6 coins from CoinGecko  
[2026-08-18 05:23:06] local.INFO: Fetching live market data from CoinGecko...  
[2026-08-18 05:23:06] local.INFO: CoinGecko returned 5 coins  
[2026-08-18 05:23:06] local.INFO: Successfully updated 6 coins from CoinGecko  
[2026-08-18 05:23:16] local.INFO: Fetching live market data from CoinGecko...  
[2026-08-18 05:23:16] local.INFO: CoinGecko returned 5 coins  
[2026-08-18 05:23:16] local.INFO: Successfully updated 6 coins from CoinGecko  
[2026-08-18 05:23:36] local.INFO: Fetching live market data from CoinGecko...  
[2026-08-18 05:23:37] local.INFO: CoinGecko returned 5 coins  
[2026-08-18 05:23:37] local.INFO: Successfully updated 6 coins from CoinGecko  
[2026-08-18 05:23:38] local.INFO: Fetching live market data from CoinGecko...  
[2026-08-18 05:23:38] local.INFO: CoinGecko returned 5 coins  
[2026-08-18 05:23:38] local.INFO: Successfully updated 6 coins from CoinGecko  
[2026-08-18 05:23:39] local.INFO: Fetching live market data from CoinGecko...  
[2026-08-18 05:23:40] local.INFO: CoinGecko returned 5 coins  
[2026-08-18 05:23:40] local.INFO: Successfully updated 6 coins from CoinGecko  
[2026-08-18 05:23:49] local.INFO: Fetching live market data from CoinGecko...  
[2026-08-18 05:23:50] local.ERROR: CoinGecko fetch error: HTTP request returned status code 429:
{"status":{"error_code":429,"error_message":"You've exceeded the Rate Limit. Please visit https://www.coingecko.com/en/a (truncated...)
 at D:\starcurrecy\vendor\laravel\framework\src\Illuminate\Http\Client\Response.php:301  
[2026-08-18 05:23:50] local.INFO: Fetching live market data from CoinGecko...  
[2026-08-18 05:23:51] local.ERROR: CoinGecko fetch error: HTTP request returned status code 429:
{"status":{"error_code":429,"error_message":"You've exceeded the Rate Limit. Please visit https://www.coingecko.com/en/a (truncated...)
 at D:\starcurrecy\vendor\laravel\framework\src\Illuminate\Http\Client\Response.php:301  
[2026-08-18 05:24:00] local.INFO: Fetching live market data from CoinGecko...  
[2026-08-18 05:24:00] local.ERROR: CoinGecko fetch error: HTTP request returned status code 429:
{"status":{"error_code":429,"error_message":"You've exceeded the Rate Limit. Please visit https://www.coingecko.com/en/a (truncated...)
 at D:\starcurrecy\vendor\laravel\framework\src\Illuminate\Http\Client\Response.php:301  
[2026-08-18 05:24:00] local.INFO: Fetching live market data from CoinGecko...  
[2026-08-18 05:24:01] local.ERROR: CoinGecko fetch error: HTTP request returned status code 429:
{"status":{"error_code":429,"error_message":"You've exceeded the Rate Limit. Please visit https://www.coingecko.com/en/a (truncated...)
 at D:\starcurrecy\vendor\laravel\framework\src\Illuminate\Http\Client\Response.php:301  
[2026-08-18 05:24:10] local.INFO: Fetching live market data from CoinGecko...  
[2026-08-18 05:24:10] local.ERROR: CoinGecko fetch error: HTTP request returned status code 429:
{"status":{"error_code":429,"error_message":"You've exceeded the Rate Limit. Please visit https://www.coingecko.com/en/a (truncated...)
 at D:\starcurrecy\vendor\laravel\framework\src\Illuminate\Http\Client\Response.php:301  
[2026-08-18 05:24:10] local.INFO: Fetching live market data from CoinGecko...  
[2026-08-18 05:24:11] local.ERROR: CoinGecko fetch error: HTTP request returned status code 429:
{"status":{"error_code":429,"error_message":"You've exceeded the Rate Limit. Please visit https://www.coingecko.com/en/a (truncated...)
 at D:\starcurrecy\vendor\laravel\framework\src\Illuminate\Http\Client\Response.php:301  
[2026-08-18 05:24:20] local.INFO: Fetching live market data from CoinGecko...  
[2026-08-18 05:24:20] local.ERROR: CoinGecko fetch error: HTTP request returned status code 429:
{"status":{"error_code":429,"error_message":"You've exceeded the Rate Limit. Please visit https://www.coingecko.com/en/a (truncated...)
 at D:\starcurrecy\vendor\laravel\framework\src\Illuminate\Http\Client\Response.php:301  
[2026-08-18 05:24:20] local.INFO: Fetching live market data from CoinGecko...  
[2026-08-18 05:24:21] local.ERROR: CoinGecko fetch error: HTTP request returned status code 429:
{"status":{"error_code":429,"error_message":"You've exceeded the Rate Limit. Please visit https://www.coingecko.com/en/a (truncated...)
 at D:\starcurrecy\vendor\laravel\framework\src\Illuminate\Http\Client\Response.php:301  
[2026-08-18 05:24:30] local.INFO: Fetching live market data from CoinGecko...  
[2026-08-18 05:24:30] local.ERROR: CoinGecko fetch error: HTTP request returned status code 429:
{"status":{"error_code":429,"error_message":"You've exceeded the Rate Limit. Please visit https://www.coingecko.com/en/a (truncated...)
 at D:\starcurrecy\vendor\laravel\framework\src\Illuminate\Http\Client\Response.php:301  
[2026-08-18 05:24:30] local.INFO: Fetching live market data from CoinGecko...  
[2026-08-18 05:24:31] local.ERROR: CoinGecko fetch error: HTTP request returned status code 429:
{"status":{"error_code":429,"error_message":"You've exceeded the Rate Limit. Please visit https://www.coingecko.com/en/a (truncated...)
 at D:\starcurrecy\vendor\laravel\framework\src\Illuminate\Http\Client\Response.php:301  
[2026-08-18 05:24:40] local.INFO: Fetching live market data from CoinGecko...  
[2026-08-18 05:24:40] local.ERROR: CoinGecko fetch error: HTTP request returned status code 429:
{"status":{"error_code":429,"error_message":"You've exceeded the Rate Limit. Please visit https://www.coingecko.com/en/a (truncated...)
 at D:\starcurrecy\vendor\laravel\framework\src\Illuminate\Http\Client\Response.php:301  
[2026-08-18 05:24:40] local.INFO: Fetching live market data from CoinGecko...  
[2026-08-18 05:24:41] local.ERROR: CoinGecko fetch error: HTTP request returned status code 429:
{"status":{"error_code":429,"error_message":"You've exceeded the Rate Limit. Please visit https://www.coingecko.com/en/a (truncated...)
 at D:\starcurrecy\vendor\laravel\framework\src\Illuminate\Http\Client\Response.php:301  
[2026-08-18 05:24:50] local.INFO: Fetching live market data from CoinGecko...  
[2026-08-18 05:24:50] local.INFO: CoinGecko returned 5 coins  
[2026-08-18 05:24:50] local.INFO: Successfully updated 6 coins from CoinGecko  
[2026-08-18 05:25:05] local.INFO: Fetching live market data from CoinGecko...  
[2026-08-18 05:25:05] local.INFO: CoinGecko returned 5 coins  
[2026-08-18 05:25:05] local.INFO: Successfully updated 6 coins from CoinGecko  
[2026-08-18 05:25:09] local.INFO: Fetching live market data from CoinGecko...  
[2026-08-18 05:25:10] local.INFO: CoinGecko returned 5 coins  
[2026-08-18 05:25:10] local.INFO: Successfully updated 6 coins from CoinGecko  
[2026-08-18 05:25:21] local.INFO: Fetching live market data from CoinGecko...  
[2026-08-18 05:25:21] local.INFO: CoinGecko returned 5 coins  
[2026-08-18 05:25:22] local.INFO: Successfully updated 6 coins from CoinGecko  
[2026-08-18 05:25:42] local.INFO: Fetching live market data from CoinGecko...  
[2026-08-18 05:25:42] local.INFO: CoinGecko returned 5 coins  
[2026-08-18 05:25:42] local.INFO: Successfully updated 6 coins from CoinGecko  
[2026-08-18 05:25:44] local.INFO: Fetching live market data from CoinGecko...  
[2026-08-18 05:25:44] local.INFO: CoinGecko returned 5 coins  
[2026-08-18 05:25:45] local.INFO: Successfully updated 6 coins from CoinGecko  
[2026-08-18 05:25:54] local.INFO: Fetching live market data from CoinGecko...  
[2026-08-18 05:25:56] local.ERROR: CoinGecko fetch error: HTTP request returned status code 429:
{"status":{"error_code":429,"error_message":"You've exceeded the Rate Limit. Please visit https://www.coingecko.com/en/a (truncated...)
 at D:\starcurrecy\vendor\laravel\framework\src\Illuminate\Http\Client\Response.php:301  
[2026-08-18 05:25:56] local.INFO: Fetching live market data from CoinGecko...  
[2026-08-18 05:25:57] local.ERROR: CoinGecko fetch error: HTTP request returned status code 429:
{"status":{"error_code":429,"error_message":"You've exceeded the Rate Limit. Please visit https://www.coingecko.com/en/a (truncated...)
 at D:\starcurrecy\vendor\laravel\framework\src\Illuminate\Http\Client\Response.php:301  
[2026-08-18 05:26:04] local.INFO: Fetching live market data from CoinGecko...  
[2026-08-18 05:26:06] local.ERROR: CoinGecko fetch error: HTTP request returned status code 429:
{"status":{"error_code":429,"error_message":"You've exceeded the Rate Limit. Please visit https://www.coingecko.com/en/a (truncated...)
 at D:\starcurrecy\vendor\laravel\framework\src\Illuminate\Http\Client\Response.php:301  
[2026-08-18 05:26:06] local.INFO: Fetching live market data from CoinGecko...  
[2026-08-18 05:26:06] local.ERROR: CoinGecko fetch error: HTTP request returned status code 429:
{"status":{"error_code":429,"error_message":"You've exceeded the Rate Limit. Please visit https://www.coingecko.com/en/a (truncated...)
 at D:\starcurrecy\vendor\laravel\framework\src\Illuminate\Http\Client\Response.php:301  
[2026-08-18 05:26:10] local.INFO: Fetching live market data from CoinGecko...  
[2026-08-18 05:26:11] local.ERROR: CoinGecko fetch error: HTTP request returned status code 429:
{"status":{"error_code":429,"error_message":"You've exceeded the Rate Limit. Please visit https://www.coingecko.com/en/a (truncated...)
 at D:\starcurrecy\vendor\laravel\framework\src\Illuminate\Http\Client\Response.php:301  
[2026-08-18 05:26:12] local.INFO: Fetching live market data from CoinGecko...  
[2026-08-18 05:26:13] local.INFO: CoinGecko returned 5 coins  
[2026-08-18 05:26:13] local.INFO: Successfully updated 6 coins from CoinGecko  
[2026-08-18 05:26:15] local.INFO: Fetching live market data from CoinGecko...  
[2026-08-18 05:26:16] local.ERROR: CoinGecko fetch error: HTTP request returned status code 429:
{"status":{"error_code":429,"error_message":"You've exceeded the Rate Limit. Please visit https://www.coingecko.com/en/a (truncated...)
 at D:\starcurrecy\vendor\laravel\framework\src\Illuminate\Http\Client\Response.php:301  
[2026-08-18 05:26:16] local.INFO: Fetching live market data from CoinGecko...  
[2026-08-18 05:26:17] local.ERROR: CoinGecko fetch error: HTTP request returned status code 429:
{"status":{"error_code":429,"error_message":"You've exceeded the Rate Limit. Please visit https://www.coingecko.com/en/a (truncated...)
 at D:\starcurrecy\vendor\laravel\framework\src\Illuminate\Http\Client\Response.php:301  
[2026-08-18 05:26:23] local.INFO: Fetching live market data from CoinGecko...  
[2026-08-18 05:26:24] local.ERROR: CoinGecko fetch error: HTTP request returned status code 429:
{"status":{"error_code":429,"error_message":"You've exceeded the Rate Limit. Please visit https://www.coingecko.com/en/a (truncated...)
 at D:\starcurrecy\vendor\laravel\framework\src\Illuminate\Http\Client\Response.php:301  
[2026-08-18 05:26:24] local.INFO: Fetching live market data from CoinGecko...  
[2026-08-18 05:26:24] local.ERROR: CoinGecko fetch error: HTTP request returned status code 429:
{"status":{"error_code":429,"error_message":"You've exceeded the Rate Limit. Please visit https://www.coingecko.com/en/a (truncated...)
 at D:\starcurrecy\vendor\laravel\framework\src\Illuminate\Http\Client\Response.php:301  
[2026-08-18 05:26:25] local.INFO: Fetching live market data from CoinGecko...  
[2026-08-18 05:26:26] local.ERROR: CoinGecko fetch error: HTTP request returned status code 429:
{"status":{"error_code":429,"error_message":"You've exceeded the Rate Limit. Please visit https://www.coingecko.com/en/a (truncated...)
 at D:\starcurrecy\vendor\laravel\framework\src\Illuminate\Http\Client\Response.php:301  
[2026-08-18 05:26:26] local.INFO: Fetching live market data from CoinGecko...  
[2026-08-18 05:26:27] local.ERROR: CoinGecko fetch error: HTTP request returned status code 429:
{"status":{"error_code":429,"error_message":"You've exceeded the Rate Limit. Please visit https://www.coingecko.com/en/a (truncated...)
 at D:\starcurrecy\vendor\laravel\framework\src\Illuminate\Http\Client\Response.php:301  
[2026-08-18 05:26:33] local.INFO: Fetching live market data from CoinGecko...  
[2026-08-18 05:26:34] local.ERROR: CoinGecko fetch error: HTTP request returned status code 429:
{"status":{"error_code":429,"error_message":"You've exceeded the Rate Limit. Please visit https://www.coingecko.com/en/a (truncated...)
 at D:\starcurrecy\vendor\laravel\framework\src\Illuminate\Http\Client\Response.php:301  
[2026-08-18 05:26:34] local.INFO: Fetching live market data from CoinGecko...  
[2026-08-18 05:26:35] local.ERROR: CoinGecko fetch error: HTTP request returned status code 429:
{"status":{"error_code":429,"error_message":"You've exceeded the Rate Limit. Please visit https://www.coingecko.com/en/a (truncated...)
 at D:\starcurrecy\vendor\laravel\framework\src\Illuminate\Http\Client\Response.php:301  
[2026-08-18 05:26:35] local.INFO: Fetching live market data from CoinGecko...  
[2026-08-18 05:26:36] local.ERROR: CoinGecko fetch error: HTTP request returned status code 429:
{"status":{"error_code":429,"error_message":"You've exceeded the Rate Limit. Please visit https://www.coingecko.com/en/a (truncated...)
 at D:\starcurrecy\vendor\laravel\framework\src\Illuminate\Http\Client\Response.php:301  
[2026-08-18 05:26:36] local.INFO: Fetching live market data from CoinGecko...  
[2026-08-18 05:26:37] local.ERROR: CoinGecko fetch error: HTTP request returned status code 429:
{"status":{"error_code":429,"error_message":"You've exceeded the Rate Limit. Please visit https://www.coingecko.com/en/a (truncated...)
 at D:\starcurrecy\vendor\laravel\framework\src\Illuminate\Http\Client\Response.php:301  
[2026-08-18 05:26:37] local.INFO: Fetching live market data from CoinGecko...  
[2026-08-18 05:26:38] local.ERROR: CoinGecko fetch error: HTTP request returned status code 429:
{"status":{"error_code":429,"error_message":"You've exceeded the Rate Limit. Please visit https://www.coingecko.com/en/a (truncated...)
 at D:\starcurrecy\vendor\laravel\framework\src\Illuminate\Http\Client\Response.php:301  
[2026-08-18 05:26:38] local.INFO: Fetching live market data from CoinGecko...  
[2026-08-18 05:26:39] local.ERROR: CoinGecko fetch error: HTTP request returned status code 429:
{"status":{"error_code":429,"error_message":"You've exceeded the Rate Limit. Please visit https://www.coingecko.com/en/a (truncated...)
 at D:\starcurrecy\vendor\laravel\framework\src\Illuminate\Http\Client\Response.php:301  
[2026-08-18 05:26:42] local.INFO: Fetching live market data from CoinGecko...  
[2026-08-18 05:26:43] local.ERROR: CoinGecko fetch error: HTTP request returned status code 429:
{"status":{"error_code":429,"error_message":"You've exceeded the Rate Limit. Please visit https://www.coingecko.com/en/a (truncated...)
 at D:\starcurrecy\vendor\laravel\framework\src\Illuminate\Http\Client\Response.php:301  
[2026-08-18 05:26:43] local.INFO: Fetching live market data from CoinGecko...  
[2026-08-18 05:26:44] local.ERROR: CoinGecko fetch error: HTTP request returned status code 429:
{"status":{"error_code":429,"error_message":"You've exceeded the Rate Limit. Please visit https://www.coingecko.com/en/a (truncated...)
 at D:\starcurrecy\vendor\laravel\framework\src\Illuminate\Http\Client\Response.php:301  
[2026-08-18 05:26:45] local.INFO: Fetching live market data from CoinGecko...  
[2026-08-18 05:26:46] local.ERROR: CoinGecko fetch error: HTTP request returned status code 429:
{"status":{"error_code":429,"error_message":"You've exceeded the Rate Limit. Please visit https://www.coingecko.com/en/a (truncated...)
 at D:\starcurrecy\vendor\laravel\framework\src\Illuminate\Http\Client\Response.php:301  
[2026-08-18 05:26:46] local.INFO: Fetching live market data from CoinGecko...  
[2026-08-18 05:26:47] local.ERROR: CoinGecko fetch error: HTTP request returned status code 429:
{"status":{"error_code":429,"error_message":"You've exceeded the Rate Limit. Please visit https://www.coingecko.com/en/a (truncated...)
 at D:\starcurrecy\vendor\laravel\framework\src\Illuminate\Http\Client\Response.php:301  
[2026-08-18 05:26:53] local.INFO: Fetching live market data from CoinGecko...  
[2026-08-18 05:26:54] local.ERROR: CoinGecko fetch error: HTTP request returned status code 429:
{"status":{"error_code":429,"error_message":"You've exceeded the Rate Limit. Please visit https://www.coingecko.com/en/a (truncated...)
 at D:\starcurrecy\vendor\laravel\framework\src\Illuminate\Http\Client\Response.php:301  
[2026-08-18 05:26:54] local.INFO: Fetching live market data from CoinGecko...  
[2026-08-18 05:26:55] local.ERROR: CoinGecko fetch error: HTTP request returned status code 429:
{"status":{"error_code":429,"error_message":"You've exceeded the Rate Limit. Please visit https://www.coingecko.com/en/a (truncated...)
 at D:\starcurrecy\vendor\laravel\framework\src\Illuminate\Http\Client\Response.php:301  
[2026-08-18 05:27:00] local.INFO: Fetching live market data from CoinGecko...  
[2026-08-18 05:27:02] local.INFO: CoinGecko returned 5 coins  
[2026-08-18 05:27:03] local.INFO: Successfully updated 6 coins from CoinGecko  
[2026-08-18 05:27:06] local.INFO: Fetching live market data from CoinGecko...  
[2026-08-18 05:27:07] local.INFO: CoinGecko returned 5 coins  
[2026-08-18 05:27:07] local.INFO: Successfully updated 6 coins from CoinGecko  
[2026-08-18 05:27:09] local.INFO: Fetching live market data from CoinGecko...  
[2026-08-18 05:27:10] local.INFO: CoinGecko returned 5 coins  
[2026-08-18 05:27:10] local.INFO: Successfully updated 6 coins from CoinGecko  
[2026-08-18 05:27:23] local.INFO: Fetching live market data from CoinGecko...  
[2026-08-18 05:27:26] local.INFO: CoinGecko returned 5 coins  
[2026-08-18 05:27:27] local.INFO: Successfully updated 6 coins from CoinGecko  
[2026-08-18 05:27:49] local.INFO: Fetching live market data from CoinGecko...  
[2026-08-18 05:27:52] local.INFO: CoinGecko returned 5 coins  
[2026-08-18 05:27:53] local.INFO: Successfully updated 6 coins from CoinGecko  
[2026-08-18 05:27:56] local.INFO: Fetching live market data from CoinGecko...  
[2026-08-18 05:27:57] local.INFO: CoinGecko returned 5 coins  
[2026-08-18 05:27:57] local.INFO: Successfully updated 6 coins from CoinGecko  
[2026-08-18 05:28:05] local.INFO: Fetching live market data from CoinGecko...  
[2026-08-18 05:28:08] local.INFO: CoinGecko returned 5 coins  
[2026-08-18 05:28:10] local.INFO: Successfully updated 6 coins from CoinGecko  
[2026-08-18 05:28:16] local.INFO: Fetching live market data from CoinGecko...  
[2026-08-18 05:28:17] local.INFO: CoinGecko returned 5 coins  
[2026-08-18 05:28:18] local.INFO: Successfully updated 6 coins from CoinGecko  
[2026-08-18 05:28:27] local.INFO: Fetching live market data from CoinGecko...  
[2026-08-18 05:28:29] local.INFO: CoinGecko returned 5 coins  
[2026-08-18 05:28:32] local.INFO: Successfully updated 6 coins from CoinGecko  
[2026-08-18 05:28:47] local.INFO: Fetching live market data from CoinGecko...  
[2026-08-18 05:28:49] local.INFO: CoinGecko returned 5 coins  
[2026-08-18 05:28:49] local.INFO: Successfully updated 6 coins from CoinGecko  
[2026-08-18 05:28:50] local.INFO: Fetching live market data from CoinGecko...  
[2026-08-18 05:28:51] local.INFO: CoinGecko returned 5 coins  
[2026-08-18 05:28:51] local.INFO: Successfully updated 6 coins from CoinGecko  
[2026-08-18 05:28:52] local.INFO: Fetching live market data from CoinGecko...  
[2026-08-18 05:28:52] local.INFO: CoinGecko returned 5 coins  
[2026-08-18 05:28:52] local.INFO: Successfully updated 6 coins from CoinGecko  
[2026-08-18 05:28:53] local.INFO: Fetching live market data from CoinGecko...  
[2026-08-18 05:28:54] local.ERROR: CoinGecko fetch error: HTTP request returned status code 429:
{"status":{"error_code":429,"error_message":"You've exceeded the Rate Limit. Please visit https://www.coingecko.com/en/a (truncated...)
 at D:\starcurrecy\vendor\laravel\framework\src\Illuminate\Http\Client\Response.php:301  
[2026-08-18 05:28:54] local.INFO: Fetching live market data from CoinGecko...  
[2026-08-18 05:28:55] local.ERROR: CoinGecko fetch error: HTTP request returned status code 429:
{"status":{"error_code":429,"error_message":"You've exceeded the Rate Limit. Please visit https://www.coingecko.com/en/a (truncated...)
 at D:\starcurrecy\vendor\laravel\framework\src\Illuminate\Http\Client\Response.php:301  
[2026-08-18 05:28:55] local.INFO: Fetching live market data from CoinGecko...  
[2026-08-18 05:28:56] local.ERROR: CoinGecko fetch error: HTTP request returned status code 429:
{"status":{"error_code":429,"error_message":"You've exceeded the Rate Limit. Please visit https://www.coingecko.com/en/a (truncated...)
 at D:\starcurrecy\vendor\laravel\framework\src\Illuminate\Http\Client\Response.php:301  
[2026-08-18 05:28:56] local.INFO: Fetching live market data from CoinGecko...  
[2026-08-18 05:28:57] local.ERROR: CoinGecko fetch error: HTTP request returned status code 429:
{"status":{"error_code":429,"error_message":"You've exceeded the Rate Limit. Please visit https://www.coingecko.com/en/a (truncated...)
 at D:\starcurrecy\vendor\laravel\framework\src\Illuminate\Http\Client\Response.php:301  
[2026-08-18 05:28:57] local.INFO: Fetching live market data from CoinGecko...  
[2026-08-18 05:28:58] local.ERROR: CoinGecko fetch error: HTTP request returned status code 429:
{"status":{"error_code":429,"error_message":"You've exceeded the Rate Limit. Please visit https://www.coingecko.com/en/a (truncated...)
 at D:\starcurrecy\vendor\laravel\framework\src\Illuminate\Http\Client\Response.php:301  
[2026-08-18 05:28:58] local.INFO: Fetching live market data from CoinGecko...  
[2026-08-18 05:28:59] local.ERROR: CoinGecko fetch error: HTTP request returned status code 429:
{"status":{"error_code":429,"error_message":"You've exceeded the Rate Limit. Please visit https://www.coingecko.com/en/a (truncated...)
 at D:\starcurrecy\vendor\laravel\framework\src\Illuminate\Http\Client\Response.php:301  
[2026-08-18 05:28:59] local.INFO: Fetching live market data from CoinGecko...  
[2026-08-18 05:29:00] local.ERROR: CoinGecko fetch error: HTTP request returned status code 429:
{"status":{"error_code":429,"error_message":"You've exceeded the Rate Limit. Please visit https://www.coingecko.com/en/a (truncated...)
 at D:\starcurrecy\vendor\laravel\framework\src\Illuminate\Http\Client\Response.php:301  
[2026-08-18 05:29:01] local.INFO: Fetching live market data from CoinGecko...  
[2026-08-18 05:29:02] local.ERROR: CoinGecko fetch error: HTTP request returned status code 429:
{"status":{"error_code":429,"error_message":"You've exceeded the Rate Limit. Please visit https://www.coingecko.com/en/a (truncated...)
 at D:\starcurrecy\vendor\laravel\framework\src\Illuminate\Http\Client\Response.php:301  
[2026-08-18 05:29:02] local.INFO: Fetching live market data from CoinGecko...  
[2026-08-18 05:29:02] local.ERROR: CoinGecko fetch error: HTTP request returned status code 429:
{"status":{"error_code":429,"error_message":"You've exceeded the Rate Limit. Please visit https://www.coingecko.com/en/a (truncated...)
 at D:\starcurrecy\vendor\laravel\framework\src\Illuminate\Http\Client\Response.php:301  
[2026-08-18 05:29:03] local.INFO: Fetching live market data from CoinGecko...  
[2026-08-18 05:29:04] local.ERROR: CoinGecko fetch error: HTTP request returned status code 429:
{"status":{"error_code":429,"error_message":"You've exceeded the Rate Limit. Please visit https://www.coingecko.com/en/a (truncated...)
 at D:\starcurrecy\vendor\laravel\framework\src\Illuminate\Http\Client\Response.php:301  
[2026-08-18 05:29:04] local.INFO: Fetching live market data from CoinGecko...  
[2026-08-18 05:29:05] local.ERROR: CoinGecko fetch error: HTTP request returned status code 429:
{"status":{"error_code":429,"error_message":"You've exceeded the Rate Limit. Please visit https://www.coingecko.com/en/a (truncated...)
 at D:\starcurrecy\vendor\laravel\framework\src\Illuminate\Http\Client\Response.php:301  
[2026-08-18 05:29:05] local.INFO: Fetching live market data from CoinGecko...  
[2026-08-18 05:29:06] local.ERROR: CoinGecko fetch error: HTTP request returned status code 429:
{"status":{"error_code":429,"error_message":"You've exceeded the Rate Limit. Please visit https://www.coingecko.com/en/a (truncated...)
 at D:\starcurrecy\vendor\laravel\framework\src\Illuminate\Http\Client\Response.php:301  
[2026-08-18 05:29:06] local.INFO: Fetching live market data from CoinGecko...  
[2026-08-18 05:29:07] local.ERROR: CoinGecko fetch error: HTTP request returned status code 429:
{"status":{"error_code":429,"error_message":"You've exceeded the Rate Limit. Please visit https://www.coingecko.com/en/a (truncated...)
 at D:\starcurrecy\vendor\laravel\framework\src\Illuminate\Http\Client\Response.php:301  
[2026-08-18 05:29:07] local.INFO: Fetching live market data from CoinGecko...  
[2026-08-18 05:29:08] local.ERROR: CoinGecko fetch error: HTTP request returned status code 429:
{"status":{"error_code":429,"error_message":"You've exceeded the Rate Limit. Please visit https://www.coingecko.com/en/a (truncated...)
 at D:\starcurrecy\vendor\laravel\framework\src\Illuminate\Http\Client\Response.php:301  
[2026-08-18 05:29:08] local.INFO: Fetching live market data from CoinGecko...  
[2026-08-18 05:29:09] local.ERROR: CoinGecko fetch error: HTTP request returned status code 429:
{"status":{"error_code":429,"error_message":"You've exceeded the Rate Limit. Please visit https://www.coingecko.com/en/a (truncated...)
 at D:\starcurrecy\vendor\laravel\framework\src\Illuminate\Http\Client\Response.php:301  
[2026-08-18 05:29:09] local.INFO: Fetching live market data from CoinGecko...  
[2026-08-18 05:29:10] local.ERROR: CoinGecko fetch error: HTTP request returned status code 429:
{"status":{"error_code":429,"error_message":"You've exceeded the Rate Limit. Please visit https://www.coingecko.com/en/a (truncated...)
 at D:\starcurrecy\vendor\laravel\framework\src\Illuminate\Http\Client\Response.php:301  
[2026-08-18 05:29:10] local.INFO: Fetching live market data from CoinGecko...  
[2026-08-18 05:29:11] local.ERROR: CoinGecko fetch error: HTTP request returned status code 429:
{"status":{"error_code":429,"error_message":"You've exceeded the Rate Limit. Please visit https://www.coingecko.com/en/a (truncated...)
 at D:\starcurrecy\vendor\laravel\framework\src\Illuminate\Http\Client\Response.php:301  
[2026-08-18 05:29:11] local.INFO: Fetching live market data from CoinGecko...  
[2026-08-18 05:29:12] local.ERROR: CoinGecko fetch error: HTTP request returned status code 429:
{"status":{"error_code":429,"error_message":"You've exceeded the Rate Limit. Please visit https://www.coingecko.com/en/a (truncated...)
 at D:\starcurrecy\vendor\laravel\framework\src\Illuminate\Http\Client\Response.php:301  
[2026-08-18 05:29:12] local.INFO: Fetching live market data from CoinGecko...  
[2026-08-18 05:29:13] local.ERROR: CoinGecko fetch error: HTTP request returned status code 429:
{"status":{"error_code":429,"error_message":"You've exceeded the Rate Limit. Please visit https://www.coingecko.com/en/a (truncated...)
 at D:\starcurrecy\vendor\laravel\framework\src\Illuminate\Http\Client\Response.php:301  
[2026-08-18 05:29:14] local.INFO: Fetching live market data from CoinGecko...  
[2026-08-18 05:29:15] local.ERROR: CoinGecko fetch error: HTTP request returned status code 429:
{"status":{"error_code":429,"error_message":"You've exceeded the Rate Limit. Please visit https://www.coingecko.com/en/a (truncated...)
 at D:\starcurrecy\vendor\laravel\framework\src\Illuminate\Http\Client\Response.php:301  
[2026-08-18 05:29:15] local.INFO: Fetching live market data from CoinGecko...  
[2026-08-18 05:29:15] local.ERROR: CoinGecko fetch error: HTTP request returned status code 429:
{"status":{"error_code":429,"error_message":"You've exceeded the Rate Limit. Please visit https://www.coingecko.com/en/a (truncated...)
 at D:\starcurrecy\vendor\laravel\framework\src\Illuminate\Http\Client\Response.php:301  
[2026-08-18 05:29:25] local.INFO: Fetching live market data from CoinGecko...  
[2026-08-18 05:29:26] local.ERROR: CoinGecko fetch error: HTTP request returned status code 429:
{"status":{"error_code":429,"error_message":"You've exceeded the Rate Limit. Please visit https://www.coingecko.com/en/a (truncated...)
 at D:\starcurrecy\vendor\laravel\framework\src\Illuminate\Http\Client\Response.php:301  
[2026-08-18 05:29:26] local.INFO: Fetching live market data from CoinGecko...  
[2026-08-18 05:29:27] local.ERROR: CoinGecko fetch error: HTTP request returned status code 429:
{"status":{"error_code":429,"error_message":"You've exceeded the Rate Limit. Please visit https://www.coingecko.com/en/a (truncated...)
 at D:\starcurrecy\vendor\laravel\framework\src\Illuminate\Http\Client\Response.php:301  
[2026-08-18 05:29:29] local.INFO: Fetching live market data from CoinGecko...  
[2026-08-18 05:29:30] local.ERROR: CoinGecko fetch error: HTTP request returned status code 429:
{"status":{"error_code":429,"error_message":"You've exceeded the Rate Limit. Please visit https://www.coingecko.com/en/a (truncated...)
 at D:\starcurrecy\vendor\laravel\framework\src\Illuminate\Http\Client\Response.php:301  
[2026-08-18 05:29:30] local.INFO: Fetching live market data from CoinGecko...  
[2026-08-18 05:29:32] local.INFO: CoinGecko returned 5 coins  
[2026-08-18 05:29:32] local.INFO: Successfully updated 6 coins from CoinGecko  
[2026-08-18 05:29:32] local.INFO: Fetching live market data from CoinGecko...  
[2026-08-18 05:29:33] local.ERROR: CoinGecko fetch error: HTTP request returned status code 429:
{"status":{"error_code":429,"error_message":"You've exceeded the Rate Limit. Please visit https://www.coingecko.com/en/a (truncated...)
 at D:\starcurrecy\vendor\laravel\framework\src\Illuminate\Http\Client\Response.php:301  
[2026-08-18 05:29:34] local.INFO: Fetching live market data from CoinGecko...  
[2026-08-18 05:29:34] local.ERROR: CoinGecko fetch error: HTTP request returned status code 429:
{"status":{"error_code":429,"error_message":"You've exceeded the Rate Limit. Please visit https://www.coingecko.com/en/a (truncated...)
 at D:\starcurrecy\vendor\laravel\framework\src\Illuminate\Http\Client\Response.php:301  
[2026-08-18 05:29:34] local.INFO: Fetching live market data from CoinGecko...  
[2026-08-18 05:29:35] local.ERROR: CoinGecko fetch error: HTTP request returned status code 429:
{"status":{"error_code":429,"error_message":"You've exceeded the Rate Limit. Please visit https://www.coingecko.com/en/a (truncated...)
 at D:\starcurrecy\vendor\laravel\framework\src\Illuminate\Http\Client\Response.php:301  
[2026-08-18 05:29:36] local.INFO: Fetching live market data from CoinGecko...  
[2026-08-18 05:29:37] local.ERROR: CoinGecko fetch error: HTTP request returned status code 429:
{"status":{"error_code":429,"error_message":"You've exceeded the Rate Limit. Please visit https://www.coingecko.com/en/a (truncated...)
 at D:\starcurrecy\vendor\laravel\framework\src\Illuminate\Http\Client\Response.php:301  
[2026-08-18 05:29:37] local.INFO: Fetching live market data from CoinGecko...  
[2026-08-18 05:29:38] local.ERROR: CoinGecko fetch error: HTTP request returned status code 429:
{"status":{"error_code":429,"error_message":"You've exceeded the Rate Limit. Please visit https://www.coingecko.com/en/a (truncated...)
 at D:\starcurrecy\vendor\laravel\framework\src\Illuminate\Http\Client\Response.php:301  
[2026-08-18 05:29:46] local.INFO: Fetching live market data from CoinGecko...  
[2026-08-18 05:29:48] local.ERROR: CoinGecko fetch error: HTTP request returned status code 429:
{"status":{"error_code":429,"error_message":"You've exceeded the Rate Limit. Please visit https://www.coingecko.com/en/a (truncated...)
 at D:\starcurrecy\vendor\laravel\framework\src\Illuminate\Http\Client\Response.php:301  
[2026-08-18 05:29:48] local.INFO: Fetching live market data from CoinGecko...  
[2026-08-18 05:29:49] local.ERROR: CoinGecko fetch error: HTTP request returned status code 429:
{"status":{"error_code":429,"error_message":"You've exceeded the Rate Limit. Please visit https://www.coingecko.com/en/a (truncated...)
 at D:\starcurrecy\vendor\laravel\framework\src\Illuminate\Http\Client\Response.php:301  
[2026-08-18 05:29:56] local.INFO: Fetching live market data from CoinGecko...  
[2026-08-18 05:29:58] local.INFO: CoinGecko returned 5 coins  
[2026-08-18 05:29:58] local.INFO: Successfully updated 6 coins from CoinGecko  
[2026-08-18 05:30:12] local.INFO: Fetching live market data from CoinGecko...  
[2026-08-18 05:30:13] local.INFO: CoinGecko returned 5 coins  
[2026-08-18 05:30:13] local.INFO: Successfully updated 6 coins from CoinGecko  
[2026-08-18 05:30:18] local.INFO: Fetching live market data from CoinGecko...  
[2026-08-18 05:30:19] local.INFO: CoinGecko returned 5 coins  
[2026-08-18 05:30:20] local.INFO: Successfully updated 6 coins from CoinGecko  
[2026-08-18 05:30:29] local.INFO: Fetching live market data from CoinGecko...  
[2026-08-18 05:30:29] local.INFO: CoinGecko returned 5 coins  
[2026-08-18 05:30:29] local.INFO: Successfully updated 6 coins from CoinGecko  
[2026-08-18 05:30:33] local.INFO: Fetching live market data from CoinGecko...  
[2026-08-18 05:30:35] local.INFO: CoinGecko returned 5 coins  
[2026-08-18 05:30:35] local.INFO: Successfully updated 6 coins from CoinGecko  
[2026-08-18 05:30:38] local.INFO: Fetching live market data from CoinGecko...  
[2026-08-18 05:30:39] local.INFO: CoinGecko returned 5 coins  
[2026-08-18 05:30:39] local.INFO: Successfully updated 6 coins from CoinGecko  
[2026-08-18 05:30:40] local.INFO: Fetching live market data from CoinGecko...  
[2026-08-18 05:30:41] local.INFO: CoinGecko returned 5 coins  
[2026-08-18 05:30:41] local.INFO: Successfully updated 6 coins from CoinGecko  
[2026-08-18 05:30:42] local.INFO: Fetching live market data from CoinGecko...  
[2026-08-18 05:30:43] local.ERROR: CoinGecko fetch error: HTTP request returned status code 429:
{"status":{"error_code":429,"error_message":"You've exceeded the Rate Limit. Please visit https://www.coingecko.com/en/a (truncated...)
 at D:\starcurrecy\vendor\laravel\framework\src\Illuminate\Http\Client\Response.php:301  
[2026-08-18 05:30:43] local.INFO: Fetching live market data from CoinGecko...  
[2026-08-18 05:30:44] local.ERROR: CoinGecko fetch error: HTTP request returned status code 429:
{"status":{"error_code":429,"error_message":"You've exceeded the Rate Limit. Please visit https://www.coingecko.com/en/a (truncated...)
 at D:\starcurrecy\vendor\laravel\framework\src\Illuminate\Http\Client\Response.php:301  
[2026-08-18 05:30:45] local.INFO: Fetching live market data from CoinGecko...  
[2026-08-18 05:30:46] local.ERROR: CoinGecko fetch error: HTTP request returned status code 429:
{"status":{"error_code":429,"error_message":"You've exceeded the Rate Limit. Please visit https://www.coingecko.com/en/a (truncated...)
 at D:\starcurrecy\vendor\laravel\framework\src\Illuminate\Http\Client\Response.php:301  
[2026-08-18 05:30:46] local.INFO: Fetching live market data from CoinGecko...  
[2026-08-18 05:30:47] local.ERROR: CoinGecko fetch error: HTTP request returned status code 429:
{"status":{"error_code":429,"error_message":"You've exceeded the Rate Limit. Please visit https://www.coingecko.com/en/a (truncated...)
 at D:\starcurrecy\vendor\laravel\framework\src\Illuminate\Http\Client\Response.php:301  
[2026-08-18 05:30:48] local.INFO: Fetching live market data from CoinGecko...  
[2026-08-18 05:30:49] local.ERROR: CoinGecko fetch error: HTTP request returned status code 429:
{"status":{"error_code":429,"error_message":"You've exceeded the Rate Limit. Please visit https://www.coingecko.com/en/a (truncated...)
 at D:\starcurrecy\vendor\laravel\framework\src\Illuminate\Http\Client\Response.php:301  
[2026-08-18 05:30:49] local.INFO: Fetching live market data from CoinGecko...  
[2026-08-18 05:30:50] local.ERROR: CoinGecko fetch error: HTTP request returned status code 429:
{"status":{"error_code":429,"error_message":"You've exceeded the Rate Limit. Please visit https://www.coingecko.com/en/a (truncated...)
 at D:\starcurrecy\vendor\laravel\framework\src\Illuminate\Http\Client\Response.php:301  
[2026-08-18 05:30:51] local.INFO: Fetching live market data from CoinGecko...  
[2026-08-18 05:30:52] local.ERROR: CoinGecko fetch error: HTTP request returned status code 429:
{"status":{"error_code":429,"error_message":"You've exceeded the Rate Limit. Please visit https://www.coingecko.com/en/a (truncated...)
 at D:\starcurrecy\vendor\laravel\framework\src\Illuminate\Http\Client\Response.php:301  
[2026-08-18 05:30:52] local.INFO: Fetching live market data from CoinGecko...  
[2026-08-18 05:30:53] local.ERROR: CoinGecko fetch error: HTTP request returned status code 429:
{"status":{"error_code":429,"error_message":"You've exceeded the Rate Limit. Please visit https://www.coingecko.com/en/a (truncated...)
 at D:\starcurrecy\vendor\laravel\framework\src\Illuminate\Http\Client\Response.php:301  
[2026-08-18 05:30:54] local.INFO: Fetching live market data from CoinGecko...  
[2026-08-18 05:30:55] local.ERROR: CoinGecko fetch error: HTTP request returned status code 429:
{"status":{"error_code":429,"error_message":"You've exceeded the Rate Limit. Please visit https://www.coingecko.com/en/a (truncated...)
 at D:\starcurrecy\vendor\laravel\framework\src\Illuminate\Http\Client\Response.php:301  
[2026-08-18 05:30:55] local.INFO: Fetching live market data from CoinGecko...  
[2026-08-18 05:30:56] local.ERROR: CoinGecko fetch error: HTTP request returned status code 429:
{"status":{"error_code":429,"error_message":"You've exceeded the Rate Limit. Please visit https://www.coingecko.com/en/a (truncated...)
 at D:\starcurrecy\vendor\laravel\framework\src\Illuminate\Http\Client\Response.php:301  
[2026-08-18 05:30:58] local.INFO: Fetching live market data from CoinGecko...  
[2026-08-18 05:31:00] local.ERROR: CoinGecko fetch error: HTTP request returned status code 429:
{"status":{"error_code":429,"error_message":"You've exceeded the Rate Limit. Please visit https://www.coingecko.com/en/a (truncated...)
 at D:\starcurrecy\vendor\laravel\framework\src\Illuminate\Http\Client\Response.php:301  
[2026-08-18 05:31:00] local.INFO: Fetching live market data from CoinGecko...  
[2026-08-18 05:31:01] local.ERROR: CoinGecko fetch error: HTTP request returned status code 429:
{"status":{"error_code":429,"error_message":"You've exceeded the Rate Limit. Please visit https://www.coingecko.com/en/a (truncated...)
 at D:\starcurrecy\vendor\laravel\framework\src\Illuminate\Http\Client\Response.php:301  
[2026-08-18 05:31:02] local.INFO: Fetching live market data from CoinGecko...  
[2026-08-18 05:31:03] local.ERROR: CoinGecko fetch error: HTTP request returned status code 429:
{"status":{"error_code":429,"error_message":"You've exceeded the Rate Limit. Please visit https://www.coingecko.com/en/a (truncated...)
 at D:\starcurrecy\vendor\laravel\framework\src\Illuminate\Http\Client\Response.php:301  
[2026-08-18 05:31:03] local.INFO: Fetching live market data from CoinGecko...  
[2026-08-18 05:31:04] local.ERROR: CoinGecko fetch error: HTTP request returned status code 429:
{"status":{"error_code":429,"error_message":"You've exceeded the Rate Limit. Please visit https://www.coingecko.com/en/a (truncated...)
 at D:\starcurrecy\vendor\laravel\framework\src\Illuminate\Http\Client\Response.php:301  
[2026-08-18 05:31:05] local.INFO: Fetching live market data from CoinGecko...  
[2026-08-18 05:31:06] local.ERROR: CoinGecko fetch error: HTTP request returned status code 429:
{"status":{"error_code":429,"error_message":"You've exceeded the Rate Limit. Please visit https://www.coingecko.com/en/a (truncated...)
 at D:\starcurrecy\vendor\laravel\framework\src\Illuminate\Http\Client\Response.php:301  
[2026-08-18 05:31:06] local.INFO: Fetching live market data from CoinGecko...  
[2026-08-18 05:31:07] local.ERROR: CoinGecko fetch error: HTTP request returned status code 429:
{"status":{"error_code":429,"error_message":"You've exceeded the Rate Limit. Please visit https://www.coingecko.com/en/a (truncated...)
 at D:\starcurrecy\vendor\laravel\framework\src\Illuminate\Http\Client\Response.php:301  
[2026-08-18 05:31:08] local.INFO: Fetching live market data from CoinGecko...  
[2026-08-18 05:31:09] local.ERROR: CoinGecko fetch error: HTTP request returned status code 429:
{"status":{"error_code":429,"error_message":"You've exceeded the Rate Limit. Please visit https://www.coingecko.com/en/a (truncated...)
 at D:\starcurrecy\vendor\laravel\framework\src\Illuminate\Http\Client\Response.php:301  
[2026-08-18 05:31:09] local.INFO: Fetching live market data from CoinGecko...  
[2026-08-18 05:31:09] local.ERROR: CoinGecko fetch error: HTTP request returned status code 429:
{"status":{"error_code":429,"error_message":"You've exceeded the Rate Limit. Please visit https://www.coingecko.com/en/a (truncated...)
 at D:\starcurrecy\vendor\laravel\framework\src\Illuminate\Http\Client\Response.php:301  
[2026-08-18 05:31:12] local.INFO: Fetching live market data from CoinGecko...  
[2026-08-18 05:31:13] local.ERROR: CoinGecko fetch error: HTTP request returned status code 429:
{"status":{"error_code":429,"error_message":"You've exceeded the Rate Limit. Please visit https://www.coingecko.com/en/a (truncated...)
 at D:\starcurrecy\vendor\laravel\framework\src\Illuminate\Http\Client\Response.php:301  
[2026-08-18 05:31:13] local.INFO: Fetching live market data from CoinGecko...  
[2026-08-18 05:31:13] local.ERROR: CoinGecko fetch error: HTTP request returned status code 429:
{"status":{"error_code":429,"error_message":"You've exceeded the Rate Limit. Please visit https://www.coingecko.com/en/a (truncated...)
 at D:\starcurrecy\vendor\laravel\framework\src\Illuminate\Http\Client\Response.php:301  
[2026-08-18 05:31:15] local.INFO: Fetching live market data from CoinGecko...  
[2026-08-18 05:31:16] local.ERROR: CoinGecko fetch error: HTTP request returned status code 429:
{"status":{"error_code":429,"error_message":"You've exceeded the Rate Limit. Please visit https://www.coingecko.com/en/a (truncated...)
 at D:\starcurrecy\vendor\laravel\framework\src\Illuminate\Http\Client\Response.php:301  
[2026-08-18 05:31:16] local.INFO: Fetching live market data from CoinGecko...  
[2026-08-18 05:31:16] local.ERROR: CoinGecko fetch error: HTTP request returned status code 429:
{"status":{"error_code":429,"error_message":"You've exceeded the Rate Limit. Please visit https://www.coingecko.com/en/a (truncated...)
 at D:\starcurrecy\vendor\laravel\framework\src\Illuminate\Http\Client\Response.php:301  
[2026-08-18 05:31:18] local.INFO: Fetching live market data from CoinGecko...  
[2026-08-18 05:31:19] local.ERROR: CoinGecko fetch error: HTTP request returned status code 429:
{"status":{"error_code":429,"error_message":"You've exceeded the Rate Limit. Please visit https://www.coingecko.com/en/a (truncated...)
 at D:\starcurrecy\vendor\laravel\framework\src\Illuminate\Http\Client\Response.php:301  
[2026-08-18 05:31:19] local.INFO: Fetching live market data from CoinGecko...  
[2026-08-18 05:31:20] local.ERROR: CoinGecko fetch error: HTTP request returned status code 429:
{"status":{"error_code":429,"error_message":"You've exceeded the Rate Limit. Please visit https://www.coingecko.com/en/a (truncated...)
 at D:\starcurrecy\vendor\laravel\framework\src\Illuminate\Http\Client\Response.php:301  
[2026-08-18 05:31:21] local.INFO: Fetching live market data from CoinGecko...  
[2026-08-18 05:31:22] local.ERROR: CoinGecko fetch error: HTTP request returned status code 429:
{"status":{"error_code":429,"error_message":"You've exceeded the Rate Limit. Please visit https://www.coingecko.com/en/a (truncated...)
 at D:\starcurrecy\vendor\laravel\framework\src\Illuminate\Http\Client\Response.php:301  
[2026-08-18 05:31:22] local.INFO: Fetching live market data from CoinGecko...  
[2026-08-18 05:31:23] local.ERROR: CoinGecko fetch error: HTTP request returned status code 429:
{"status":{"error_code":429,"error_message":"You've exceeded the Rate Limit. Please visit https://www.coingecko.com/en/a (truncated...)
 at D:\starcurrecy\vendor\laravel\framework\src\Illuminate\Http\Client\Response.php:301  
[2026-08-18 05:31:24] local.INFO: Fetching live market data from CoinGecko...  
[2026-08-18 05:31:25] local.ERROR: CoinGecko fetch error: HTTP request returned status code 429:
{"status":{"error_code":429,"error_message":"You've exceeded the Rate Limit. Please visit https://www.coingecko.com/en/a (truncated...)
 at D:\starcurrecy\vendor\laravel\framework\src\Illuminate\Http\Client\Response.php:301  
[2026-08-18 05:31:25] local.INFO: Fetching live market data from CoinGecko...  
[2026-08-18 05:31:26] local.ERROR: CoinGecko fetch error: HTTP request returned status code 429:
{"status":{"error_code":429,"error_message":"You've exceeded the Rate Limit. Please visit https://www.coingecko.com/en/a (truncated...)
 at D:\starcurrecy\vendor\laravel\framework\src\Illuminate\Http\Client\Response.php:301  
[2026-08-18 05:31:31] local.INFO: Fetching live market data from CoinGecko...  
[2026-08-18 05:31:33] local.ERROR: CoinGecko fetch error: HTTP request returned status code 429:
{"status":{"error_code":429,"error_message":"You've exceeded the Rate Limit. Please visit https://www.coingecko.com/en/a (truncated...)
 at D:\starcurrecy\vendor\laravel\framework\src\Illuminate\Http\Client\Response.php:301  
[2026-08-18 05:31:33] local.INFO: Fetching live market data from CoinGecko...  
[2026-08-18 05:31:34] local.ERROR: CoinGecko fetch error: HTTP request returned status code 429:
{"status":{"error_code":429,"error_message":"You've exceeded the Rate Limit. Please visit https://www.coingecko.com/en/a (truncated...)
 at D:\starcurrecy\vendor\laravel\framework\src\Illuminate\Http\Client\Response.php:301  
[2026-08-18 05:31:38] local.INFO: Fetching live market data from CoinGecko...  
[2026-08-18 05:31:39] local.ERROR: CoinGecko fetch error: HTTP request returned status code 429:
{"status":{"error_code":429,"error_message":"You've exceeded the Rate Limit. Please visit https://www.coingecko.com/en/a (truncated...)
 at D:\starcurrecy\vendor\laravel\framework\src\Illuminate\Http\Client\Response.php:301  
[2026-08-18 05:31:39] local.INFO: Fetching live market data from CoinGecko...  
[2026-08-18 05:31:40] local.ERROR: CoinGecko fetch error: HTTP request returned status code 429:
{"status":{"error_code":429,"error_message":"You've exceeded the Rate Limit. Please visit https://www.coingecko.com/en/a (truncated...)
 at D:\starcurrecy\vendor\laravel\framework\src\Illuminate\Http\Client\Response.php:301  
[2026-08-18 05:31:41] local.INFO: Fetching live market data from CoinGecko...  
[2026-08-18 05:31:42] local.ERROR: CoinGecko fetch error: HTTP request returned status code 429:
{"status":{"error_code":429,"error_message":"You've exceeded the Rate Limit. Please visit https://www.coingecko.com/en/a (truncated...)
 at D:\starcurrecy\vendor\laravel\framework\src\Illuminate\Http\Client\Response.php:301  
[2026-08-18 05:31:42] local.INFO: Fetching live market data from CoinGecko...  
[2026-08-18 05:31:43] local.INFO: CoinGecko returned 5 coins  
[2026-08-18 05:31:44] local.INFO: Successfully updated 6 coins from CoinGecko  
[2026-08-18 05:31:45] local.INFO: Fetching live market data from CoinGecko...  
[2026-08-18 05:31:45] local.INFO: CoinGecko returned 5 coins  
[2026-08-18 05:31:45] local.INFO: Successfully updated 6 coins from CoinGecko  
[2026-08-18 05:31:50] local.INFO: Fetching live market data from CoinGecko...  
[2026-08-18 05:31:50] local.INFO: CoinGecko returned 5 coins  
[2026-08-18 05:31:50] local.INFO: Successfully updated 6 coins from CoinGecko  
[2026-08-18 05:31:53] local.INFO: Fetching live market data from CoinGecko...  
[2026-08-18 05:31:53] local.INFO: CoinGecko returned 5 coins  
[2026-08-18 05:31:53] local.INFO: Successfully updated 6 coins from CoinGecko  
[2026-08-18 05:32:00] local.INFO: Fetching live market data from CoinGecko...  
[2026-08-18 05:32:00] local.INFO: CoinGecko returned 5 coins  
[2026-08-18 05:32:00] local.INFO: Successfully updated 6 coins from CoinGecko  
[2026-08-18 05:32:03] local.INFO: Fetching live market data from CoinGecko...  
[2026-08-18 05:32:03] local.INFO: CoinGecko returned 5 coins  
[2026-08-18 05:32:03] local.INFO: Successfully updated 6 coins from CoinGecko  
[2026-08-18 05:32:10] local.INFO: Fetching live market data from CoinGecko...  
[2026-08-18 05:32:11] local.ERROR: CoinGecko fetch error: HTTP request returned status code 429:
{"status":{"error_code":429,"error_message":"You've exceeded the Rate Limit. Please visit https://www.coingecko.com/en/a (truncated...)
 at D:\starcurrecy\vendor\laravel\framework\src\Illuminate\Http\Client\Response.php:301  
[2026-08-18 05:32:11] local.INFO: Fetching live market data from CoinGecko...  
[2026-08-18 05:32:12] local.ERROR: CoinGecko fetch error: HTTP request returned status code 429:
{"status":{"error_code":429,"error_message":"You've exceeded the Rate Limit. Please visit https://www.coingecko.com/en/a (truncated...)
 at D:\starcurrecy\vendor\laravel\framework\src\Illuminate\Http\Client\Response.php:301  
[2026-08-18 05:32:13] local.INFO: Fetching live market data from CoinGecko...  
[2026-08-18 05:32:14] local.ERROR: CoinGecko fetch error: HTTP request returned status code 429:
{"status":{"error_code":429,"error_message":"You've exceeded the Rate Limit. Please visit https://www.coingecko.com/en/a (truncated...)
 at D:\starcurrecy\vendor\laravel\framework\src\Illuminate\Http\Client\Response.php:301  
[2026-08-18 05:32:14] local.INFO: Fetching live market data from CoinGecko...  
[2026-08-18 05:32:15] local.ERROR: CoinGecko fetch error: HTTP request returned status code 429:
{"status":{"error_code":429,"error_message":"You've exceeded the Rate Limit. Please visit https://www.coingecko.com/en/a (truncated...)
 at D:\starcurrecy\vendor\laravel\framework\src\Illuminate\Http\Client\Response.php:301  
[2026-08-18 05:32:20] local.INFO: Fetching live market data from CoinGecko...  
[2026-08-18 05:32:21] local.ERROR: CoinGecko fetch error: HTTP request returned status code 429:
{"status":{"error_code":429,"error_message":"You've exceeded the Rate Limit. Please visit https://www.coingecko.com/en/a (truncated...)
 at D:\starcurrecy\vendor\laravel\framework\src\Illuminate\Http\Client\Response.php:301  
[2026-08-18 05:32:21] local.INFO: Fetching live market data from CoinGecko...  
[2026-08-18 05:32:22] local.ERROR: CoinGecko fetch error: HTTP request returned status code 429:
{"status":{"error_code":429,"error_message":"You've exceeded the Rate Limit. Please visit https://www.coingecko.com/en/a (truncated...)
 at D:\starcurrecy\vendor\laravel\framework\src\Illuminate\Http\Client\Response.php:301  
[2026-08-18 05:32:24] local.INFO: Fetching live market data from CoinGecko...  
[2026-08-18 05:32:25] local.ERROR: CoinGecko fetch error: HTTP request returned status code 429:
{"status":{"error_code":429,"error_message":"You've exceeded the Rate Limit. Please visit https://www.coingecko.com/en/a (truncated...)
 at D:\starcurrecy\vendor\laravel\framework\src\Illuminate\Http\Client\Response.php:301  
[2026-08-18 05:32:25] local.INFO: Fetching live market data from CoinGecko...  
[2026-08-18 05:32:26] local.ERROR: CoinGecko fetch error: HTTP request returned status code 429:
{"status":{"error_code":429,"error_message":"You've exceeded the Rate Limit. Please visit https://www.coingecko.com/en/a (truncated...)
 at D:\starcurrecy\vendor\laravel\framework\src\Illuminate\Http\Client\Response.php:301  
[2026-08-18 05:32:30] local.INFO: Fetching live market data from CoinGecko...  
[2026-08-18 05:32:30] local.ERROR: CoinGecko fetch error: HTTP request returned status code 429:
{"status":{"error_code":429,"error_message":"You've exceeded the Rate Limit. Please visit https://www.coingecko.com/en/a (truncated...)
 at D:\starcurrecy\vendor\laravel\framework\src\Illuminate\Http\Client\Response.php:301  
[2026-08-18 05:32:30] local.INFO: Fetching live market data from CoinGecko...  
[2026-08-18 05:32:31] local.ERROR: CoinGecko fetch error: HTTP request returned status code 429:
{"status":{"error_code":429,"error_message":"You've exceeded the Rate Limit. Please visit https://www.coingecko.com/en/a (truncated...)
 at D:\starcurrecy\vendor\laravel\framework\src\Illuminate\Http\Client\Response.php:301  
[2026-08-18 05:32:32] local.INFO: Fetching live market data from CoinGecko...  
[2026-08-18 05:32:33] local.ERROR: CoinGecko fetch error: HTTP request returned status code 429:
{"status":{"error_code":429,"error_message":"You've exceeded the Rate Limit. Please visit https://www.coingecko.com/en/a (truncated...)
 at D:\starcurrecy\vendor\laravel\framework\src\Illuminate\Http\Client\Response.php:301  
[2026-08-18 05:32:33] local.INFO: Fetching live market data from CoinGecko...  
[2026-08-18 05:32:34] local.ERROR: CoinGecko fetch error: HTTP request returned status code 429:
{"status":{"error_code":429,"error_message":"You've exceeded the Rate Limit. Please visit https://www.coingecko.com/en/a (truncated...)
 at D:\starcurrecy\vendor\laravel\framework\src\Illuminate\Http\Client\Response.php:301  
[2026-08-18 05:32:40] local.INFO: Fetching live market data from CoinGecko...  
[2026-08-18 05:32:41] local.ERROR: CoinGecko fetch error: HTTP request returned status code 429:
{"status":{"error_code":429,"error_message":"You've exceeded the Rate Limit. Please visit https://www.coingecko.com/en/a (truncated...)
 at D:\starcurrecy\vendor\laravel\framework\src\Illuminate\Http\Client\Response.php:301  
[2026-08-18 05:32:41] local.INFO: Fetching live market data from CoinGecko...  
[2026-08-18 05:32:42] local.ERROR: CoinGecko fetch error: HTTP request returned status code 429:
{"status":{"error_code":429,"error_message":"You've exceeded the Rate Limit. Please visit https://www.coingecko.com/en/a (truncated...)
 at D:\starcurrecy\vendor\laravel\framework\src\Illuminate\Http\Client\Response.php:301  
[2026-08-18 05:32:42] local.INFO: Fetching live market data from CoinGecko...  
[2026-08-18 05:32:43] local.ERROR: CoinGecko fetch error: HTTP request returned status code 429:
{"status":{"error_code":429,"error_message":"You've exceeded the Rate Limit. Please visit https://www.coingecko.com/en/a (truncated...)
 at D:\starcurrecy\vendor\laravel\framework\src\Illuminate\Http\Client\Response.php:301  
[2026-08-18 05:32:43] local.INFO: Fetching live market data from CoinGecko...  
[2026-08-18 05:32:44] local.ERROR: CoinGecko fetch error: HTTP request returned status code 429:
{"status":{"error_code":429,"error_message":"You've exceeded the Rate Limit. Please visit https://www.coingecko.com/en/a (truncated...)
 at D:\starcurrecy\vendor\laravel\framework\src\Illuminate\Http\Client\Response.php:301  
[2026-08-18 05:32:50] local.INFO: Fetching live market data from CoinGecko...  
[2026-08-18 05:32:51] local.ERROR: CoinGecko fetch error: HTTP request returned status code 429:
{"status":{"error_code":429,"error_message":"You've exceeded the Rate Limit. Please visit https://www.coingecko.com/en/a (truncated...)
 at D:\starcurrecy\vendor\laravel\framework\src\Illuminate\Http\Client\Response.php:301  
[2026-08-18 05:32:51] local.INFO: Fetching live market data from CoinGecko...  
[2026-08-18 05:32:52] local.ERROR: CoinGecko fetch error: HTTP request returned status code 429:
{"status":{"error_code":429,"error_message":"You've exceeded the Rate Limit. Please visit https://www.coingecko.com/en/a (truncated...)
 at D:\starcurrecy\vendor\laravel\framework\src\Illuminate\Http\Client\Response.php:301  
[2026-08-18 05:32:52] local.INFO: Fetching live market data from CoinGecko...  
[2026-08-18 05:32:53] local.ERROR: CoinGecko fetch error: HTTP request returned status code 429:
{"status":{"error_code":429,"error_message":"You've exceeded the Rate Limit. Please visit https://www.coingecko.com/en/a (truncated...)
 at D:\starcurrecy\vendor\laravel\framework\src\Illuminate\Http\Client\Response.php:301  
[2026-08-18 05:32:53] local.INFO: Fetching live market data from CoinGecko...  
[2026-08-18 05:32:54] local.ERROR: CoinGecko fetch error: HTTP request returned status code 429:
{"status":{"error_code":429,"error_message":"You've exceeded the Rate Limit. Please visit https://www.coingecko.com/en/a (truncated...)
 at D:\starcurrecy\vendor\laravel\framework\src\Illuminate\Http\Client\Response.php:301  
[2026-08-18 05:33:02] local.INFO: Fetching live market data from CoinGecko...  
[2026-08-18 05:33:03] local.INFO: CoinGecko returned 5 coins  
[2026-08-18 05:33:04] local.INFO: Successfully updated 6 coins from CoinGecko  
[2026-08-18 05:33:08] local.INFO: Fetching live market data from CoinGecko...  
[2026-08-18 05:33:09] local.ERROR: CoinGecko fetch error: HTTP request returned status code 429:
{"status":{"error_code":429,"error_message":"You've exceeded the Rate Limit. Please visit https://www.coingecko.com/en/a (truncated...)
 at D:\starcurrecy\vendor\laravel\framework\src\Illuminate\Http\Client\Response.php:301  
[2026-08-18 05:33:09] local.INFO: Fetching live market data from CoinGecko...  
[2026-08-18 05:33:10] local.ERROR: CoinGecko fetch error: HTTP request returned status code 429:
{"status":{"error_code":429,"error_message":"You've exceeded the Rate Limit. Please visit https://www.coingecko.com/en/a (truncated...)
 at D:\starcurrecy\vendor\laravel\framework\src\Illuminate\Http\Client\Response.php:301  
[2026-08-18 05:33:11] local.INFO: Fetching live market data from CoinGecko...  
[2026-08-18 05:33:12] local.INFO: CoinGecko returned 5 coins  
[2026-08-18 05:33:12] local.INFO: Successfully updated 6 coins from CoinGecko  
[2026-08-18 05:33:13] local.INFO: Fetching live market data from CoinGecko...  
[2026-08-18 05:33:14] local.INFO: CoinGecko returned 5 coins  
[2026-08-18 05:33:14] local.INFO: Successfully updated 6 coins from CoinGecko  
[2026-08-18 05:33:20] local.INFO: Fetching live market data from CoinGecko...  
[2026-08-18 05:33:20] local.INFO: CoinGecko returned 5 coins  
[2026-08-18 05:33:20] local.INFO: Successfully updated 6 coins from CoinGecko  
[2026-08-18 05:33:23] local.INFO: Fetching live market data from CoinGecko...  
[2026-08-18 05:33:23] local.INFO: CoinGecko returned 5 coins  
[2026-08-18 05:33:23] local.INFO: Successfully updated 6 coins from CoinGecko  
[2026-08-18 05:33:30] local.INFO: Fetching live market data from CoinGecko...  
[2026-08-18 05:33:30] local.INFO: CoinGecko returned 5 coins  
[2026-08-18 05:33:30] local.INFO: Successfully updated 6 coins from CoinGecko  
[2026-08-18 05:33:34] local.INFO: Fetching live market data from CoinGecko...  
[2026-08-18 05:33:35] local.ERROR: CoinGecko fetch error: HTTP request returned status code 429:
{"status":{"error_code":429,"error_message":"You've exceeded the Rate Limit. Please visit https://www.coingecko.com/en/a (truncated...)
 at D:\starcurrecy\vendor\laravel\framework\src\Illuminate\Http\Client\Response.php:301  
[2026-08-18 05:33:35] local.INFO: Fetching live market data from CoinGecko...  
[2026-08-18 05:33:36] local.ERROR: CoinGecko fetch error: HTTP request returned status code 429:
{"status":{"error_code":429,"error_message":"You've exceeded the Rate Limit. Please visit https://www.coingecko.com/en/a (truncated...)
 at D:\starcurrecy\vendor\laravel\framework\src\Illuminate\Http\Client\Response.php:301  
[2026-08-18 05:33:40] local.INFO: Fetching live market data from CoinGecko...  
[2026-08-18 05:33:41] local.ERROR: CoinGecko fetch error: HTTP request returned status code 429:
{"status":{"error_code":429,"error_message":"You've exceeded the Rate Limit. Please visit https://www.coingecko.com/en/a (truncated...)
 at D:\starcurrecy\vendor\laravel\framework\src\Illuminate\Http\Client\Response.php:301  
[2026-08-18 05:33:41] local.INFO: Fetching live market data from CoinGecko...  
[2026-08-18 05:33:42] local.ERROR: CoinGecko fetch error: HTTP request returned status code 429:
{"status":{"error_code":429,"error_message":"You've exceeded the Rate Limit. Please visit https://www.coingecko.com/en/a (truncated...)
 at D:\starcurrecy\vendor\laravel\framework\src\Illuminate\Http\Client\Response.php:301  
[2026-08-18 05:33:42] local.INFO: Fetching live market data from CoinGecko...  
[2026-08-18 05:33:43] local.ERROR: CoinGecko fetch error: HTTP request returned status code 429:
{"status":{"error_code":429,"error_message":"You've exceeded the Rate Limit. Please visit https://www.coingecko.com/en/a (truncated...)
 at D:\starcurrecy\vendor\laravel\framework\src\Illuminate\Http\Client\Response.php:301  
[2026-08-18 05:33:43] local.INFO: Fetching live market data from CoinGecko...  
[2026-08-18 05:33:45] local.INFO: CoinGecko returned 5 coins  
[2026-08-18 05:33:45] local.INFO: Successfully updated 6 coins from CoinGecko  
[2026-08-18 05:33:50] local.INFO: Fetching live market data from CoinGecko...  
[2026-08-18 05:33:50] local.INFO: CoinGecko returned 5 coins  
[2026-08-18 05:33:50] local.INFO: Successfully updated 6 coins from CoinGecko  
[2026-08-18 05:33:52] local.INFO: Fetching live market data from CoinGecko...  
[2026-08-18 05:33:53] local.INFO: CoinGecko returned 5 coins  
[2026-08-18 05:33:53] local.INFO: Successfully updated 6 coins from CoinGecko  
[2026-08-18 05:34:00] local.INFO: Fetching live market data from CoinGecko...  
[2026-08-18 05:34:00] local.INFO: CoinGecko returned 5 coins  
[2026-08-18 05:34:00] local.INFO: Successfully updated 6 coins from CoinGecko  
[2026-08-18 05:34:02] local.INFO: Fetching live market data from CoinGecko...  
[2026-08-18 05:34:03] local.INFO: CoinGecko returned 5 coins  
[2026-08-18 05:34:03] local.INFO: Successfully updated 6 coins from CoinGecko  
[2026-08-18 05:34:12] local.INFO: Fetching live market data from CoinGecko...  
[2026-08-18 05:34:13] local.INFO: CoinGecko returned 5 coins  
[2026-08-18 05:34:14] local.INFO: Successfully updated 6 coins from CoinGecko  
[2026-08-18 05:34:15] local.INFO: Fetching live market data from CoinGecko...  
[2026-08-18 05:34:16] local.INFO: CoinGecko returned 5 coins  
[2026-08-18 05:34:16] local.INFO: Successfully updated 6 coins from CoinGecko  
[2026-08-18 05:34:20] local.INFO: Fetching live market data from CoinGecko...  
[2026-08-18 05:34:22] local.ERROR: CoinGecko fetch error: HTTP request returned status code 429:
{"status":{"error_code":429,"error_message":"You've exceeded the Rate Limit. Please visit https://www.coingecko.com/en/a (truncated...)
 at D:\starcurrecy\vendor\laravel\framework\src\Illuminate\Http\Client\Response.php:301  
[2026-08-18 05:34:22] local.INFO: Fetching live market data from CoinGecko...  
[2026-08-18 05:34:23] local.ERROR: CoinGecko fetch error: HTTP request returned status code 429:
{"status":{"error_code":429,"error_message":"You've exceeded the Rate Limit. Please visit https://www.coingecko.com/en/a (truncated...)
 at D:\starcurrecy\vendor\laravel\framework\src\Illuminate\Http\Client\Response.php:301  
[2026-08-18 05:34:26] local.INFO: Fetching live market data from CoinGecko...  
[2026-08-18 05:34:28] local.ERROR: CoinGecko fetch error: HTTP request returned status code 429:
{"status":{"error_code":429,"error_message":"You've exceeded the Rate Limit. Please visit https://www.coingecko.com/en/a (truncated...)
 at D:\starcurrecy\vendor\laravel\framework\src\Illuminate\Http\Client\Response.php:301  
[2026-08-18 05:34:28] local.INFO: Fetching live market data from CoinGecko...  
[2026-08-18 05:34:28] local.INFO: CoinGecko returned 5 coins  
[2026-08-18 05:34:29] local.INFO: Successfully updated 6 coins from CoinGecko  
[2026-08-18 05:34:59] local.INFO: Fetching live market data from CoinGecko...  
[2026-08-18 05:35:00] local.INFO: CoinGecko returned 5 coins  
[2026-08-18 05:35:00] local.INFO: Successfully updated 6 coins from CoinGecko  
[2026-08-18 05:35:02] local.INFO: Fetching live market data from CoinGecko...  
[2026-08-18 05:35:02] local.INFO: CoinGecko returned 5 coins  
[2026-08-18 05:35:02] local.INFO: Successfully updated 6 coins from CoinGecko  
[2026-08-18 05:35:04] local.INFO: Fetching live market data from CoinGecko...  
[2026-08-18 05:35:05] local.INFO: CoinGecko returned 5 coins  
[2026-08-18 05:35:05] local.INFO: Successfully updated 6 coins from CoinGecko  
[2026-08-18 05:35:07] local.INFO: Fetching live market data from CoinGecko...  
[2026-08-18 05:35:07] local.INFO: CoinGecko returned 5 coins  
[2026-08-18 05:35:07] local.INFO: Successfully updated 6 coins from CoinGecko  
[2026-08-18 05:35:09] local.INFO: Fetching live market data from CoinGecko...  
[2026-08-18 05:35:10] local.INFO: CoinGecko returned 5 coins  
[2026-08-18 05:35:10] local.INFO: Successfully updated 6 coins from CoinGecko  
[2026-08-18 05:35:11] local.INFO: Fetching live market data from CoinGecko...  
[2026-08-18 05:35:12] local.ERROR: CoinGecko fetch error: HTTP request returned status code 429:
{"status":{"error_code":429,"error_message":"You've exceeded the Rate Limit. Please visit https://www.coingecko.com/en/a (truncated...)
 at D:\starcurrecy\vendor\laravel\framework\src\Illuminate\Http\Client\Response.php:301  
[2026-08-18 05:35:12] local.INFO: Fetching live market data from CoinGecko...  
[2026-08-18 05:35:13] local.ERROR: CoinGecko fetch error: HTTP request returned status code 429:
{"status":{"error_code":429,"error_message":"You've exceeded the Rate Limit. Please visit https://www.coingecko.com/en/a (truncated...)
 at D:\starcurrecy\vendor\laravel\framework\src\Illuminate\Http\Client\Response.php:301  
[2026-08-18 05:35:16] local.INFO: Fetching live market data from CoinGecko...  
[2026-08-18 05:35:18] local.INFO: CoinGecko returned 5 coins  
[2026-08-18 05:35:19] local.INFO: Successfully updated 6 coins from CoinGecko  
[2026-08-18 05:35:21] local.INFO: Fetching live market data from CoinGecko...  
[2026-08-18 05:35:22] local.ERROR: CoinGecko fetch error: HTTP request returned status code 429:
{"status":{"error_code":429,"error_message":"You've exceeded the Rate Limit. Please visit https://www.coingecko.com/en/a (truncated...)
 at D:\starcurrecy\vendor\laravel\framework\src\Illuminate\Http\Client\Response.php:301  
[2026-08-18 05:35:22] local.INFO: Fetching live market data from CoinGecko...  
[2026-08-18 05:35:22] local.ERROR: CoinGecko fetch error: HTTP request returned status code 429:
{"status":{"error_code":429,"error_message":"You've exceeded the Rate Limit. Please visit https://www.coingecko.com/en/a (truncated...)
 at D:\starcurrecy\vendor\laravel\framework\src\Illuminate\Http\Client\Response.php:301  
[2026-08-18 05:35:24] local.INFO: Fetching live market data from CoinGecko...  
[2026-08-18 05:35:26] local.ERROR: CoinGecko fetch error: HTTP request returned status code 429:
{"status":{"error_code":429,"error_message":"You've exceeded the Rate Limit. Please visit https://www.coingecko.com/en/a (truncated...)
 at D:\starcurrecy\vendor\laravel\framework\src\Illuminate\Http\Client\Response.php:301  
[2026-08-18 05:35:26] local.INFO: Fetching live market data from CoinGecko...  
[2026-08-18 05:35:26] local.ERROR: CoinGecko fetch error: HTTP request returned status code 429:
{"status":{"error_code":429,"error_message":"You've exceeded the Rate Limit. Please visit https://www.coingecko.com/en/a (truncated...)
 at D:\starcurrecy\vendor\laravel\framework\src\Illuminate\Http\Client\Response.php:301  
[2026-08-18 05:35:29] local.INFO: Fetching live market data from CoinGecko...  
[2026-08-18 05:35:30] local.ERROR: CoinGecko fetch error: HTTP request returned status code 429:
{"status":{"error_code":429,"error_message":"You've exceeded the Rate Limit. Please visit https://www.coingecko.com/en/a (truncated...)
 at D:\starcurrecy\vendor\laravel\framework\src\Illuminate\Http\Client\Response.php:301  
[2026-08-18 05:35:30] local.INFO: Fetching live market data from CoinGecko...  
[2026-08-18 05:35:31] local.ERROR: CoinGecko fetch error: HTTP request returned status code 429:
{"status":{"error_code":429,"error_message":"You've exceeded the Rate Limit. Please visit https://www.coingecko.com/en/a (truncated...)
 at D:\starcurrecy\vendor\laravel\framework\src\Illuminate\Http\Client\Response.php:301  
[2026-08-18 05:35:36] local.INFO: Fetching live market data from CoinGecko...  
[2026-08-18 05:35:37] local.ERROR: CoinGecko fetch error: HTTP request returned status code 429:
{"status":{"error_code":429,"error_message":"You've exceeded the Rate Limit. Please visit https://www.coingecko.com/en/a (truncated...)
 at D:\starcurrecy\vendor\laravel\framework\src\Illuminate\Http\Client\Response.php:301  
[2026-08-18 05:35:37] local.INFO: Fetching live market data from CoinGecko...  
[2026-08-18 05:35:38] local.ERROR: CoinGecko fetch error: HTTP request returned status code 429:
{"status":{"error_code":429,"error_message":"You've exceeded the Rate Limit. Please visit https://www.coingecko.com/en/a (truncated...)
 at D:\starcurrecy\vendor\laravel\framework\src\Illuminate\Http\Client\Response.php:301  
[2026-08-18 05:35:48] local.INFO: Fetching live market data from CoinGecko...  
[2026-08-18 05:35:49] local.ERROR: CoinGecko fetch error: HTTP request returned status code 429:
{"status":{"error_code":429,"error_message":"You've exceeded the Rate Limit. Please visit https://www.coingecko.com/en/a (truncated...)
 at D:\starcurrecy\vendor\laravel\framework\src\Illuminate\Http\Client\Response.php:301  
[2026-08-18 05:35:49] local.INFO: Fetching live market data from CoinGecko...  
[2026-08-18 05:35:50] local.ERROR: CoinGecko fetch error: HTTP request returned status code 429:
{"status":{"error_code":429,"error_message":"You've exceeded the Rate Limit. Please visit https://www.coingecko.com/en/a (truncated...)
 at D:\starcurrecy\vendor\laravel\framework\src\Illuminate\Http\Client\Response.php:301  
[2026-08-18 05:35:54] local.INFO: Fetching live market data from CoinGecko...  
[2026-08-18 05:35:55] local.ERROR: CoinGecko fetch error: HTTP request returned status code 429:
{"status":{"error_code":429,"error_message":"You've exceeded the Rate Limit. Please visit https://www.coingecko.com/en/a (truncated...)
 at D:\starcurrecy\vendor\laravel\framework\src\Illuminate\Http\Client\Response.php:301  
[2026-08-18 05:35:55] local.INFO: Fetching live market data from CoinGecko...  
[2026-08-18 05:35:56] local.ERROR: CoinGecko fetch error: HTTP request returned status code 429:
{"status":{"error_code":429,"error_message":"You've exceeded the Rate Limit. Please visit https://www.coingecko.com/en/a (truncated...)
 at D:\starcurrecy\vendor\laravel\framework\src\Illuminate\Http\Client\Response.php:301  
[2026-08-18 05:35:57] local.INFO: Fetching live market data from CoinGecko...  
[2026-08-18 05:35:59] local.ERROR: CoinGecko fetch error: HTTP request returned status code 429:
{"status":{"error_code":429,"error_message":"You've exceeded the Rate Limit. Please visit https://www.coingecko.com/en/a (truncated...)
 at D:\starcurrecy\vendor\laravel\framework\src\Illuminate\Http\Client\Response.php:301  
[2026-08-18 05:35:59] local.INFO: Fetching live market data from CoinGecko...  
[2026-08-18 05:36:00] local.ERROR: CoinGecko fetch error: HTTP request returned status code 429:
{"status":{"error_code":429,"error_message":"You've exceeded the Rate Limit. Please visit https://www.coingecko.com/en/a (truncated...)
 at D:\starcurrecy\vendor\laravel\framework\src\Illuminate\Http\Client\Response.php:301  
[2026-08-18 05:36:09] local.INFO: Fetching live market data from CoinGecko...  
[2026-08-18 05:36:11] local.ERROR: CoinGecko fetch error: HTTP request returned status code 429:
{"status":{"error_code":429,"error_message":"You've exceeded the Rate Limit. Please visit https://www.coingecko.com/en/a (truncated...)
 at D:\starcurrecy\vendor\laravel\framework\src\Illuminate\Http\Client\Response.php:301  
[2026-08-18 05:36:11] local.INFO: Fetching live market data from CoinGecko...  
[2026-08-18 05:36:12] local.INFO: CoinGecko returned 5 coins  
[2026-08-18 05:36:12] local.INFO: Successfully updated 6 coins from CoinGecko  
[2026-08-18 05:36:13] local.INFO: Fetching live market data from CoinGecko...  
[2026-08-18 05:36:13] local.INFO: CoinGecko returned 5 coins  
[2026-08-18 05:36:13] local.INFO: Successfully updated 6 coins from CoinGecko  
[2026-08-18 05:36:14] local.INFO: Fetching live market data from CoinGecko...  
[2026-08-18 05:36:15] local.ERROR: CoinGecko fetch error: HTTP request returned status code 429:
{"status":{"error_code":429,"error_message":"You've exceeded the Rate Limit. Please visit https://www.coingecko.com/en/a (truncated...)
 at D:\starcurrecy\vendor\laravel\framework\src\Illuminate\Http\Client\Response.php:301  
[2026-08-18 05:36:15] local.INFO: Fetching live market data from CoinGecko...  
[2026-08-18 05:36:16] local.ERROR: CoinGecko fetch error: HTTP request returned status code 429:
{"status":{"error_code":429,"error_message":"You've exceeded the Rate Limit. Please visit https://www.coingecko.com/en/a (truncated...)
 at D:\starcurrecy\vendor\laravel\framework\src\Illuminate\Http\Client\Response.php:301  
[2026-08-18 05:36:16] local.INFO: Fetching live market data from CoinGecko...  
[2026-08-18 05:36:17] local.ERROR: CoinGecko fetch error: HTTP request returned status code 429:
{"status":{"error_code":429,"error_message":"You've exceeded the Rate Limit. Please visit https://www.coingecko.com/en/a (truncated...)
 at D:\starcurrecy\vendor\laravel\framework\src\Illuminate\Http\Client\Response.php:301  
[2026-08-18 05:36:17] local.INFO: Fetching live market data from CoinGecko...  
[2026-08-18 05:36:18] local.ERROR: CoinGecko fetch error: HTTP request returned status code 429:
{"status":{"error_code":429,"error_message":"You've exceeded the Rate Limit. Please visit https://www.coingecko.com/en/a (truncated...)
 at D:\starcurrecy\vendor\laravel\framework\src\Illuminate\Http\Client\Response.php:301  
[2026-08-18 05:36:18] local.INFO: Fetching live market data from CoinGecko...  
[2026-08-18 05:36:19] local.ERROR: CoinGecko fetch error: HTTP request returned status code 429:
{"status":{"error_code":429,"error_message":"You've exceeded the Rate Limit. Please visit https://www.coingecko.com/en/a (truncated...)
 at D:\starcurrecy\vendor\laravel\framework\src\Illuminate\Http\Client\Response.php:301  
[2026-08-18 05:36:19] local.INFO: Fetching live market data from CoinGecko...  
[2026-08-18 05:36:20] local.ERROR: CoinGecko fetch error: HTTP request returned status code 429:
{"status":{"error_code":429,"error_message":"You've exceeded the Rate Limit. Please visit https://www.coingecko.com/en/a (truncated...)
 at D:\starcurrecy\vendor\laravel\framework\src\Illuminate\Http\Client\Response.php:301  
[2026-08-18 05:36:20] local.INFO: Fetching live market data from CoinGecko...  
[2026-08-18 05:36:21] local.ERROR: CoinGecko fetch error: HTTP request returned status code 429:
{"status":{"error_code":429,"error_message":"You've exceeded the Rate Limit. Please visit https://www.coingecko.com/en/a (truncated...)
 at D:\starcurrecy\vendor\laravel\framework\src\Illuminate\Http\Client\Response.php:301  
[2026-08-18 05:36:21] local.INFO: Fetching live market data from CoinGecko...  
[2026-08-18 05:36:22] local.ERROR: CoinGecko fetch error: HTTP request returned status code 429:
{"status":{"error_code":429,"error_message":"You've exceeded the Rate Limit. Please visit https://www.coingecko.com/en/a (truncated...)
 at D:\starcurrecy\vendor\laravel\framework\src\Illuminate\Http\Client\Response.php:301  
[2026-08-18 05:36:22] local.INFO: Fetching live market data from CoinGecko...  
[2026-08-18 05:36:23] local.ERROR: CoinGecko fetch error: HTTP request returned status code 429:
{"status":{"error_code":429,"error_message":"You've exceeded the Rate Limit. Please visit https://www.coingecko.com/en/a (truncated...)
 at D:\starcurrecy\vendor\laravel\framework\src\Illuminate\Http\Client\Response.php:301  
[2026-08-18 05:36:23] local.INFO: Fetching live market data from CoinGecko...  
[2026-08-18 05:36:24] local.ERROR: CoinGecko fetch error: HTTP request returned status code 429:
{"status":{"error_code":429,"error_message":"You've exceeded the Rate Limit. Please visit https://www.coingecko.com/en/a (truncated...)
 at D:\starcurrecy\vendor\laravel\framework\src\Illuminate\Http\Client\Response.php:301  
[2026-08-18 05:36:24] local.INFO: Fetching live market data from CoinGecko...  
[2026-08-18 05:36:25] local.ERROR: CoinGecko fetch error: HTTP request returned status code 429:
{"status":{"error_code":429,"error_message":"You've exceeded the Rate Limit. Please visit https://www.coingecko.com/en/a (truncated...)
 at D:\starcurrecy\vendor\laravel\framework\src\Illuminate\Http\Client\Response.php:301  
[2026-08-18 05:36:25] local.INFO: Fetching live market data from CoinGecko...  
[2026-08-18 05:36:26] local.ERROR: CoinGecko fetch error: HTTP request returned status code 429:
{"status":{"error_code":429,"error_message":"You've exceeded the Rate Limit. Please visit https://www.coingecko.com/en/a (truncated...)
 at D:\starcurrecy\vendor\laravel\framework\src\Illuminate\Http\Client\Response.php:301  
[2026-08-18 05:36:27] local.INFO: Fetching live market data from CoinGecko...  
[2026-08-18 05:36:28] local.ERROR: CoinGecko fetch error: HTTP request returned status code 429:
{"status":{"error_code":429,"error_message":"You've exceeded the Rate Limit. Please visit https://www.coingecko.com/en/a (truncated...)
 at D:\starcurrecy\vendor\laravel\framework\src\Illuminate\Http\Client\Response.php:301  
[2026-08-18 05:36:28] local.INFO: Fetching live market data from CoinGecko...  
[2026-08-18 05:36:28] local.ERROR: CoinGecko fetch error: HTTP request returned status code 429:
{"status":{"error_code":429,"error_message":"You've exceeded the Rate Limit. Please visit https://www.coingecko.com/en/a (truncated...)
 at D:\starcurrecy\vendor\laravel\framework\src\Illuminate\Http\Client\Response.php:301  
[2026-08-18 05:36:29] local.INFO: Fetching live market data from CoinGecko...  
[2026-08-18 05:36:32] local.ERROR: CoinGecko fetch error: HTTP request returned status code 429:
{"status":{"error_code":429,"error_message":"You've exceeded the Rate Limit. Please visit https://www.coingecko.com/en/a (truncated...)
 at D:\starcurrecy\vendor\laravel\framework\src\Illuminate\Http\Client\Response.php:301  
[2026-08-18 05:36:32] local.INFO: Fetching live market data from CoinGecko...  
[2026-08-18 05:36:33] local.ERROR: CoinGecko fetch error: HTTP request returned status code 429:
{"status":{"error_code":429,"error_message":"You've exceeded the Rate Limit. Please visit https://www.coingecko.com/en/a (truncated...)
 at D:\starcurrecy\vendor\laravel\framework\src\Illuminate\Http\Client\Response.php:301  
[2026-08-18 05:36:34] local.INFO: Fetching live market data from CoinGecko...  
[2026-08-18 05:36:35] local.ERROR: CoinGecko fetch error: HTTP request returned status code 429:
{"status":{"error_code":429,"error_message":"You've exceeded the Rate Limit. Please visit https://www.coingecko.com/en/a (truncated...)
 at D:\starcurrecy\vendor\laravel\framework\src\Illuminate\Http\Client\Response.php:301  
[2026-08-18 05:36:35] local.INFO: Fetching live market data from CoinGecko...  
[2026-08-18 05:36:36] local.ERROR: CoinGecko fetch error: HTTP request returned status code 429:
{"status":{"error_code":429,"error_message":"You've exceeded the Rate Limit. Please visit https://www.coingecko.com/en/a (truncated...)
 at D:\starcurrecy\vendor\laravel\framework\src\Illuminate\Http\Client\Response.php:301  
[2026-08-18 05:36:49] local.INFO: Fetching live market data from CoinGecko...  
[2026-08-18 05:36:52] local.ERROR: CoinGecko fetch error: HTTP request returned status code 429:
{"status":{"error_code":429,"error_message":"You've exceeded the Rate Limit. Please visit https://www.coingecko.com/en/a (truncated...)
 at D:\starcurrecy\vendor\laravel\framework\src\Illuminate\Http\Client\Response.php:301  
[2026-08-18 05:36:52] local.INFO: Fetching live market data from CoinGecko...  
[2026-08-18 05:36:52] local.ERROR: CoinGecko fetch error: HTTP request returned status code 429:
{"status":{"error_code":429,"error_message":"You've exceeded the Rate Limit. Please visit https://www.coingecko.com/en/a (truncated...)
 at D:\starcurrecy\vendor\laravel\framework\src\Illuminate\Http\Client\Response.php:301  
[2026-08-18 05:36:53] local.INFO: Fetching live market data from CoinGecko...  
[2026-08-18 05:36:54] local.ERROR: CoinGecko fetch error: HTTP request returned status code 429:
{"status":{"error_code":429,"error_message":"You've exceeded the Rate Limit. Please visit https://www.coingecko.com/en/a (truncated...)
 at D:\starcurrecy\vendor\laravel\framework\src\Illuminate\Http\Client\Response.php:301  
[2026-08-18 05:36:54] local.INFO: Fetching live market data from CoinGecko...  
[2026-08-18 05:36:55] local.ERROR: CoinGecko fetch error: HTTP request returned status code 429:
{"status":{"error_code":429,"error_message":"You've exceeded the Rate Limit. Please visit https://www.coingecko.com/en/a (truncated...)
 at D:\starcurrecy\vendor\laravel\framework\src\Illuminate\Http\Client\Response.php:301  
[2026-08-18 05:36:55] local.INFO: Fetching live market data from CoinGecko...  
[2026-08-18 05:36:56] local.ERROR: CoinGecko fetch error: HTTP request returned status code 429:
{"status":{"error_code":429,"error_message":"You've exceeded the Rate Limit. Please visit https://www.coingecko.com/en/a (truncated...)
 at D:\starcurrecy\vendor\laravel\framework\src\Illuminate\Http\Client\Response.php:301  
[2026-08-18 05:36:56] local.INFO: Fetching live market data from CoinGecko...  
[2026-08-18 05:36:57] local.ERROR: CoinGecko fetch error: HTTP request returned status code 429:
{"status":{"error_code":429,"error_message":"You've exceeded the Rate Limit. Please visit https://www.coingecko.com/en/a (truncated...)
 at D:\starcurrecy\vendor\laravel\framework\src\Illuminate\Http\Client\Response.php:301  
[2026-08-18 05:36:58] local.INFO: Fetching live market data from CoinGecko...  
[2026-08-18 05:37:00] local.INFO: CoinGecko returned 5 coins  
[2026-08-18 05:37:01] local.INFO: Successfully updated 6 coins from CoinGecko  
[2026-08-18 05:37:03] local.INFO: Fetching live market data from CoinGecko...  
[2026-08-18 05:37:04] local.ERROR: CoinGecko fetch error: HTTP request returned status code 429:
{"status":{"error_code":429,"error_message":"You've exceeded the Rate Limit. Please visit https://www.coingecko.com/en/a (truncated...)
 at D:\starcurrecy\vendor\laravel\framework\src\Illuminate\Http\Client\Response.php:301  
[2026-08-18 05:37:04] local.INFO: Fetching live market data from CoinGecko...  
[2026-08-18 05:37:05] local.ERROR: CoinGecko fetch error: HTTP request returned status code 429:
{"status":{"error_code":429,"error_message":"You've exceeded the Rate Limit. Please visit https://www.coingecko.com/en/a (truncated...)
 at D:\starcurrecy\vendor\laravel\framework\src\Illuminate\Http\Client\Response.php:301  
[2026-08-18 05:37:06] local.INFO: Fetching live market data from CoinGecko...  
[2026-08-18 05:37:08] local.ERROR: CoinGecko fetch error: HTTP request returned status code 429:
{"status":{"error_code":429,"error_message":"You've exceeded the Rate Limit. Please visit https://www.coingecko.com/en/a (truncated...)
 at D:\starcurrecy\vendor\laravel\framework\src\Illuminate\Http\Client\Response.php:301  
[2026-08-18 05:37:08] local.INFO: Fetching live market data from CoinGecko...  
[2026-08-18 05:37:09] local.INFO: CoinGecko returned 5 coins  
[2026-08-18 05:37:09] local.INFO: Successfully updated 6 coins from CoinGecko  
[2026-08-18 05:37:11] local.INFO: Fetching live market data from CoinGecko...  
[2026-08-18 05:37:12] local.INFO: CoinGecko returned 5 coins  
[2026-08-18 05:37:12] local.INFO: Successfully updated 6 coins from CoinGecko  
[2026-08-18 05:37:15] local.INFO: Fetching live market data from CoinGecko...  
[2026-08-18 05:37:16] local.INFO: CoinGecko returned 5 coins  
[2026-08-18 05:37:16] local.INFO: Successfully updated 6 coins from CoinGecko  
[2026-08-18 05:37:18] local.INFO: Fetching live market data from CoinGecko...  
[2026-08-18 05:37:19] local.INFO: CoinGecko returned 5 coins  
[2026-08-18 05:37:19] local.INFO: Successfully updated 6 coins from CoinGecko  
[2026-08-18 05:37:20] local.INFO: Fetching live market data from CoinGecko...  
[2026-08-18 05:37:21] local.INFO: CoinGecko returned 5 coins  
[2026-08-18 05:37:21] local.INFO: Successfully updated 6 coins from CoinGecko  
[2026-08-18 05:37:25] local.INFO: Fetching live market data from CoinGecko...  
[2026-08-18 05:37:26] local.INFO: CoinGecko returned 5 coins  
[2026-08-18 05:37:26] local.INFO: Successfully updated 6 coins from CoinGecko  
[2026-08-18 05:37:32] local.INFO: Fetching live market data from CoinGecko...  
[2026-08-18 05:37:33] local.INFO: CoinGecko returned 5 coins  
[2026-08-18 05:37:33] local.INFO: Successfully updated 6 coins from CoinGecko  
[2026-08-18 05:37:37] local.INFO: Fetching live market data from CoinGecko...  
[2026-08-18 05:37:38] local.INFO: CoinGecko returned 5 coins  
[2026-08-18 05:37:38] local.INFO: Successfully updated 6 coins from CoinGecko  
[2026-08-18 05:37:40] local.INFO: Fetching live market data from CoinGecko...  
[2026-08-18 05:37:41] local.INFO: CoinGecko returned 5 coins  
[2026-08-18 05:37:41] local.INFO: Successfully updated 6 coins from CoinGecko  
[2026-08-18 05:37:44] local.INFO: Fetching live market data from CoinGecko...  
[2026-08-18 05:37:44] local.INFO: CoinGecko returned 5 coins  
[2026-08-18 05:37:44] local.INFO: Successfully updated 6 coins from CoinGecko  
[2026-08-18 05:37:52] local.INFO: Fetching live market data from CoinGecko...  
[2026-08-18 05:37:54] local.ERROR: CoinGecko fetch error: HTTP request returned status code 429:
{"status":{"error_code":429,"error_message":"You've exceeded the Rate Limit. Please visit https://www.coingecko.com/en/a (truncated...)
 at D:\starcurrecy\vendor\laravel\framework\src\Illuminate\Http\Client\Response.php:301  
[2026-08-18 05:37:54] local.INFO: Fetching live market data from CoinGecko...  
[2026-08-18 05:37:54] local.ERROR: CoinGecko fetch error: HTTP request returned status code 429:
{"status":{"error_code":429,"error_message":"You've exceeded the Rate Limit. Please visit https://www.coingecko.com/en/a (truncated...)
 at D:\starcurrecy\vendor\laravel\framework\src\Illuminate\Http\Client\Response.php:301  
[2026-08-18 05:38:08] local.INFO: Fetching live market data from CoinGecko...  
[2026-08-18 05:38:10] local.ERROR: CoinGecko fetch error: HTTP request returned status code 429:
{"status":{"error_code":429,"error_message":"You've exceeded the Rate Limit. Please visit https://www.coingecko.com/en/a (truncated...)
 at D:\starcurrecy\vendor\laravel\framework\src\Illuminate\Http\Client\Response.php:301  
[2026-08-18 05:38:10] local.INFO: Fetching live market data from CoinGecko...  
[2026-08-18 05:38:11] local.ERROR: CoinGecko fetch error: HTTP request returned status code 429:
{"status":{"error_code":429,"error_message":"You've exceeded the Rate Limit. Please visit https://www.coingecko.com/en/a (truncated...)
 at D:\starcurrecy\vendor\laravel\framework\src\Illuminate\Http\Client\Response.php:301  
[2026-08-18 05:38:13] local.INFO: Fetching live market data from CoinGecko...  
[2026-08-18 05:38:14] local.ERROR: CoinGecko fetch error: HTTP request returned status code 429:
{"status":{"error_code":429,"error_message":"You've exceeded the Rate Limit. Please visit https://www.coingecko.com/en/a (truncated...)
 at D:\starcurrecy\vendor\laravel\framework\src\Illuminate\Http\Client\Response.php:301  
[2026-08-18 05:38:14] local.INFO: Fetching live market data from CoinGecko...  
[2026-08-18 05:38:15] local.ERROR: CoinGecko fetch error: HTTP request returned status code 429:
{"status":{"error_code":429,"error_message":"You've exceeded the Rate Limit. Please visit https://www.coingecko.com/en/a (truncated...)
 at D:\starcurrecy\vendor\laravel\framework\src\Illuminate\Http\Client\Response.php:301  
[2026-08-18 05:38:18] local.INFO: Fetching live market data from CoinGecko...  
[2026-08-18 05:38:19] local.ERROR: CoinGecko fetch error: HTTP request returned status code 429:
{"status":{"error_code":429,"error_message":"You've exceeded the Rate Limit. Please visit https://www.coingecko.com/en/a (truncated...)
 at D:\starcurrecy\vendor\laravel\framework\src\Illuminate\Http\Client\Response.php:301  
[2026-08-18 05:38:19] local.INFO: Fetching live market data from CoinGecko...  
[2026-08-18 05:38:20] local.ERROR: CoinGecko fetch error: HTTP request returned status code 429:
{"status":{"error_code":429,"error_message":"You've exceeded the Rate Limit. Please visit https://www.coingecko.com/en/a (truncated...)
 at D:\starcurrecy\vendor\laravel\framework\src\Illuminate\Http\Client\Response.php:301  
[2026-08-18 05:38:22] local.INFO: Fetching live market data from CoinGecko...  
[2026-08-18 05:38:23] local.ERROR: CoinGecko fetch error: HTTP request returned status code 429:
{"status":{"error_code":429,"error_message":"You've exceeded the Rate Limit. Please visit https://www.coingecko.com/en/a (truncated...)
 at D:\starcurrecy\vendor\laravel\framework\src\Illuminate\Http\Client\Response.php:301  
[2026-08-18 05:38:23] local.INFO: Fetching live market data from CoinGecko...  
[2026-08-18 05:38:23] local.ERROR: CoinGecko fetch error: HTTP request returned status code 429:
{"status":{"error_code":429,"error_message":"You've exceeded the Rate Limit. Please visit https://www.coingecko.com/en/a (truncated...)
 at D:\starcurrecy\vendor\laravel\framework\src\Illuminate\Http\Client\Response.php:301  
[2026-08-18 05:38:25] local.INFO: Fetching live market data from CoinGecko...  
[2026-08-18 05:38:26] local.INFO: CoinGecko returned 5 coins  
[2026-08-18 05:38:26] local.INFO: Successfully updated 6 coins from CoinGecko  
[2026-08-18 05:38:28] local.INFO: Fetching live market data from CoinGecko...  
[2026-08-18 05:38:29] local.ERROR: CoinGecko fetch error: HTTP request returned status code 429:
{"status":{"error_code":429,"error_message":"You've exceeded the Rate Limit. Please visit https://www.coingecko.com/en/a (truncated...)
 at D:\starcurrecy\vendor\laravel\framework\src\Illuminate\Http\Client\Response.php:301  
[2026-08-18 05:38:29] local.INFO: Fetching live market data from CoinGecko...  
[2026-08-18 05:38:30] local.ERROR: CoinGecko fetch error: HTTP request returned status code 429:
{"status":{"error_code":429,"error_message":"You've exceeded the Rate Limit. Please visit https://www.coingecko.com/en/a (truncated...)
 at D:\starcurrecy\vendor\laravel\framework\src\Illuminate\Http\Client\Response.php:301  
[2026-08-18 05:38:31] local.INFO: Fetching live market data from CoinGecko...  
[2026-08-18 05:38:32] local.INFO: CoinGecko returned 5 coins  
[2026-08-18 05:38:32] local.INFO: Successfully updated 6 coins from CoinGecko  
[2026-08-18 05:38:33] local.INFO: Fetching live market data from CoinGecko...  
[2026-08-18 05:38:34] local.INFO: CoinGecko returned 5 coins  
[2026-08-18 05:38:34] local.INFO: Successfully updated 6 coins from CoinGecko  
[2026-08-18 05:38:35] local.INFO: Fetching live market data from CoinGecko...  
[2026-08-18 05:38:36] local.INFO: CoinGecko returned 5 coins  
[2026-08-18 05:38:36] local.INFO: Successfully updated 6 coins from CoinGecko  
[2026-08-18 05:38:41] local.INFO: Fetching live market data from CoinGecko...  
[2026-08-18 05:38:43] local.INFO: CoinGecko returned 5 coins  
[2026-08-18 05:38:43] local.INFO: Successfully updated 6 coins from CoinGecko  
[2026-08-18 05:38:44] local.INFO: Fetching live market data from CoinGecko...  
[2026-08-18 05:38:45] local.ERROR: CoinGecko fetch error: HTTP request returned status code 429:
{"status":{"error_code":429,"error_message":"You've exceeded the Rate Limit. Please visit https://www.coingecko.com/en/a (truncated...)
 at D:\starcurrecy\vendor\laravel\framework\src\Illuminate\Http\Client\Response.php:301  
[2026-08-18 05:38:45] local.INFO: Fetching live market data from CoinGecko...  
[2026-08-18 05:38:46] local.ERROR: CoinGecko fetch error: HTTP request returned status code 429:
{"status":{"error_code":429,"error_message":"You've exceeded the Rate Limit. Please visit https://www.coingecko.com/en/a (truncated...)
 at D:\starcurrecy\vendor\laravel\framework\src\Illuminate\Http\Client\Response.php:301  
[2026-08-18 05:38:48] local.INFO: Fetching live market data from CoinGecko...  
[2026-08-18 05:38:49] local.ERROR: CoinGecko fetch error: HTTP request returned status code 429:
{"status":{"error_code":429,"error_message":"You've exceeded the Rate Limit. Please visit https://www.coingecko.com/en/a (truncated...)
 at D:\starcurrecy\vendor\laravel\framework\src\Illuminate\Http\Client\Response.php:301  
[2026-08-18 05:38:50] local.INFO: Fetching live market data from CoinGecko...  
[2026-08-18 05:38:51] local.ERROR: CoinGecko fetch error: HTTP request returned status code 429:
{"status":{"error_code":429,"error_message":"You've exceeded the Rate Limit. Please visit https://www.coingecko.com/en/a (truncated...)
 at D:\starcurrecy\vendor\laravel\framework\src\Illuminate\Http\Client\Response.php:301  
[2026-08-18 05:38:51] local.INFO: Fetching live market data from CoinGecko...  
[2026-08-18 05:38:52] local.INFO: CoinGecko returned 5 coins  
[2026-08-18 05:38:52] local.INFO: Successfully updated 6 coins from CoinGecko  
[2026-08-18 05:38:54] local.INFO: Fetching live market data from CoinGecko...  
[2026-08-18 05:38:54] local.INFO: CoinGecko returned 5 coins  
[2026-08-18 05:38:54] local.INFO: Successfully updated 6 coins from CoinGecko  
[2026-08-18 05:38:56] local.INFO: Fetching live market data from CoinGecko...  
[2026-08-18 05:38:56] local.INFO: CoinGecko returned 5 coins  
[2026-08-18 05:38:56] local.INFO: Successfully updated 6 coins from CoinGecko  
[2026-08-18 05:39:06] local.INFO: Fetching live market data from CoinGecko...  
[2026-08-18 05:39:08] local.INFO: CoinGecko returned 5 coins  
[2026-08-18 05:39:08] local.INFO: Successfully updated 6 coins from CoinGecko  
[2026-08-18 05:39:12] local.INFO: Fetching live market data from CoinGecko...  
[2026-08-18 05:39:13] local.INFO: CoinGecko returned 5 coins  
[2026-08-18 05:39:13] local.INFO: Successfully updated 6 coins from CoinGecko  
[2026-08-18 05:39:14] local.INFO: Fetching live market data from CoinGecko...  
[2026-08-18 05:39:14] local.INFO: CoinGecko returned 5 coins  
[2026-08-18 05:39:15] local.INFO: Successfully updated 6 coins from CoinGecko  
[2026-08-18 05:39:16] local.INFO: Fetching live market data from CoinGecko...  
[2026-08-18 05:39:18] local.ERROR: CoinGecko fetch error: HTTP request returned status code 429:
{"status":{"error_code":429,"error_message":"You've exceeded the Rate Limit. Please visit https://www.coingecko.com/en/a (truncated...)
 at D:\starcurrecy\vendor\laravel\framework\src\Illuminate\Http\Client\Response.php:301  
[2026-08-18 05:39:18] local.INFO: Fetching live market data from CoinGecko...  
[2026-08-18 05:39:19] local.ERROR: CoinGecko fetch error: HTTP request returned status code 429:
{"status":{"error_code":429,"error_message":"You've exceeded the Rate Limit. Please visit https://www.coingecko.com/en/a (truncated...)
 at D:\starcurrecy\vendor\laravel\framework\src\Illuminate\Http\Client\Response.php:301  
[2026-08-18 05:39:23] local.INFO: Fetching live market data from CoinGecko...  
[2026-08-18 05:39:24] local.ERROR: CoinGecko fetch error: HTTP request returned status code 429:
{"status":{"error_code":429,"error_message":"You've exceeded the Rate Limit. Please visit https://www.coingecko.com/en/a (truncated...)
 at D:\starcurrecy\vendor\laravel\framework\src\Illuminate\Http\Client\Response.php:301  
[2026-08-18 05:39:24] local.INFO: Fetching live market data from CoinGecko...  
[2026-08-18 05:39:25] local.ERROR: CoinGecko fetch error: HTTP request returned status code 429:
{"status":{"error_code":429,"error_message":"You've exceeded the Rate Limit. Please visit https://www.coingecko.com/en/a (truncated...)
 at D:\starcurrecy\vendor\laravel\framework\src\Illuminate\Http\Client\Response.php:301  
[2026-08-18 05:39:26] local.INFO: Fetching live market data from CoinGecko...  
[2026-08-18 05:39:27] local.ERROR: CoinGecko fetch error: HTTP request returned status code 429:
{"status":{"error_code":429,"error_message":"You've exceeded the Rate Limit. Please visit https://www.coingecko.com/en/a (truncated...)
 at D:\starcurrecy\vendor\laravel\framework\src\Illuminate\Http\Client\Response.php:301  
[2026-08-18 05:39:27] local.INFO: Fetching live market data from CoinGecko...  
[2026-08-18 05:39:28] local.ERROR: CoinGecko fetch error: HTTP request returned status code 429:
{"status":{"error_code":429,"error_message":"You've exceeded the Rate Limit. Please visit https://www.coingecko.com/en/a (truncated...)
 at D:\starcurrecy\vendor\laravel\framework\src\Illuminate\Http\Client\Response.php:301  
[2026-08-18 05:39:30] local.INFO: Fetching live market data from CoinGecko...  
[2026-08-18 05:39:31] local.ERROR: CoinGecko fetch error: HTTP request returned status code 429:
{"status":{"error_code":429,"error_message":"You've exceeded the Rate Limit. Please visit https://www.coingecko.com/en/a (truncated...)
 at D:\starcurrecy\vendor\laravel\framework\src\Illuminate\Http\Client\Response.php:301  
[2026-08-18 05:39:33] local.INFO: Fetching live market data from CoinGecko...  
[2026-08-18 05:39:34] local.ERROR: CoinGecko fetch error: HTTP request returned status code 429:
{"status":{"error_code":429,"error_message":"You've exceeded the Rate Limit. Please visit https://www.coingecko.com/en/a (truncated...)
 at D:\starcurrecy\vendor\laravel\framework\src\Illuminate\Http\Client\Response.php:301  
[2026-08-18 05:39:34] local.INFO: Fetching live market data from CoinGecko...  
[2026-08-18 05:39:35] local.ERROR: CoinGecko fetch error: HTTP request returned status code 429:
{"status":{"error_code":429,"error_message":"You've exceeded the Rate Limit. Please visit https://www.coingecko.com/en/a (truncated...)
 at D:\starcurrecy\vendor\laravel\framework\src\Illuminate\Http\Client\Response.php:301  
[2026-08-18 05:39:43] local.INFO: Fetching live market data from CoinGecko...  
[2026-08-18 05:39:44] local.ERROR: CoinGecko fetch error: HTTP request returned status code 429:
{"status":{"error_code":429,"error_message":"You've exceeded the Rate Limit. Please visit https://www.coingecko.com/en/a (truncated...)
 at D:\starcurrecy\vendor\laravel\framework\src\Illuminate\Http\Client\Response.php:301  
[2026-08-18 05:39:44] local.INFO: Fetching live market data from CoinGecko...  
[2026-08-18 05:39:45] local.ERROR: CoinGecko fetch error: HTTP request returned status code 429:
{"status":{"error_code":429,"error_message":"You've exceeded the Rate Limit. Please visit https://www.coingecko.com/en/a (truncated...)
 at D:\starcurrecy\vendor\laravel\framework\src\Illuminate\Http\Client\Response.php:301  
[2026-08-18 05:39:53] local.INFO: Fetching live market data from CoinGecko...  
[2026-08-18 05:39:54] local.INFO: CoinGecko returned 5 coins  
[2026-08-18 05:39:54] local.INFO: Successfully updated 6 coins from CoinGecko  
[2026-08-18 05:40:03] local.INFO: Fetching live market data from CoinGecko...  
[2026-08-18 05:40:04] local.ERROR: CoinGecko fetch error: HTTP request returned status code 429:
{"status":{"error_code":429,"error_message":"You've exceeded the Rate Limit. Please visit https://www.coingecko.com/en/a (truncated...)
 at D:\starcurrecy\vendor\laravel\framework\src\Illuminate\Http\Client\Response.php:301  
[2026-08-18 05:40:04] local.INFO: Fetching live market data from CoinGecko...  
[2026-08-18 05:40:05] local.ERROR: CoinGecko fetch error: HTTP request returned status code 429:
{"status":{"error_code":429,"error_message":"You've exceeded the Rate Limit. Please visit https://www.coingecko.com/en/a (truncated...)
 at D:\starcurrecy\vendor\laravel\framework\src\Illuminate\Http\Client\Response.php:301  
[2026-08-18 05:40:13] local.INFO: Fetching live market data from CoinGecko...  
[2026-08-18 05:40:14] local.ERROR: CoinGecko fetch error: HTTP request returned status code 429:
{"status":{"error_code":429,"error_message":"You've exceeded the Rate Limit. Please visit https://www.coingecko.com/en/a (truncated...)
 at D:\starcurrecy\vendor\laravel\framework\src\Illuminate\Http\Client\Response.php:301  
[2026-08-18 05:40:14] local.INFO: Fetching live market data from CoinGecko...  
[2026-08-18 05:40:15] local.ERROR: CoinGecko fetch error: HTTP request returned status code 429:
{"status":{"error_code":429,"error_message":"You've exceeded the Rate Limit. Please visit https://www.coingecko.com/en/a (truncated...)
 at D:\starcurrecy\vendor\laravel\framework\src\Illuminate\Http\Client\Response.php:301  
[2026-08-18 05:40:23] local.INFO: Fetching live market data from CoinGecko...  
[2026-08-18 05:40:24] local.INFO: CoinGecko returned 5 coins  
[2026-08-18 05:40:24] local.INFO: Successfully updated 6 coins from CoinGecko  
[2026-08-18 05:40:41] local.INFO: Fetching live market data from CoinGecko...  
[2026-08-18 05:40:43] local.INFO: CoinGecko returned 5 coins  
[2026-08-18 05:40:43] local.INFO: Successfully updated 6 coins from CoinGecko  
[2026-08-18 05:40:49] local.INFO: Fetching live market data from CoinGecko...  
[2026-08-18 05:40:50] local.INFO: CoinGecko returned 5 coins  
[2026-08-18 05:40:50] local.INFO: Successfully updated 6 coins from CoinGecko  
[2026-08-18 05:40:53] local.INFO: Fetching live market data from CoinGecko...  
[2026-08-18 05:40:53] local.INFO: CoinGecko returned 5 coins  
[2026-08-18 05:40:53] local.INFO: Successfully updated 6 coins from CoinGecko  
[2026-08-18 05:41:03] local.INFO: Fetching live market data from CoinGecko...  
[2026-08-18 05:41:04] local.INFO: CoinGecko returned 5 coins  
[2026-08-18 05:41:04] local.INFO: Successfully updated 6 coins from CoinGecko  
[2026-08-18 05:41:15] local.INFO: Fetching live market data from CoinGecko...  
[2026-08-18 05:41:16] local.INFO: CoinGecko returned 5 coins  
[2026-08-18 05:41:16] local.INFO: Successfully updated 6 coins from CoinGecko  
[2026-08-18 05:41:24] local.INFO: Fetching live market data from CoinGecko...  
[2026-08-18 05:41:24] local.INFO: CoinGecko returned 5 coins  
[2026-08-18 05:41:24] local.INFO: Successfully updated 6 coins from CoinGecko  
[2026-08-18 05:41:33] local.INFO: Fetching live market data from CoinGecko...  
[2026-08-18 05:41:33] local.INFO: CoinGecko returned 5 coins  
[2026-08-18 05:41:33] local.INFO: Successfully updated 6 coins from CoinGecko  
[2026-08-18 05:41:43] local.INFO: Fetching live market data from CoinGecko...  
[2026-08-18 05:41:43] local.INFO: CoinGecko returned 5 coins  
[2026-08-18 05:41:43] local.INFO: Successfully updated 6 coins from CoinGecko  
[2026-08-18 05:41:53] local.INFO: Fetching live market data from CoinGecko...  
[2026-08-18 05:41:53] local.INFO: CoinGecko returned 5 coins  
[2026-08-18 05:41:54] local.INFO: Successfully updated 6 coins from CoinGecko  
[2026-08-18 05:42:07] local.INFO: Fetching live market data from CoinGecko...  
[2026-08-18 05:42:09] local.INFO: CoinGecko returned 5 coins  
[2026-08-18 05:42:09] local.INFO: Successfully updated 6 coins from CoinGecko  
[2026-08-18 05:42:14] local.INFO: Fetching live market data from CoinGecko...  
[2026-08-18 05:42:15] local.INFO: CoinGecko returned 5 coins  
[2026-08-18 05:42:15] local.INFO: Successfully updated 6 coins from CoinGecko  
[2026-08-18 05:42:36] local.INFO: Fetching live market data from CoinGecko...  
[2026-08-18 05:42:36] local.INFO: CoinGecko returned 5 coins  
[2026-08-18 05:42:37] local.INFO: Successfully updated 6 coins from CoinGecko  
[2026-08-18 05:42:38] local.INFO: Fetching live market data from CoinGecko...  
[2026-08-18 05:42:38] local.INFO: CoinGecko returned 5 coins  
[2026-08-18 05:42:38] local.INFO: Successfully updated 6 coins from CoinGecko  
[2026-08-18 05:42:49] local.INFO: Fetching live market data from CoinGecko...  
[2026-08-18 05:42:49] local.INFO: CoinGecko returned 5 coins  
[2026-08-18 05:42:49] local.INFO: Successfully updated 6 coins from CoinGecko  
[2026-08-18 05:42:53] local.INFO: Fetching live market data from CoinGecko...  
[2026-08-18 05:42:54] local.INFO: CoinGecko returned 5 coins  
[2026-08-18 05:42:54] local.INFO: Successfully updated 6 coins from CoinGecko  
[2026-08-18 05:43:03] local.INFO: Fetching live market data from CoinGecko...  
[2026-08-18 05:43:03] local.INFO: CoinGecko returned 5 coins  
[2026-08-18 05:43:03] local.INFO: Successfully updated 6 coins from CoinGecko  
[2026-08-18 05:43:15] local.INFO: Fetching live market data from CoinGecko...  
[2026-08-18 05:43:15] local.INFO: CoinGecko returned 5 coins  
[2026-08-18 05:43:16] local.INFO: Successfully updated 6 coins from CoinGecko  
[2026-08-18 05:43:23] local.INFO: Fetching live market data from CoinGecko...  
[2026-08-18 05:43:24] local.INFO: CoinGecko returned 5 coins  
[2026-08-18 05:43:25] local.INFO: Successfully updated 6 coins from CoinGecko  
[2026-08-18 05:43:35] local.INFO: Fetching live market data from CoinGecko...  
[2026-08-18 05:43:36] local.INFO: CoinGecko returned 5 coins  
[2026-08-18 05:43:37] local.INFO: Successfully updated 6 coins from CoinGecko  
[2026-08-18 05:43:51] local.INFO: Fetching live market data from CoinGecko...  
[2026-08-18 05:43:51] local.INFO: CoinGecko returned 5 coins  
[2026-08-18 05:43:51] local.INFO: Successfully updated 6 coins from CoinGecko  
[2026-08-18 05:43:54] local.INFO: Fetching live market data from CoinGecko...  
[2026-08-18 05:43:56] local.ERROR: CoinGecko fetch error: HTTP request returned status code 429:
{"status":{"error_code":429,"error_message":"You've exceeded the Rate Limit. Please visit https://www.coingecko.com/en/a (truncated...)
 at D:\starcurrecy\vendor\laravel\framework\src\Illuminate\Http\Client\Response.php:301  
[2026-08-18 05:43:56] local.INFO: Fetching live market data from CoinGecko...  
[2026-08-18 05:43:56] local.ERROR: CoinGecko fetch error: HTTP request returned status code 429:
{"status":{"error_code":429,"error_message":"You've exceeded the Rate Limit. Please visit https://www.coingecko.com/en/a (truncated...)
 at D:\starcurrecy\vendor\laravel\framework\src\Illuminate\Http\Client\Response.php:301  
[2026-08-18 05:44:03] local.INFO: Fetching live market data from CoinGecko...  
[2026-08-18 05:44:04] local.INFO: CoinGecko returned 5 coins  
[2026-08-18 05:44:04] local.INFO: Successfully updated 6 coins from CoinGecko  
[2026-08-18 05:44:13] local.INFO: Fetching live market data from CoinGecko...  
[2026-08-18 05:44:14] local.ERROR: CoinGecko fetch error: HTTP request returned status code 429:
{"status":{"error_code":429,"error_message":"You've exceeded the Rate Limit. Please visit https://www.coingecko.com/en/a (truncated...)
 at D:\starcurrecy\vendor\laravel\framework\src\Illuminate\Http\Client\Response.php:301  
[2026-08-18 05:44:14] local.INFO: Fetching live market data from CoinGecko...  
[2026-08-18 05:44:15] local.ERROR: CoinGecko fetch error: HTTP request returned status code 429:
{"status":{"error_code":429,"error_message":"You've exceeded the Rate Limit. Please visit https://www.coingecko.com/en/a (truncated...)
 at D:\starcurrecy\vendor\laravel\framework\src\Illuminate\Http\Client\Response.php:301  
[2026-08-18 05:44:25] local.INFO: Fetching live market data from CoinGecko...  
[2026-08-18 05:44:27] local.ERROR: CoinGecko fetch error: HTTP request returned status code 429:
{"status":{"error_code":429,"error_message":"You've exceeded the Rate Limit. Please visit https://www.coingecko.com/en/a (truncated...)
 at D:\starcurrecy\vendor\laravel\framework\src\Illuminate\Http\Client\Response.php:301  
[2026-08-18 05:44:27] local.INFO: Fetching live market data from CoinGecko...  
[2026-08-18 05:44:28] local.ERROR: CoinGecko fetch error: HTTP request returned status code 429:
{"status":{"error_code":429,"error_message":"You've exceeded the Rate Limit. Please visit https://www.coingecko.com/en/a (truncated...)
 at D:\starcurrecy\vendor\laravel\framework\src\Illuminate\Http\Client\Response.php:301  
[2026-08-18 05:44:35] local.INFO: Fetching live market data from CoinGecko...  
[2026-08-18 05:44:38] local.INFO: CoinGecko returned 5 coins  
[2026-08-18 05:44:40] local.INFO: Successfully updated 6 coins from CoinGecko  
[2026-08-18 05:44:52] local.INFO: Fetching live market data from CoinGecko...  
[2026-08-18 05:44:54] local.INFO: CoinGecko returned 5 coins  
[2026-08-18 05:44:55] local.INFO: Successfully updated 6 coins from CoinGecko  
[2026-08-18 05:44:58] local.INFO: Fetching live market data from CoinGecko...  
[2026-08-18 05:44:59] local.INFO: CoinGecko returned 5 coins  
[2026-08-18 05:45:00] local.INFO: Successfully updated 6 coins from CoinGecko  
[2026-08-18 05:45:05] local.INFO: Fetching live market data from CoinGecko...  
[2026-08-18 05:45:06] local.INFO: CoinGecko returned 5 coins  
[2026-08-18 05:45:07] local.INFO: Successfully updated 6 coins from CoinGecko  
[2026-08-18 05:45:20] local.INFO: Fetching live market data from CoinGecko...  
[2026-08-18 05:45:20] local.INFO: CoinGecko returned 5 coins  
[2026-08-18 05:45:21] local.INFO: Successfully updated 6 coins from CoinGecko  
[2026-08-18 05:45:25] local.INFO: Fetching live market data from CoinGecko...  
[2026-08-18 05:45:26] local.INFO: CoinGecko returned 5 coins  
[2026-08-18 05:45:26] local.INFO: Successfully updated 6 coins from CoinGecko  
[2026-08-18 05:45:33] local.INFO: Fetching live market data from CoinGecko...  
[2026-08-18 05:45:33] local.INFO: CoinGecko returned 5 coins  
[2026-08-18 05:45:33] local.INFO: Successfully updated 6 coins from CoinGecko  
[2026-08-18 05:45:43] local.INFO: Fetching live market data from CoinGecko...  
[2026-08-18 05:45:45] local.INFO: CoinGecko returned 5 coins  
[2026-08-18 05:45:45] local.INFO: Successfully updated 6 coins from CoinGecko  
[2026-08-18 05:45:53] local.INFO: Fetching live market data from CoinGecko...  
[2026-08-18 05:45:55] local.ERROR: CoinGecko fetch error: HTTP request returned status code 429:
{"status":{"error_code":429,"error_message":"You've exceeded the Rate Limit. Please visit https://www.coingecko.com/en/a (truncated...)
 at D:\starcurrecy\vendor\laravel\framework\src\Illuminate\Http\Client\Response.php:301  
[2026-08-18 05:45:55] local.INFO: Fetching live market data from CoinGecko...  
[2026-08-18 05:45:55] local.ERROR: CoinGecko fetch error: HTTP request returned status code 429:
{"status":{"error_code":429,"error_message":"You've exceeded the Rate Limit. Please visit https://www.coingecko.com/en/a (truncated...)
 at D:\starcurrecy\vendor\laravel\framework\src\Illuminate\Http\Client\Response.php:301  
[2026-08-18 05:46:03] local.INFO: Fetching live market data from CoinGecko...  
[2026-08-18 05:46:04] local.ERROR: CoinGecko fetch error: HTTP request returned status code 429:
{"status":{"error_code":429,"error_message":"You've exceeded the Rate Limit. Please visit https://www.coingecko.com/en/a (truncated...)
 at D:\starcurrecy\vendor\laravel\framework\src\Illuminate\Http\Client\Response.php:301  
[2026-08-18 05:46:04] local.INFO: Fetching live market data from CoinGecko...  
[2026-08-18 05:46:05] local.ERROR: CoinGecko fetch error: HTTP request returned status code 429:
{"status":{"error_code":429,"error_message":"You've exceeded the Rate Limit. Please visit https://www.coingecko.com/en/a (truncated...)
 at D:\starcurrecy\vendor\laravel\framework\src\Illuminate\Http\Client\Response.php:301  
[2026-08-18 05:46:13] local.INFO: Fetching live market data from CoinGecko...  
[2026-08-18 05:46:14] local.ERROR: CoinGecko fetch error: HTTP request returned status code 429:
{"status":{"error_code":429,"error_message":"You've exceeded the Rate Limit. Please visit https://www.coingecko.com/en/a (truncated...)
 at D:\starcurrecy\vendor\laravel\framework\src\Illuminate\Http\Client\Response.php:301  
[2026-08-18 05:46:14] local.INFO: Fetching live market data from CoinGecko...  
[2026-08-18 05:46:15] local.ERROR: CoinGecko fetch error: HTTP request returned status code 429:
{"status":{"error_code":429,"error_message":"You've exceeded the Rate Limit. Please visit https://www.coingecko.com/en/a (truncated...)
 at D:\starcurrecy\vendor\laravel\framework\src\Illuminate\Http\Client\Response.php:301  
[2026-08-18 05:46:23] local.INFO: Fetching live market data from CoinGecko...  
[2026-08-18 05:46:24] local.ERROR: CoinGecko fetch error: HTTP request returned status code 429:
{"status":{"error_code":429,"error_message":"You've exceeded the Rate Limit. Please visit https://www.coingecko.com/en/a (truncated...)
 at D:\starcurrecy\vendor\laravel\framework\src\Illuminate\Http\Client\Response.php:301  
[2026-08-18 05:46:24] local.INFO: Fetching live market data from CoinGecko...  
[2026-08-18 05:46:25] local.INFO: CoinGecko returned 5 coins  
[2026-08-18 05:46:26] local.INFO: Successfully updated 6 coins from CoinGecko  
[2026-08-18 05:46:45] local.INFO: Fetching live market data from CoinGecko...  
[2026-08-18 05:46:50] local.ERROR: CoinGecko fetch error: HTTP request returned status code 429:
{"status":{"error_code":429,"error_message":"You've exceeded the Rate Limit. Please visit https://www.coingecko.com/en/a (truncated...)
 at D:\starcurrecy\vendor\laravel\framework\src\Illuminate\Http\Client\Response.php:301  
[2026-08-18 05:47:02] local.ERROR: Maximum execution time of 30 seconds exceeded {"userId":1,"exception":"[object] (Symfony\\Component\\ErrorHandler\\Error\\FatalError(code: 0): Maximum execution time of 30 seconds exceeded at D:/starcurrecy/vendor/laravel/framework/src/Illuminate/Filesystem/Filesystem.php:493)
[stacktrace]
#0 {main}
"} 
[2026-08-18 05:47:21] local.INFO: Fetching live market data from CoinGecko...  
[2026-08-18 05:47:22] local.INFO: CoinGecko returned 5 coins  
[2026-08-18 05:47:22] local.INFO: Successfully updated 6 coins from CoinGecko  
[2026-08-18 05:47:23] local.INFO: Fetching live market data from CoinGecko...  
[2026-08-18 05:47:24] local.INFO: CoinGecko returned 5 coins  
[2026-08-18 05:47:25] local.INFO: Successfully updated 6 coins from CoinGecko  
[2026-08-18 05:47:27] local.INFO: Fetching live market data from CoinGecko...  
[2026-08-18 05:47:27] local.INFO: CoinGecko returned 5 coins  
[2026-08-18 05:47:27] local.INFO: Successfully updated 6 coins from CoinGecko  
[2026-08-18 05:47:29] local.INFO: Fetching live market data from CoinGecko...  
[2026-08-18 05:47:30] local.INFO: CoinGecko returned 5 coins  
[2026-08-18 05:47:30] local.INFO: Successfully updated 6 coins from CoinGecko  
[2026-08-18 05:47:31] local.INFO: Fetching live market data from CoinGecko...  
[2026-08-18 05:47:31] local.INFO: CoinGecko returned 5 coins  
[2026-08-18 05:47:31] local.INFO: Successfully updated 6 coins from CoinGecko  
[2026-08-18 05:47:32] local.INFO: Fetching live market data from CoinGecko...  
[2026-08-18 05:47:33] local.INFO: CoinGecko returned 5 coins  
[2026-08-18 05:47:33] local.INFO: Successfully updated 6 coins from CoinGecko  
[2026-08-18 05:47:34] local.INFO: Fetching live market data from CoinGecko...  
[2026-08-18 05:47:35] local.INFO: CoinGecko returned 5 coins  
[2026-08-18 05:47:35] local.INFO: Successfully updated 6 coins from CoinGecko  
[2026-08-18 05:47:36] local.INFO: Fetching live market data from CoinGecko...  
[2026-08-18 05:47:37] local.INFO: CoinGecko returned 5 coins  
[2026-08-18 05:47:37] local.INFO: Successfully updated 6 coins from CoinGecko  
[2026-08-18 05:47:38] local.INFO: Fetching live market data from CoinGecko...  
[2026-08-18 05:47:39] local.INFO: CoinGecko returned 5 coins  
[2026-08-18 05:47:39] local.INFO: Successfully updated 6 coins from CoinGecko  
[2026-08-18 05:47:41] local.INFO: Fetching live market data from CoinGecko...  
[2026-08-18 05:47:44] local.ERROR: CoinGecko fetch error: HTTP request returned status code 429:
{"status":{"error_code":429,"error_message":"You've exceeded the Rate Limit. Please visit https://www.coingecko.com/en/a (truncated...)
 at D:\starcurrecy\vendor\laravel\framework\src\Illuminate\Http\Client\Response.php:301  
[2026-08-18 05:47:44] local.INFO: Fetching live market data from CoinGecko...  
[2026-08-18 05:47:46] local.ERROR: CoinGecko fetch error: HTTP request returned status code 429:
{"status":{"error_code":429,"error_message":"You've exceeded the Rate Limit. Please visit https://www.coingecko.com/en/a (truncated...)
 at D:\starcurrecy\vendor\laravel\framework\src\Illuminate\Http\Client\Response.php:301  
[2026-08-18 05:47:47] local.INFO: Fetching live market data from CoinGecko...  
[2026-08-18 05:47:49] local.ERROR: CoinGecko fetch error: HTTP request returned status code 429:
{"status":{"error_code":429,"error_message":"You've exceeded the Rate Limit. Please visit https://www.coingecko.com/en/a (truncated...)
 at D:\starcurrecy\vendor\laravel\framework\src\Illuminate\Http\Client\Response.php:301  
[2026-08-18 05:47:49] local.INFO: Fetching live market data from CoinGecko...  
[2026-08-18 05:47:51] local.ERROR: CoinGecko fetch error: HTTP request returned status code 429:
{"status":{"error_code":429,"error_message":"You've exceeded the Rate Limit. Please visit https://www.coingecko.com/en/a (truncated...)
 at D:\starcurrecy\vendor\laravel\framework\src\Illuminate\Http\Client\Response.php:301  
[2026-08-18 05:47:52] local.INFO: Fetching live market data from CoinGecko...  
[2026-08-18 05:47:54] local.ERROR: CoinGecko fetch error: HTTP request returned status code 429:
{"status":{"error_code":429,"error_message":"You've exceeded the Rate Limit. Please visit https://www.coingecko.com/en/a (truncated...)
 at D:\starcurrecy\vendor\laravel\framework\src\Illuminate\Http\Client\Response.php:301  
[2026-08-18 05:47:54] local.INFO: Fetching live market data from CoinGecko...  
[2026-08-18 05:47:56] local.ERROR: CoinGecko fetch error: HTTP request returned status code 429:
{"status":{"error_code":429,"error_message":"You've exceeded the Rate Limit. Please visit https://www.coingecko.com/en/a (truncated...)
 at D:\starcurrecy\vendor\laravel\framework\src\Illuminate\Http\Client\Response.php:301  
[2026-08-18 05:47:58] local.INFO: Fetching live market data from CoinGecko...  
[2026-08-18 05:48:00] local.ERROR: CoinGecko fetch error: HTTP request returned status code 429:
{"status":{"error_code":429,"error_message":"You've exceeded the Rate Limit. Please visit https://www.coingecko.com/en/a (truncated...)
 at D:\starcurrecy\vendor\laravel\framework\src\Illuminate\Http\Client\Response.php:301  
[2026-08-18 05:48:00] local.INFO: Fetching live market data from CoinGecko...  
[2026-08-18 05:48:02] local.ERROR: CoinGecko fetch error: HTTP request returned status code 429:
{"status":{"error_code":429,"error_message":"You've exceeded the Rate Limit. Please visit https://www.coingecko.com/en/a (truncated...)
 at D:\starcurrecy\vendor\laravel\framework\src\Illuminate\Http\Client\Response.php:301  
[2026-08-18 05:48:08] local.INFO: Fetching live market data from CoinGecko...  
[2026-08-18 05:48:10] local.ERROR: CoinGecko fetch error: HTTP request returned status code 429:
{"status":{"error_code":429,"error_message":"You've exceeded the Rate Limit. Please visit https://www.coingecko.com/en/a (truncated...)
 at D:\starcurrecy\vendor\laravel\framework\src\Illuminate\Http\Client\Response.php:301  
[2026-08-18 05:48:10] local.INFO: Fetching live market data from CoinGecko...  
[2026-08-18 05:48:12] local.ERROR: CoinGecko fetch error: HTTP request returned status code 429:
{"status":{"error_code":429,"error_message":"You've exceeded the Rate Limit. Please visit https://www.coingecko.com/en/a (truncated...)
 at D:\starcurrecy\vendor\laravel\framework\src\Illuminate\Http\Client\Response.php:301  
[2026-08-18 05:48:13] local.INFO: Fetching live market data from CoinGecko...  
[2026-08-18 05:48:15] local.ERROR: CoinGecko fetch error: HTTP request returned status code 429:
{"status":{"error_code":429,"error_message":"You've exceeded the Rate Limit. Please visit https://www.coingecko.com/en/a (truncated...)
 at D:\starcurrecy\vendor\laravel\framework\src\Illuminate\Http\Client\Response.php:301  
[2026-08-18 05:48:15] local.INFO: Fetching live market data from CoinGecko...  
[2026-08-18 05:48:17] local.ERROR: CoinGecko fetch error: HTTP request returned status code 429:
{"status":{"error_code":429,"error_message":"You've exceeded the Rate Limit. Please visit https://www.coingecko.com/en/a (truncated...)
 at D:\starcurrecy\vendor\laravel\framework\src\Illuminate\Http\Client\Response.php:301  
[2026-08-18 05:48:18] local.INFO: Fetching live market data from CoinGecko...  
[2026-08-18 05:48:20] local.ERROR: CoinGecko fetch error: HTTP request returned status code 429:
{"status":{"error_code":429,"error_message":"You've exceeded the Rate Limit. Please visit https://www.coingecko.com/en/a (truncated...)
 at D:\starcurrecy\vendor\laravel\framework\src\Illuminate\Http\Client\Response.php:301  
[2026-08-18 05:48:20] local.INFO: Fetching live market data from CoinGecko...  
[2026-08-18 05:48:22] local.INFO: CoinGecko returned 5 coins  
[2026-08-18 05:48:22] local.INFO: Successfully updated 6 coins from CoinGecko  
[2026-08-18 05:48:25] local.INFO: Fetching live market data from CoinGecko...  
[2026-08-18 05:48:26] local.INFO: CoinGecko returned 5 coins  
[2026-08-18 05:48:26] local.INFO: Successfully updated 6 coins from CoinGecko  
[2026-08-18 05:48:27] local.INFO: Fetching live market data from CoinGecko...  
[2026-08-18 05:48:28] local.INFO: CoinGecko returned 5 coins  
[2026-08-18 05:48:28] local.INFO: Successfully updated 6 coins from CoinGecko  
[2026-08-18 05:48:29] local.INFO: Fetching live market data from CoinGecko...  
[2026-08-18 05:48:30] local.INFO: CoinGecko returned 5 coins  
[2026-08-18 05:48:30] local.INFO: Successfully updated 6 coins from CoinGecko  
[2026-08-18 05:48:31] local.INFO: Fetching live market data from CoinGecko...  
[2026-08-18 05:48:31] local.INFO: CoinGecko returned 5 coins  
[2026-08-18 05:48:32] local.INFO: Successfully updated 6 coins from CoinGecko  
[2026-08-18 05:48:33] local.INFO: Fetching live market data from CoinGecko...  
[2026-08-18 05:48:33] local.INFO: CoinGecko returned 5 coins  
[2026-08-18 05:48:33] local.INFO: Successfully updated 6 coins from CoinGecko  
[2026-08-18 05:48:38] local.INFO: Fetching live market data from CoinGecko...  
[2026-08-18 05:48:39] local.ERROR: CoinGecko fetch error: HTTP request returned status code 429:
{"status":{"error_code":429,"error_message":"You've exceeded the Rate Limit. Please visit https://www.coingecko.com/en/a (truncated...)
 at D:\starcurrecy\vendor\laravel\framework\src\Illuminate\Http\Client\Response.php:301  
[2026-08-18 05:48:39] local.INFO: Fetching live market data from CoinGecko...  
[2026-08-18 05:48:40] local.ERROR: CoinGecko fetch error: HTTP request returned status code 429:
{"status":{"error_code":429,"error_message":"You've exceeded the Rate Limit. Please visit https://www.coingecko.com/en/a (truncated...)
 at D:\starcurrecy\vendor\laravel\framework\src\Illuminate\Http\Client\Response.php:301  
[2026-08-18 05:48:43] local.INFO: Fetching live market data from CoinGecko...  
[2026-08-18 05:48:44] local.ERROR: CoinGecko fetch error: HTTP request returned status code 429:
{"status":{"error_code":429,"error_message":"You've exceeded the Rate Limit. Please visit https://www.coingecko.com/en/a (truncated...)
 at D:\starcurrecy\vendor\laravel\framework\src\Illuminate\Http\Client\Response.php:301  
[2026-08-18 05:48:44] local.INFO: Fetching live market data from CoinGecko...  
[2026-08-18 05:48:45] local.ERROR: CoinGecko fetch error: HTTP request returned status code 429:
{"status":{"error_code":429,"error_message":"You've exceeded the Rate Limit. Please visit https://www.coingecko.com/en/a (truncated...)
 at D:\starcurrecy\vendor\laravel\framework\src\Illuminate\Http\Client\Response.php:301  
[2026-08-18 05:48:53] local.INFO: Fetching live market data from CoinGecko...  
[2026-08-18 05:48:54] local.ERROR: CoinGecko fetch error: HTTP request returned status code 429:
{"status":{"error_code":429,"error_message":"You've exceeded the Rate Limit. Please visit https://www.coingecko.com/en/a (truncated...)
 at D:\starcurrecy\vendor\laravel\framework\src\Illuminate\Http\Client\Response.php:301  
[2026-08-18 05:48:54] local.INFO: Fetching live market data from CoinGecko...  
[2026-08-18 05:48:55] local.ERROR: CoinGecko fetch error: HTTP request returned status code 429:
{"status":{"error_code":429,"error_message":"You've exceeded the Rate Limit. Please visit https://www.coingecko.com/en/a (truncated...)
 at D:\starcurrecy\vendor\laravel\framework\src\Illuminate\Http\Client\Response.php:301  
[2026-08-18 05:48:56] local.INFO: Fetching live market data from CoinGecko...  
[2026-08-18 05:48:58] local.ERROR: CoinGecko fetch error: HTTP request returned status code 429:
{"status":{"error_code":429,"error_message":"You've exceeded the Rate Limit. Please visit https://www.coingecko.com/en/a (truncated...)
 at D:\starcurrecy\vendor\laravel\framework\src\Illuminate\Http\Client\Response.php:301  
[2026-08-18 05:48:58] local.INFO: Fetching live market data from CoinGecko...  
[2026-08-18 05:48:59] local.ERROR: CoinGecko fetch error: HTTP request returned status code 429:
{"status":{"error_code":429,"error_message":"You've exceeded the Rate Limit. Please visit https://www.coingecko.com/en/a (truncated...)
 at D:\starcurrecy\vendor\laravel\framework\src\Illuminate\Http\Client\Response.php:301  
[2026-08-18 05:49:04] local.INFO: Fetching live market data from CoinGecko...  
[2026-08-18 05:49:05] local.ERROR: CoinGecko fetch error: HTTP request returned status code 429:
{"status":{"error_code":429,"error_message":"You've exceeded the Rate Limit. Please visit https://www.coingecko.com/en/a (truncated...)
 at D:\starcurrecy\vendor\laravel\framework\src\Illuminate\Http\Client\Response.php:301  
[2026-08-18 05:49:05] local.INFO: Fetching live market data from CoinGecko...  
[2026-08-18 05:49:06] local.ERROR: CoinGecko fetch error: HTTP request returned status code 429:
{"status":{"error_code":429,"error_message":"You've exceeded the Rate Limit. Please visit https://www.coingecko.com/en/a (truncated...)
 at D:\starcurrecy\vendor\laravel\framework\src\Illuminate\Http\Client\Response.php:301  
[2026-08-18 05:49:08] local.INFO: Fetching live market data from CoinGecko...  
[2026-08-18 05:49:09] local.ERROR: CoinGecko fetch error: HTTP request returned status code 429:
{"status":{"error_code":429,"error_message":"You've exceeded the Rate Limit. Please visit https://www.coingecko.com/en/a (truncated...)
 at D:\starcurrecy\vendor\laravel\framework\src\Illuminate\Http\Client\Response.php:301  
[2026-08-18 05:49:09] local.INFO: Fetching live market data from CoinGecko...  
[2026-08-18 05:49:10] local.ERROR: CoinGecko fetch error: HTTP request returned status code 429:
{"status":{"error_code":429,"error_message":"You've exceeded the Rate Limit. Please visit https://www.coingecko.com/en/a (truncated...)
 at D:\starcurrecy\vendor\laravel\framework\src\Illuminate\Http\Client\Response.php:301  
[2026-08-18 05:49:12] local.INFO: Fetching live market data from CoinGecko...  
[2026-08-18 05:49:13] local.ERROR: CoinGecko fetch error: HTTP request returned status code 429:
{"status":{"error_code":429,"error_message":"You've exceeded the Rate Limit. Please visit https://www.coingecko.com/en/a (truncated...)
 at D:\starcurrecy\vendor\laravel\framework\src\Illuminate\Http\Client\Response.php:301  
[2026-08-18 05:49:13] local.INFO: Fetching live market data from CoinGecko...  
[2026-08-18 05:49:14] local.ERROR: CoinGecko fetch error: HTTP request returned status code 429:
{"status":{"error_code":429,"error_message":"You've exceeded the Rate Limit. Please visit https://www.coingecko.com/en/a (truncated...)
 at D:\starcurrecy\vendor\laravel\framework\src\Illuminate\Http\Client\Response.php:301  
[2026-08-18 05:49:16] local.INFO: Fetching live market data from CoinGecko...  
[2026-08-18 05:49:17] local.ERROR: CoinGecko fetch error: HTTP request returned status code 429:
{"status":{"error_code":429,"error_message":"You've exceeded the Rate Limit. Please visit https://www.coingecko.com/en/a (truncated...)
 at D:\starcurrecy\vendor\laravel\framework\src\Illuminate\Http\Client\Response.php:301  
[2026-08-18 05:49:18] local.INFO: Fetching live market data from CoinGecko...  
[2026-08-18 05:49:19] local.ERROR: CoinGecko fetch error: HTTP request returned status code 429:
{"status":{"error_code":429,"error_message":"You've exceeded the Rate Limit. Please visit https://www.coingecko.com/en/a (truncated...)
 at D:\starcurrecy\vendor\laravel\framework\src\Illuminate\Http\Client\Response.php:301  
[2026-08-18 05:49:19] local.INFO: Fetching live market data from CoinGecko...  
[2026-08-18 05:49:20] local.ERROR: CoinGecko fetch error: HTTP request returned status code 429:
{"status":{"error_code":429,"error_message":"You've exceeded the Rate Limit. Please visit https://www.coingecko.com/en/a (truncated...)
 at D:\starcurrecy\vendor\laravel\framework\src\Illuminate\Http\Client\Response.php:301  
[2026-08-18 05:49:21] local.INFO: Fetching live market data from CoinGecko...  
[2026-08-18 05:49:22] local.ERROR: CoinGecko fetch error: HTTP request returned status code 429:
{"status":{"error_code":429,"error_message":"You've exceeded the Rate Limit. Please visit https://www.coingecko.com/en/a (truncated...)
 at D:\starcurrecy\vendor\laravel\framework\src\Illuminate\Http\Client\Response.php:301  
[2026-08-18 05:49:22] local.INFO: Fetching live market data from CoinGecko...  
[2026-08-18 05:49:23] local.ERROR: CoinGecko fetch error: HTTP request returned status code 429:
{"status":{"error_code":429,"error_message":"You've exceeded the Rate Limit. Please visit https://www.coingecko.com/en/a (truncated...)
 at D:\starcurrecy\vendor\laravel\framework\src\Illuminate\Http\Client\Response.php:301  
[2026-08-18 05:49:26] local.INFO: Fetching live market data from CoinGecko...  
[2026-08-18 05:49:27] local.INFO: CoinGecko returned 5 coins  
[2026-08-18 05:49:28] local.INFO: Successfully updated 6 coins from CoinGecko  
[2026-08-18 05:49:29] local.INFO: Fetching live market data from CoinGecko...  
[2026-08-18 05:49:29] local.INFO: CoinGecko returned 5 coins  
[2026-08-18 05:49:29] local.INFO: Successfully updated 6 coins from CoinGecko  
[2026-08-18 05:49:32] local.INFO: Fetching live market data from CoinGecko...  
[2026-08-18 05:49:33] local.INFO: CoinGecko returned 5 coins  
[2026-08-18 05:49:33] local.INFO: Successfully updated 6 coins from CoinGecko  
[2026-08-18 05:49:39] local.INFO: Fetching live market data from CoinGecko...  
[2026-08-18 05:49:39] local.INFO: CoinGecko returned 5 coins  
[2026-08-18 05:49:39] local.INFO: Successfully updated 6 coins from CoinGecko  
[2026-08-18 05:49:43] local.INFO: Fetching live market data from CoinGecko...  
[2026-08-18 05:49:44] local.INFO: CoinGecko returned 5 coins  
[2026-08-18 05:49:45] local.INFO: Successfully updated 6 coins from CoinGecko  
[2026-08-18 05:49:51] local.INFO: Fetching live market data from CoinGecko...  
[2026-08-18 05:49:52] local.INFO: CoinGecko returned 5 coins  
[2026-08-18 05:49:52] local.INFO: Successfully updated 6 coins from CoinGecko  
[2026-08-18 05:49:54] local.INFO: Fetching live market data from CoinGecko...  
[2026-08-18 05:49:56] local.ERROR: CoinGecko fetch error: HTTP request returned status code 429:
{"status":{"error_code":429,"error_message":"You've exceeded the Rate Limit. Please visit https://www.coingecko.com/en/a (truncated...)
 at D:\starcurrecy\vendor\laravel\framework\src\Illuminate\Http\Client\Response.php:301  
[2026-08-18 05:49:56] local.INFO: Fetching live market data from CoinGecko...  
[2026-08-18 05:49:59] local.ERROR: CoinGecko fetch error: HTTP request returned status code 429:
{"status":{"error_code":429,"error_message":"You've exceeded the Rate Limit. Please visit https://www.coingecko.com/en/a (truncated...)
 at D:\starcurrecy\vendor\laravel\framework\src\Illuminate\Http\Client\Response.php:301  
[2026-08-18 05:50:01] local.INFO: Fetching live market data from CoinGecko...  
[2026-08-18 05:50:03] local.ERROR: CoinGecko fetch error: HTTP request returned status code 429:
{"status":{"error_code":429,"error_message":"You've exceeded the Rate Limit. Please visit https://www.coingecko.com/en/a (truncated...)
 at D:\starcurrecy\vendor\laravel\framework\src\Illuminate\Http\Client\Response.php:301  
[2026-08-18 05:50:03] local.INFO: Fetching live market data from CoinGecko...  
[2026-08-18 05:50:04] local.ERROR: CoinGecko fetch error: HTTP request returned status code 429:
{"status":{"error_code":429,"error_message":"You've exceeded the Rate Limit. Please visit https://www.coingecko.com/en/a (truncated...)
 at D:\starcurrecy\vendor\laravel\framework\src\Illuminate\Http\Client\Response.php:301  
[2026-08-18 05:50:06] local.INFO: Fetching live market data from CoinGecko...  
[2026-08-18 05:50:08] local.ERROR: CoinGecko fetch error: HTTP request returned status code 429:
{"status":{"error_code":429,"error_message":"You've exceeded the Rate Limit. Please visit https://www.coingecko.com/en/a (truncated...)
 at D:\starcurrecy\vendor\laravel\framework\src\Illuminate\Http\Client\Response.php:301  
[2026-08-18 05:50:08] local.INFO: Fetching live market data from CoinGecko...  
[2026-08-18 05:50:09] local.ERROR: CoinGecko fetch error: HTTP request returned status code 429:
{"status":{"error_code":429,"error_message":"You've exceeded the Rate Limit. Please visit https://www.coingecko.com/en/a (truncated...)
 at D:\starcurrecy\vendor\laravel\framework\src\Illuminate\Http\Client\Response.php:301  
[2026-08-18 05:50:10] local.INFO: Fetching live market data from CoinGecko...  
[2026-08-18 05:50:13] local.ERROR: CoinGecko fetch error: HTTP request returned status code 429:
{"status":{"error_code":429,"error_message":"You've exceeded the Rate Limit. Please visit https://www.coingecko.com/en/a (truncated...)
 at D:\starcurrecy\vendor\laravel\framework\src\Illuminate\Http\Client\Response.php:301  
[2026-08-18 05:50:13] local.INFO: Fetching live market data from CoinGecko...  
[2026-08-18 05:50:15] local.ERROR: CoinGecko fetch error: HTTP request returned status code 429:
{"status":{"error_code":429,"error_message":"You've exceeded the Rate Limit. Please visit https://www.coingecko.com/en/a (truncated...)
 at D:\starcurrecy\vendor\laravel\framework\src\Illuminate\Http\Client\Response.php:301  
[2026-08-18 05:50:16] local.INFO: Fetching live market data from CoinGecko...  
[2026-08-18 05:50:18] local.ERROR: CoinGecko fetch error: HTTP request returned status code 429:
{"status":{"error_code":429,"error_message":"You've exceeded the Rate Limit. Please visit https://www.coingecko.com/en/a (truncated...)
 at D:\starcurrecy\vendor\laravel\framework\src\Illuminate\Http\Client\Response.php:301  
[2026-08-18 05:50:18] local.INFO: Fetching live market data from CoinGecko...  
[2026-08-18 05:50:20] local.ERROR: CoinGecko fetch error: HTTP request returned status code 429:
{"status":{"error_code":429,"error_message":"You've exceeded the Rate Limit. Please visit https://www.coingecko.com/en/a (truncated...)
 at D:\starcurrecy\vendor\laravel\framework\src\Illuminate\Http\Client\Response.php:301  
[2026-08-18 05:50:21] local.INFO: Fetching live market data from CoinGecko...  
[2026-08-18 05:50:23] local.ERROR: CoinGecko fetch error: HTTP request returned status code 429:
{"status":{"error_code":429,"error_message":"You've exceeded the Rate Limit. Please visit https://www.coingecko.com/en/a (truncated...)
 at D:\starcurrecy\vendor\laravel\framework\src\Illuminate\Http\Client\Response.php:301  
[2026-08-18 05:50:23] local.INFO: Fetching live market data from CoinGecko...  
[2026-08-18 05:50:25] local.ERROR: CoinGecko fetch error: HTTP request returned status code 429:
{"status":{"error_code":429,"error_message":"You've exceeded the Rate Limit. Please visit https://www.coingecko.com/en/a (truncated...)
 at D:\starcurrecy\vendor\laravel\framework\src\Illuminate\Http\Client\Response.php:301  
[2026-08-18 05:50:26] local.INFO: Fetching live market data from CoinGecko...  
[2026-08-18 05:50:29] local.INFO: CoinGecko returned 5 coins  
[2026-08-18 05:50:29] local.INFO: Successfully updated 6 coins from CoinGecko  
[2026-08-18 05:50:31] local.INFO: Fetching live market data from CoinGecko...  
[2026-08-18 05:50:31] local.INFO: CoinGecko returned 5 coins  
[2026-08-18 05:50:31] local.INFO: Successfully updated 6 coins from CoinGecko  
[2026-08-18 05:50:33] local.INFO: Fetching live market data from CoinGecko...  
[2026-08-18 05:50:33] local.INFO: CoinGecko returned 5 coins  
[2026-08-18 05:50:34] local.INFO: Successfully updated 6 coins from CoinGecko  
[2026-08-18 05:50:41] local.INFO: Fetching live market data from CoinGecko...  
[2026-08-18 05:50:42] local.INFO: CoinGecko returned 5 coins  
[2026-08-18 05:50:42] local.INFO: Successfully updated 6 coins from CoinGecko  
[2026-08-18 05:50:43] local.INFO: Fetching live market data from CoinGecko...  
[2026-08-18 05:50:44] local.INFO: CoinGecko returned 5 coins  
[2026-08-18 05:50:44] local.INFO: Successfully updated 6 coins from CoinGecko  
[2026-08-18 05:50:49] local.INFO: Fetching live market data from CoinGecko...  
[2026-08-18 05:50:50] local.ERROR: CoinGecko fetch error: HTTP request returned status code 429:
{"status":{"error_code":429,"error_message":"You've exceeded the Rate Limit. Please visit https://www.coingecko.com/en/a (truncated...)
 at D:\starcurrecy\vendor\laravel\framework\src\Illuminate\Http\Client\Response.php:301  
[2026-08-18 05:50:50] local.INFO: Fetching live market data from CoinGecko...  
[2026-08-18 05:50:51] local.ERROR: CoinGecko fetch error: HTTP request returned status code 429:
{"status":{"error_code":429,"error_message":"You've exceeded the Rate Limit. Please visit https://www.coingecko.com/en/a (truncated...)
 at D:\starcurrecy\vendor\laravel\framework\src\Illuminate\Http\Client\Response.php:301  
[2026-08-18 05:50:56] local.INFO: Fetching live market data from CoinGecko...  
[2026-08-18 05:50:57] local.ERROR: CoinGecko fetch error: HTTP request returned status code 429:
{"status":{"error_code":429,"error_message":"You've exceeded the Rate Limit. Please visit https://www.coingecko.com/en/a (truncated...)
 at D:\starcurrecy\vendor\laravel\framework\src\Illuminate\Http\Client\Response.php:301  
[2026-08-18 05:50:58] local.INFO: Fetching live market data from CoinGecko...  
[2026-08-18 05:50:59] local.ERROR: CoinGecko fetch error: HTTP request returned status code 429:
{"status":{"error_code":429,"error_message":"You've exceeded the Rate Limit. Please visit https://www.coingecko.com/en/a (truncated...)
 at D:\starcurrecy\vendor\laravel\framework\src\Illuminate\Http\Client\Response.php:301  
[2026-08-18 05:51:08] local.INFO: Fetching live market data from CoinGecko...  
[2026-08-18 05:51:13] local.ERROR: CoinGecko fetch error: HTTP request returned status code 429:
{"status":{"error_code":429,"error_message":"You've exceeded the Rate Limit. Please visit https://www.coingecko.com/en/a (truncated...)
 at D:\starcurrecy\vendor\laravel\framework\src\Illuminate\Http\Client\Response.php:301  
[2026-08-18 05:51:13] local.INFO: Fetching live market data from CoinGecko...  
[2026-08-18 05:51:14] local.ERROR: CoinGecko fetch error: HTTP request returned status code 429:
{"status":{"error_code":429,"error_message":"You've exceeded the Rate Limit. Please visit https://www.coingecko.com/en/a (truncated...)
 at D:\starcurrecy\vendor\laravel\framework\src\Illuminate\Http\Client\Response.php:301  
[2026-08-18 05:51:15] local.INFO: Fetching live market data from CoinGecko...  
[2026-08-18 05:51:16] local.ERROR: CoinGecko fetch error: HTTP request returned status code 429:
{"status":{"error_code":429,"error_message":"You've exceeded the Rate Limit. Please visit https://www.coingecko.com/en/a (truncated...)
 at D:\starcurrecy\vendor\laravel\framework\src\Illuminate\Http\Client\Response.php:301  
[2026-08-18 05:51:16] local.INFO: Fetching live market data from CoinGecko...  
[2026-08-18 05:51:17] local.ERROR: CoinGecko fetch error: HTTP request returned status code 429:
{"status":{"error_code":429,"error_message":"You've exceeded the Rate Limit. Please visit https://www.coingecko.com/en/a (truncated...)
 at D:\starcurrecy\vendor\laravel\framework\src\Illuminate\Http\Client\Response.php:301  
[2026-08-18 05:51:18] local.INFO: Fetching live market data from CoinGecko...  
[2026-08-18 05:51:19] local.ERROR: CoinGecko fetch error: HTTP request returned status code 429:
{"status":{"error_code":429,"error_message":"You've exceeded the Rate Limit. Please visit https://www.coingecko.com/en/a (truncated...)
 at D:\starcurrecy\vendor\laravel\framework\src\Illuminate\Http\Client\Response.php:301  
[2026-08-18 05:51:19] local.INFO: Fetching live market data from CoinGecko...  
[2026-08-18 05:51:20] local.ERROR: CoinGecko fetch error: HTTP request returned status code 429:
{"status":{"error_code":429,"error_message":"You've exceeded the Rate Limit. Please visit https://www.coingecko.com/en/a (truncated...)
 at D:\starcurrecy\vendor\laravel\framework\src\Illuminate\Http\Client\Response.php:301  
[2026-08-18 05:51:21] local.INFO: Fetching live market data from CoinGecko...  
[2026-08-18 05:51:22] local.ERROR: CoinGecko fetch error: HTTP request returned status code 429:
{"status":{"error_code":429,"error_message":"You've exceeded the Rate Limit. Please visit https://www.coingecko.com/en/a (truncated...)
 at D:\starcurrecy\vendor\laravel\framework\src\Illuminate\Http\Client\Response.php:301  
[2026-08-18 05:51:22] local.INFO: Fetching live market data from CoinGecko...  
[2026-08-18 05:51:23] local.ERROR: Class "SebastianBergmann\Environment\Console" not found {"exception":"[object] (Error(code: 0): Class \"SebastianBergmann\\Environment\\Console\" not found at D:/starcurrecy/vendor/nunomaduro/collision/src/Adapters/Laravel/Commands/TestCommand.php:190)
[stacktrace]
#0 D:/starcurrecy/vendor/nunomaduro/collision/src/Adapters/Laravel/Commands/TestCommand.php(229): NunoMaduro/Collision/Adapters/Laravel/Commands/TestCommand->commonArguments()
#1 D:/starcurrecy/vendor/nunomaduro/collision/src/Adapters/Laravel/Commands/TestCommand.php(105): NunoMaduro/Collision/Adapters/Laravel/Commands/TestCommand->phpunitArguments(Array)
#2 D:/starcurrecy/vendor/laravel/framework/src/Illuminate/Container/BoundMethod.php(36): NunoMaduro/Collision/Adapters/Laravel/Commands/TestCommand->handle()
#3 D:/starcurrecy/vendor/laravel/framework/src/Illuminate/Container/Util.php(43): Illuminate/Container/BoundMethod::Illuminate/Container/{closure}()
#4 D:/starcurrecy/vendor/laravel/framework/src/Illuminate/Container/BoundMethod.php(95): Illuminate/Container/Util::unwrapIfClosure(Object(Closure))
#5 D:/starcurrecy/vendor/laravel/framework/src/Illuminate/Container/BoundMethod.php(35): Illuminate/Container/BoundMethod::callBoundMethod(Object(Illuminate/Foundation/Application), Array, Object(Closure))
#6 D:/starcurrecy/vendor/laravel/framework/src/Illuminate/Container/Container.php(696): Illuminate/Container/BoundMethod::call(Object(Illuminate/Foundation/Application), Array, Array, NULL)
#7 D:/starcurrecy/vendor/laravel/framework/src/Illuminate/Console/Command.php(213): Illuminate/Container/Container->call(Array)
#8 D:/starcurrecy/vendor/symfony/console/Command/Command.php(341): Illuminate/Console/Command->execute(Object(Symfony/Component/Console/Input/ArgvInput), Object(Illuminate/Console/OutputStyle))
#9 D:/starcurrecy/vendor/laravel/framework/src/Illuminate/Console/Command.php(182): Symfony/Component/Console/Command/Command->run(Object(Symfony/Component/Console/Input/ArgvInput), Object(Illuminate/Console/OutputStyle))
#10 D:/starcurrecy/vendor/symfony/console/Application.php(1117): Illuminate/Console/Command->run(Object(Symfony/Component/Console/Input/ArgvInput), Object(Symfony/Component/Console/Output/ConsoleOutput))
#11 D:/starcurrecy/vendor/symfony/console/Application.php(356): Symfony/Component/Console/Application->doRunCommand(Object(NunoMaduro/Collision/Adapters/Laravel/Commands/TestCommand), Object(Symfony/Component/Console/Input/ArgvInput), Object(Symfony/Component/Console/Output/ConsoleOutput))
#12 D:/starcurrecy/vendor/symfony/console/Application.php(195): Symfony/Component/Console/Application->doRun(Object(Symfony/Component/Console/Input/ArgvInput), Object(Symfony/Component/Console/Output/ConsoleOutput))
#13 D:/starcurrecy/vendor/laravel/framework/src/Illuminate/Foundation/Console/Kernel.php(198): Symfony/Component/Console/Application->run(Object(Symfony/Component/Console/Input/ArgvInput), Object(Symfony/Component/Console/Output/ConsoleOutput))
#14 D:/starcurrecy/vendor/laravel/framework/src/Illuminate/Foundation/Application.php(1235): Illuminate/Foundation/Console/Kernel->handle(Object(Symfony/Component/Console/Input/ArgvInput), Object(Symfony/Component/Console/Output/ConsoleOutput))
#15 D:/starcurrecy/artisan(13): Illuminate/Foundation/Application->handleCommand(Object(Symfony/Component/Console/Input/ArgvInput))
#16 {main}
"} 
[2026-08-18 05:51:23] local.ERROR: CoinGecko fetch error: HTTP request returned status code 429:
{"status":{"error_code":429,"error_message":"You've exceeded the Rate Limit. Please visit https://www.coingecko.com/en/a (truncated...)
 at D:\starcurrecy\vendor\laravel\framework\src\Illuminate\Http\Client\Response.php:301  
[2026-08-18 05:51:23] local.INFO: Fetching live market data from CoinGecko...  
[2026-08-18 05:51:24] local.ERROR: CoinGecko fetch error: HTTP request returned status code 429:
{"status":{"error_code":429,"error_message":"You've exceeded the Rate Limit. Please visit https://www.coingecko.com/en/a (truncated...)
 at D:\starcurrecy\vendor\laravel\framework\src\Illuminate\Http\Client\Response.php:301  
[2026-08-18 05:51:24] local.INFO: Fetching live market data from CoinGecko...  
[2026-08-18 05:51:25] local.ERROR: CoinGecko fetch error: HTTP request returned status code 429:
{"status":{"error_code":429,"error_message":"You've exceeded the Rate Limit. Please visit https://www.coingecko.com/en/a (truncated...)
 at D:\starcurrecy\vendor\laravel\framework\src\Illuminate\Http\Client\Response.php:301  
[2026-08-18 05:51:26] local.INFO: Fetching live market data from CoinGecko...  
[2026-08-18 05:51:26] local.ERROR: CoinGecko fetch error: HTTP request returned status code 429:
{"status":{"error_code":429,"error_message":"You've exceeded the Rate Limit. Please visit https://www.coingecko.com/en/a (truncated...)
 at D:\starcurrecy\vendor\laravel\framework\src\Illuminate\Http\Client\Response.php:301  
[2026-08-18 05:51:26] local.INFO: Fetching live market data from CoinGecko...  
[2026-08-18 05:51:27] local.ERROR: CoinGecko fetch error: HTTP request returned status code 429:
{"status":{"error_code":429,"error_message":"You've exceeded the Rate Limit. Please visit https://www.coingecko.com/en/a (truncated...)
 at D:\starcurrecy\vendor\laravel\framework\src\Illuminate\Http\Client\Response.php:301  
[2026-08-18 05:51:29] local.INFO: Fetching live market data from CoinGecko...  
[2026-08-18 05:51:30] local.ERROR: CoinGecko fetch error: HTTP request returned status code 429:
{"status":{"error_code":429,"error_message":"You've exceeded the Rate Limit. Please visit https://www.coingecko.com/en/a (truncated...)
 at D:\starcurrecy\vendor\laravel\framework\src\Illuminate\Http\Client\Response.php:301  
[2026-08-18 05:51:30] local.INFO: Fetching live market data from CoinGecko...  
[2026-08-18 05:51:31] local.ERROR: CoinGecko fetch error: HTTP request returned status code 429:
{"status":{"error_code":429,"error_message":"You've exceeded the Rate Limit. Please visit https://www.coingecko.com/en/a (truncated...)
 at D:\starcurrecy\vendor\laravel\framework\src\Illuminate\Http\Client\Response.php:301  
[2026-08-18 05:51:31] local.INFO: Fetching live market data from CoinGecko...  
[2026-08-18 05:51:32] local.ERROR: CoinGecko fetch error: HTTP request returned status code 429:
{"status":{"error_code":429,"error_message":"You've exceeded the Rate Limit. Please visit https://www.coingecko.com/en/a (truncated...)
 at D:\starcurrecy\vendor\laravel\framework\src\Illuminate\Http\Client\Response.php:301  
[2026-08-18 05:51:33] local.INFO: Fetching live market data from CoinGecko...  
[2026-08-18 05:51:34] local.ERROR: CoinGecko fetch error: HTTP request returned status code 429:
{"status":{"error_code":429,"error_message":"You've exceeded the Rate Limit. Please visit https://www.coingecko.com/en/a (truncated...)
 at D:\starcurrecy\vendor\laravel\framework\src\Illuminate\Http\Client\Response.php:301  
[2026-08-18 05:51:34] local.INFO: Fetching live market data from CoinGecko...  
[2026-08-18 05:51:34] local.ERROR: CoinGecko fetch error: HTTP request returned status code 429:
{"status":{"error_code":429,"error_message":"You've exceeded the Rate Limit. Please visit https://www.coingecko.com/en/a (truncated...)
 at D:\starcurrecy\vendor\laravel\framework\src\Illuminate\Http\Client\Response.php:301  
[2026-08-18 05:51:35] local.INFO: Fetching live market data from CoinGecko...  
[2026-08-18 05:51:36] local.ERROR: CoinGecko fetch error: HTTP request returned status code 429:
{"status":{"error_code":429,"error_message":"You've exceeded the Rate Limit. Please visit https://www.coingecko.com/en/a (truncated...)
 at D:\starcurrecy\vendor\laravel\framework\src\Illuminate\Http\Client\Response.php:301  
[2026-08-18 05:51:36] local.INFO: Fetching live market data from CoinGecko...  
[2026-08-18 05:51:37] local.ERROR: CoinGecko fetch error: HTTP request returned status code 429:
{"status":{"error_code":429,"error_message":"You've exceeded the Rate Limit. Please visit https://www.coingecko.com/en/a (truncated...)
 at D:\starcurrecy\vendor\laravel\framework\src\Illuminate\Http\Client\Response.php:301  
[2026-08-18 05:51:39] local.INFO: Fetching live market data from CoinGecko...  
[2026-08-18 05:51:40] local.ERROR: CoinGecko fetch error: HTTP request returned status code 429:
{"status":{"error_code":429,"error_message":"You've exceeded the Rate Limit. Please visit https://www.coingecko.com/en/a (truncated...)
 at D:\starcurrecy\vendor\laravel\framework\src\Illuminate\Http\Client\Response.php:301  
[2026-08-18 05:51:40] local.INFO: Fetching live market data from CoinGecko...  
[2026-08-18 05:51:41] local.ERROR: CoinGecko fetch error: HTTP request returned status code 429:
{"status":{"error_code":429,"error_message":"You've exceeded the Rate Limit. Please visit https://www.coingecko.com/en/a (truncated...)
 at D:\starcurrecy\vendor\laravel\framework\src\Illuminate\Http\Client\Response.php:301  
[2026-08-18 05:51:44] local.INFO: Fetching live market data from CoinGecko...  
[2026-08-18 05:51:46] local.ERROR: CoinGecko fetch error: HTTP request returned status code 429:
{"status":{"error_code":429,"error_message":"You've exceeded the Rate Limit. Please visit https://www.coingecko.com/en/a (truncated...)
 at D:\starcurrecy\vendor\laravel\framework\src\Illuminate\Http\Client\Response.php:301  
[2026-08-18 05:51:46] local.INFO: Fetching live market data from CoinGecko...  
[2026-08-18 05:51:46] local.ERROR: CoinGecko fetch error: HTTP request returned status code 429:
{"status":{"error_code":429,"error_message":"You've exceeded the Rate Limit. Please visit https://www.coingecko.com/en/a (truncated...)
 at D:\starcurrecy\vendor\laravel\framework\src\Illuminate\Http\Client\Response.php:301  
[2026-08-18 05:51:49] local.INFO: Fetching live market data from CoinGecko...  
[2026-08-18 05:51:50] local.ERROR: CoinGecko fetch error: HTTP request returned status code 429:
{"status":{"error_code":429,"error_message":"You've exceeded the Rate Limit. Please visit https://www.coingecko.com/en/a (truncated...)
 at D:\starcurrecy\vendor\laravel\framework\src\Illuminate\Http\Client\Response.php:301  
[2026-08-18 05:51:52] local.INFO: Fetching live market data from CoinGecko...  
[2026-08-18 05:51:52] local.INFO: CoinGecko returned 5 coins  
[2026-08-18 05:51:53] local.INFO: Successfully updated 6 coins from CoinGecko  
[2026-08-18 05:52:26] local.INFO: Fetching live market data from CoinGecko...  
[2026-08-18 05:52:26] local.INFO: CoinGecko returned 5 coins  
[2026-08-18 05:52:26] local.INFO: Successfully updated 6 coins from CoinGecko  
[2026-08-18 05:52:56] local.INFO: Fetching live market data from CoinGecko...  
[2026-08-18 05:52:57] local.INFO: CoinGecko returned 5 coins  
[2026-08-18 05:52:58] local.INFO: Successfully updated 6 coins from CoinGecko  
[2026-08-18 05:53:33] local.INFO: Fetching live market data from CoinGecko...  
[2026-08-18 05:53:33] local.INFO: CoinGecko returned 5 coins  
[2026-08-18 05:53:33] local.INFO: Successfully updated 6 coins from CoinGecko  
[2026-08-18 05:54:05] local.INFO: Fetching live market data from CoinGecko...  
[2026-08-18 05:54:06] local.INFO: CoinGecko returned 5 coins  
[2026-08-18 05:54:06] local.INFO: Successfully updated 6 coins from CoinGecko  
[2026-08-18 05:54:43] local.INFO: Fetching live market data from CoinGecko...  
[2026-08-18 05:54:43] local.INFO: CoinGecko returned 5 coins  
[2026-08-18 05:54:43] local.INFO: Successfully updated 6 coins from CoinGecko  
[2026-08-18 05:55:13] local.INFO: Fetching live market data from CoinGecko...  
[2026-08-18 05:55:14] local.INFO: CoinGecko returned 5 coins  
[2026-08-18 05:55:14] local.INFO: Successfully updated 6 coins from CoinGecko  
[2026-08-18 05:55:53] local.INFO: Fetching live market data from CoinGecko...  
[2026-08-18 05:55:53] local.INFO: CoinGecko returned 5 coins  
[2026-08-18 05:55:53] local.INFO: Successfully updated 6 coins from CoinGecko  
[2026-08-18 05:56:23] local.INFO: Fetching live market data from CoinGecko...  
[2026-08-18 05:56:24] local.INFO: CoinGecko returned 5 coins  
[2026-08-18 05:56:24] local.INFO: Successfully updated 6 coins from CoinGecko  
[2026-08-18 05:56:56] local.INFO: Fetching live market data from CoinGecko...  
[2026-08-18 05:56:57] local.INFO: CoinGecko returned 5 coins  
[2026-08-18 05:56:57] local.INFO: Successfully updated 6 coins from CoinGecko  
[2026-08-18 05:57:30] local.INFO: Fetching live market data from CoinGecko...  
[2026-08-18 05:57:31] local.INFO: CoinGecko returned 5 coins  
[2026-08-18 05:57:32] local.INFO: Successfully updated 6 coins from CoinGecko  
[2026-08-18 05:58:03] local.INFO: Fetching live market data from CoinGecko...  
[2026-08-18 05:58:04] local.INFO: CoinGecko returned 5 coins  
[2026-08-18 05:58:04] local.INFO: Successfully updated 6 coins from CoinGecko  
[2026-08-18 05:58:35] local.INFO: Fetching live market data from CoinGecko...  
[2026-08-18 05:58:36] local.INFO: CoinGecko returned 5 coins  
[2026-08-18 05:58:37] local.INFO: Successfully updated 6 coins from CoinGecko  
[2026-08-18 05:59:06] local.INFO: Fetching live market data from CoinGecko...  
[2026-08-18 05:59:06] local.INFO: CoinGecko returned 5 coins  
[2026-08-18 05:59:06] local.INFO: Successfully updated 6 coins from CoinGecko  
[2026-08-18 05:59:36] local.INFO: Fetching live market data from CoinGecko...  
[2026-08-18 05:59:37] local.INFO: CoinGecko returned 5 coins  
[2026-08-18 05:59:37] local.INFO: Successfully updated 6 coins from CoinGecko  
[2026-08-18 06:00:12] local.INFO: Fetching live market data from CoinGecko...  
[2026-08-18 06:00:13] local.INFO: CoinGecko returned 5 coins  
[2026-08-18 06:00:13] local.INFO: Successfully updated 6 coins from CoinGecko  
[2026-08-18 06:00:52] local.INFO: Fetching live market data from CoinGecko...  
[2026-08-18 06:00:53] local.INFO: CoinGecko returned 5 coins  
[2026-08-18 06:00:53] local.INFO: Successfully updated 6 coins from CoinGecko  
[2026-08-18 06:01:23] local.INFO: Fetching live market data from CoinGecko...  
[2026-08-18 06:01:24] local.INFO: CoinGecko returned 5 coins  
[2026-08-18 06:01:24] local.INFO: Successfully updated 6 coins from CoinGecko  
[2026-08-18 06:02:03] local.INFO: Fetching live market data from CoinGecko...  
[2026-08-18 06:02:04] local.INFO: CoinGecko returned 5 coins  
[2026-08-18 06:02:04] local.INFO: Successfully updated 6 coins from CoinGecko  
[2026-08-18 06:02:43] local.INFO: Fetching live market data from CoinGecko...  
[2026-08-18 06:02:43] local.INFO: CoinGecko returned 5 coins  
[2026-08-18 06:02:44] local.INFO: Successfully updated 6 coins from CoinGecko  
[2026-08-18 06:03:23] local.INFO: Fetching live market data from CoinGecko...  
[2026-08-18 06:03:24] local.INFO: CoinGecko returned 5 coins  
[2026-08-18 06:03:24] local.INFO: Successfully updated 6 coins from CoinGecko  
[2026-08-18 06:03:55] local.INFO: Fetching live market data from CoinGecko...  
[2026-08-18 06:03:56] local.INFO: CoinGecko returned 5 coins  
[2026-08-18 06:03:56] local.INFO: Successfully updated 6 coins from CoinGecko  
[2026-08-18 06:04:39] local.INFO: Fetching live market data from CoinGecko...  
[2026-08-18 06:04:40] local.INFO: CoinGecko returned 5 coins  
[2026-08-18 06:04:41] local.INFO: Successfully updated 6 coins from CoinGecko  
[2026-08-18 06:05:14] local.INFO: Fetching live market data from CoinGecko...  
[2026-08-18 06:05:15] local.INFO: CoinGecko returned 5 coins  
[2026-08-18 06:05:15] local.INFO: Successfully updated 6 coins from CoinGecko  
[2026-08-18 06:05:55] local.INFO: Fetching live market data from CoinGecko...  
[2026-08-18 06:05:56] local.INFO: CoinGecko returned 5 coins  
[2026-08-18 06:05:56] local.INFO: Successfully updated 6 coins from CoinGecko  
[2026-08-18 06:06:34] local.INFO: Fetching live market data from CoinGecko...  
[2026-08-18 06:06:35] local.INFO: CoinGecko returned 5 coins  
[2026-08-18 06:06:35] local.INFO: Successfully updated 6 coins from CoinGecko  
[2026-08-18 06:07:07] local.INFO: Fetching live market data from CoinGecko...  
[2026-08-18 06:07:08] local.INFO: CoinGecko returned 5 coins  
[2026-08-18 06:07:08] local.INFO: Successfully updated 6 coins from CoinGecko  
[2026-08-18 06:07:41] local.INFO: Fetching live market data from CoinGecko...  
[2026-08-18 06:07:42] local.INFO: CoinGecko returned 5 coins  
[2026-08-18 06:07:42] local.INFO: Successfully updated 6 coins from CoinGecko  
[2026-08-18 06:08:13] local.INFO: Fetching live market data from CoinGecko...  
[2026-08-18 06:08:14] local.INFO: CoinGecko returned 5 coins  
[2026-08-18 06:08:14] local.INFO: Successfully updated 6 coins from CoinGecko  
[2026-08-18 06:08:53] local.INFO: Fetching live market data from CoinGecko...  
[2026-08-18 06:08:53] local.INFO: CoinGecko returned 5 coins  
[2026-08-18 06:08:53] local.INFO: Successfully updated 6 coins from CoinGecko  
[2026-08-18 06:09:23] local.INFO: Fetching live market data from CoinGecko...  
[2026-08-18 06:09:24] local.INFO: CoinGecko returned 5 coins  
[2026-08-18 06:09:24] local.INFO: Successfully updated 6 coins from CoinGecko  
[2026-08-18 06:10:03] local.INFO: Fetching live market data from CoinGecko...  
[2026-08-18 06:10:03] local.INFO: CoinGecko returned 5 coins  
[2026-08-18 06:10:03] local.INFO: Successfully updated 6 coins from CoinGecko  
[2026-08-18 06:10:34] local.INFO: Fetching live market data from CoinGecko...  
[2026-08-18 06:10:35] local.INFO: CoinGecko returned 5 coins  
[2026-08-18 06:10:35] local.INFO: Successfully updated 6 coins from CoinGecko  
[2026-08-18 06:11:13] local.INFO: Fetching live market data from CoinGecko...  
[2026-08-18 06:11:13] local.INFO: CoinGecko returned 5 coins  
[2026-08-18 06:11:14] local.INFO: Successfully updated 6 coins from CoinGecko  
[2026-08-18 06:11:53] local.INFO: Fetching live market data from CoinGecko...  
[2026-08-18 06:11:54] local.INFO: CoinGecko returned 5 coins  
[2026-08-18 06:11:54] local.INFO: Successfully updated 6 coins from CoinGecko  
[2026-08-18 06:12:33] local.INFO: Fetching live market data from CoinGecko...  
[2026-08-18 06:12:33] local.INFO: CoinGecko returned 5 coins  
[2026-08-18 06:12:33] local.INFO: Successfully updated 6 coins from CoinGecko  
[2026-08-18 06:13:03] local.INFO: Fetching live market data from CoinGecko...  
[2026-08-18 06:13:03] local.INFO: CoinGecko returned 5 coins  
[2026-08-18 06:13:04] local.INFO: Successfully updated 6 coins from CoinGecko  
[2026-08-18 06:13:34] local.INFO: Fetching live market data from CoinGecko...  
[2026-08-18 06:13:35] local.INFO: CoinGecko returned 5 coins  
[2026-08-18 06:13:35] local.INFO: Successfully updated 6 coins from CoinGecko  
[2026-08-18 06:14:13] local.INFO: Fetching live market data from CoinGecko...  
[2026-08-18 06:14:14] local.INFO: CoinGecko returned 5 coins  
[2026-08-18 06:14:14] local.INFO: Successfully updated 6 coins from CoinGecko  
[2026-08-18 06:14:53] local.INFO: Fetching live market data from CoinGecko...  
[2026-08-18 06:14:54] local.INFO: CoinGecko returned 5 coins  
[2026-08-18 06:14:54] local.INFO: Successfully updated 6 coins from CoinGecko  
[2026-08-18 06:15:27] local.INFO: Fetching live market data from CoinGecko...  
[2026-08-18 06:15:28] local.INFO: CoinGecko returned 5 coins  
[2026-08-18 06:15:28] local.INFO: Successfully updated 6 coins from CoinGecko  
[2026-08-18 06:16:00] local.INFO: Fetching live market data from CoinGecko...  
[2026-08-18 06:16:00] local.INFO: CoinGecko returned 5 coins  
[2026-08-18 06:16:01] local.INFO: Successfully updated 6 coins from CoinGecko  
[2026-08-18 06:16:38] local.INFO: Fetching live market data from CoinGecko...  
[2026-08-18 06:16:40] local.INFO: CoinGecko returned 5 coins  
[2026-08-18 06:16:40] local.INFO: Successfully updated 6 coins from CoinGecko  
[2026-08-18 06:17:13] local.INFO: Fetching live market data from CoinGecko...  
[2026-08-18 06:17:14] local.INFO: CoinGecko returned 5 coins  
[2026-08-18 06:17:14] local.INFO: Successfully updated 6 coins from CoinGecko  
[2026-08-18 06:17:52] local.INFO: Fetching live market data from CoinGecko...  
[2026-08-18 06:17:53] local.INFO: CoinGecko returned 5 coins  
[2026-08-18 06:17:53] local.INFO: Successfully updated 6 coins from CoinGecko  
[2026-08-18 06:18:23] local.INFO: Fetching live market data from CoinGecko...  
[2026-08-18 06:18:23] local.INFO: CoinGecko returned 5 coins  
[2026-08-18 06:18:24] local.INFO: Successfully updated 6 coins from CoinGecko  
[2026-08-18 06:19:00] local.INFO: Fetching live market data from CoinGecko...  
[2026-08-18 06:19:01] local.INFO: CoinGecko returned 5 coins  
[2026-08-18 06:19:01] local.INFO: Successfully updated 6 coins from CoinGecko  
[2026-08-18 06:19:45] local.INFO: Fetching live market data from CoinGecko...  
[2026-08-18 06:19:48] local.INFO: CoinGecko returned 5 coins  
[2026-08-18 06:19:50] local.INFO: Successfully updated 6 coins from CoinGecko  
[2026-08-18 06:20:20] local.INFO: Fetching live market data from CoinGecko...  
[2026-08-18 06:20:21] local.INFO: CoinGecko returned 5 coins  
[2026-08-18 06:20:21] local.INFO: Successfully updated 6 coins from CoinGecko  
[2026-08-18 07:04:46] local.INFO: Fetching live market data from CoinGecko...  
[2026-08-18 07:04:47] local.INFO: CoinGecko returned 5 coins  
[2026-08-18 07:04:47] local.INFO: Successfully updated 6 coins from CoinGecko  
[2026-08-18 07:05:17] local.INFO: Fetching live market data from CoinGecko...  
[2026-08-18 07:05:18] local.INFO: CoinGecko returned 5 coins  
[2026-08-18 07:05:18] local.INFO: Successfully updated 6 coins from CoinGecko  
[2026-08-18 07:05:57] local.INFO: Fetching live market data from CoinGecko...  
[2026-08-18 07:05:58] local.INFO: CoinGecko returned 5 coins  
[2026-08-18 07:05:58] local.INFO: Successfully updated 6 coins from CoinGecko  
[2026-08-18 07:08:04] local.INFO: Fetching live market data from CoinGecko...  
[2026-08-18 07:08:05] local.INFO: CoinGecko returned 5 coins  
[2026-08-18 07:08:05] local.INFO: Successfully updated 6 coins from CoinGecko  
[2026-08-18 07:08:36] local.INFO: Fetching live market data from CoinGecko...  
[2026-08-18 07:08:36] local.INFO: CoinGecko returned 5 coins  
[2026-08-18 07:08:36] local.INFO: Successfully updated 6 coins from CoinGecko  
[2026-08-18 07:09:06] local.INFO: Fetching live market data from CoinGecko...  
[2026-08-18 07:09:06] local.INFO: CoinGecko returned 5 coins  
[2026-08-18 07:09:07] local.INFO: Successfully updated 6 coins from CoinGecko  
[2026-08-18 07:09:51] local.INFO: Fetching live market data from CoinGecko...  
[2026-08-18 07:09:52] local.INFO: CoinGecko returned 5 coins  
[2026-08-18 07:09:52] local.INFO: Successfully updated 6 coins from CoinGecko  
[2026-08-18 07:10:22] local.INFO: Fetching live market data from CoinGecko...  
[2026-08-18 07:10:23] local.INFO: CoinGecko returned 5 coins  
[2026-08-18 07:10:23] local.INFO: Successfully updated 6 coins from CoinGecko  
[2026-08-18 07:10:53] local.INFO: Fetching live market data from CoinGecko...  
[2026-08-18 07:10:53] local.INFO: CoinGecko returned 5 coins  
[2026-08-18 07:10:53] local.INFO: Successfully updated 6 coins from CoinGecko  
[2026-08-18 07:11:23] local.INFO: Fetching live market data from CoinGecko...  
[2026-08-18 07:11:24] local.INFO: CoinGecko returned 5 coins  
[2026-08-18 07:11:24] local.INFO: Successfully updated 6 coins from CoinGecko  
[2026-08-18 07:12:05] local.INFO: Fetching live market data from CoinGecko...  
[2026-08-18 07:12:06] local.INFO: CoinGecko returned 5 coins  
[2026-08-18 07:12:06] local.INFO: Successfully updated 6 coins from CoinGecko  
[2026-08-18 07:13:05] local.INFO: Fetching live market data from CoinGecko...  
[2026-08-18 07:13:05] local.INFO: CoinGecko returned 5 coins  
[2026-08-18 07:13:05] local.INFO: Successfully updated 6 coins from CoinGecko  
[2026-08-18 07:14:05] local.INFO: Fetching live market data from CoinGecko...  
[2026-08-18 07:14:05] local.INFO: CoinGecko returned 5 coins  
[2026-08-18 07:14:05] local.INFO: Successfully updated 6 coins from CoinGecko  
[2026-08-18 07:15:05] local.INFO: Fetching live market data from CoinGecko...  
[2026-08-18 07:15:06] local.INFO: CoinGecko returned 5 coins  
[2026-08-18 07:15:06] local.INFO: Successfully updated 6 coins from CoinGecko  
[2026-08-18 07:16:05] local.INFO: Fetching live market data from CoinGecko...  
[2026-08-18 07:16:05] local.INFO: CoinGecko returned 5 coins  
[2026-08-18 07:16:05] local.INFO: Successfully updated 6 coins from CoinGecko  
[2026-08-18 07:17:05] local.INFO: Fetching live market data from CoinGecko...  
[2026-08-18 07:17:05] local.INFO: CoinGecko returned 5 coins  
[2026-08-18 07:17:05] local.INFO: Successfully updated 6 coins from CoinGecko  
[2026-08-18 07:18:05] local.INFO: Fetching live market data from CoinGecko...  
[2026-08-18 07:18:05] local.INFO: CoinGecko returned 5 coins  
[2026-08-18 07:18:05] local.INFO: Successfully updated 6 coins from CoinGecko  
[2026-08-18 07:19:05] local.INFO: Fetching live market data from CoinGecko...  
[2026-08-18 07:19:06] local.INFO: CoinGecko returned 5 coins  
[2026-08-18 07:19:06] local.INFO: Successfully updated 6 coins from CoinGecko  
[2026-08-18 07:20:05] local.INFO: Fetching live market data from CoinGecko...  
[2026-08-18 07:20:05] local.INFO: CoinGecko returned 5 coins  
[2026-08-18 07:20:05] local.INFO: Successfully updated 6 coins from CoinGecko  
[2026-08-18 07:21:05] local.INFO: Fetching live market data from CoinGecko...  
[2026-08-18 07:21:05] local.INFO: CoinGecko returned 5 coins  
[2026-08-18 07:21:05] local.INFO: Successfully updated 6 coins from CoinGecko  
[2026-08-18 07:22:05] local.INFO: Fetching live market data from CoinGecko...  
[2026-08-18 07:22:05] local.INFO: CoinGecko returned 5 coins  
[2026-08-18 07:22:05] local.INFO: Successfully updated 6 coins from CoinGecko  
[2026-08-18 07:23:05] local.INFO: Fetching live market data from CoinGecko...  
[2026-08-18 07:23:05] local.INFO: CoinGecko returned 5 coins  
[2026-08-18 07:23:05] local.INFO: Successfully updated 6 coins from CoinGecko  
[2026-08-18 07:24:05] local.INFO: Fetching live market data from CoinGecko...  
[2026-08-18 07:24:05] local.INFO: CoinGecko returned 5 coins  
[2026-08-18 07:24:05] local.INFO: Successfully updated 6 coins from CoinGecko  
[2026-08-18 07:25:05] local.INFO: Fetching live market data from CoinGecko...  
[2026-08-18 07:25:05] local.INFO: CoinGecko returned 5 coins  
[2026-08-18 07:25:05] local.INFO: Successfully updated 6 coins from CoinGecko  
[2026-08-18 07:26:05] local.INFO: Fetching live market data from CoinGecko...  
[2026-08-18 07:26:05] local.INFO: CoinGecko returned 5 coins  
[2026-08-18 07:26:05] local.INFO: Successfully updated 6 coins from CoinGecko  
[2026-08-18 07:26:38] local.ERROR: Class "SebastianBergmann\Environment\Console" not found {"exception":"[object] (Error(code: 0): Class \"SebastianBergmann\\Environment\\Console\" not found at D:/starcurrecy/vendor/nunomaduro/collision/src/Adapters/Laravel/Commands/TestCommand.php:190)
[stacktrace]
#0 D:/starcurrecy/vendor/nunomaduro/collision/src/Adapters/Laravel/Commands/TestCommand.php(229): NunoMaduro/Collision/Adapters/Laravel/Commands/TestCommand->commonArguments()
#1 D:/starcurrecy/vendor/nunomaduro/collision/src/Adapters/Laravel/Commands/TestCommand.php(105): NunoMaduro/Collision/Adapters/Laravel/Commands/TestCommand->phpunitArguments(Array)
#2 D:/starcurrecy/vendor/laravel/framework/src/Illuminate/Container/BoundMethod.php(36): NunoMaduro/Collision/Adapters/Laravel/Commands/TestCommand->handle()
#3 D:/starcurrecy/vendor/laravel/framework/src/Illuminate/Container/Util.php(43): Illuminate/Container/BoundMethod::Illuminate/Container/{closure}()
#4 D:/starcurrecy/vendor/laravel/framework/src/Illuminate/Container/BoundMethod.php(95): Illuminate/Container/Util::unwrapIfClosure(Object(Closure))
#5 D:/starcurrecy/vendor/laravel/framework/src/Illuminate/Container/BoundMethod.php(35): Illuminate/Container/BoundMethod::callBoundMethod(Object(Illuminate/Foundation/Application), Array, Object(Closure))
#6 D:/starcurrecy/vendor/laravel/framework/src/Illuminate/Container/Container.php(696): Illuminate/Container/BoundMethod::call(Object(Illuminate/Foundation/Application), Array, Array, NULL)
#7 D:/starcurrecy/vendor/laravel/framework/src/Illuminate/Console/Command.php(213): Illuminate/Container/Container->call(Array)
#8 D:/starcurrecy/vendor/symfony/console/Command/Command.php(341): Illuminate/Console/Command->execute(Object(Symfony/Component/Console/Input/ArgvInput), Object(Illuminate/Console/OutputStyle))
#9 D:/starcurrecy/vendor/laravel/framework/src/Illuminate/Console/Command.php(182): Symfony/Component/Console/Command/Command->run(Object(Symfony/Component/Console/Input/ArgvInput), Object(Illuminate/Console/OutputStyle))
#10 D:/starcurrecy/vendor/symfony/console/Application.php(1117): Illuminate/Console/Command->run(Object(Symfony/Component/Console/Input/ArgvInput), Object(Symfony/Component/Console/Output/ConsoleOutput))
#11 D:/starcurrecy/vendor/symfony/console/Application.php(356): Symfony/Component/Console/Application->doRunCommand(Object(NunoMaduro/Collision/Adapters/Laravel/Commands/TestCommand), Object(Symfony/Component/Console/Input/ArgvInput), Object(Symfony/Component/Console/Output/ConsoleOutput))
#12 D:/starcurrecy/vendor/symfony/console/Application.php(195): Symfony/Component/Console/Application->doRun(Object(Symfony/Component/Console/Input/ArgvInput), Object(Symfony/Component/Console/Output/ConsoleOutput))
#13 D:/starcurrecy/vendor/laravel/framework/src/Illuminate/Foundation/Console/Kernel.php(198): Symfony/Component/Console/Application->run(Object(Symfony/Component/Console/Input/ArgvInput), Object(Symfony/Component/Console/Output/ConsoleOutput))
#14 D:/starcurrecy/vendor/laravel/framework/src/Illuminate/Foundation/Application.php(1235): Illuminate/Foundation/Console/Kernel->handle(Object(Symfony/Component/Console/Input/ArgvInput), Object(Symfony/Component/Console/Output/ConsoleOutput))
#15 D:/starcurrecy/artisan(13): Illuminate/Foundation/Application->handleCommand(Object(Symfony/Component/Console/Input/ArgvInput))
#16 {main}
"} 
[2026-08-18 07:27:05] local.INFO: Fetching live market data from CoinGecko...  
[2026-08-18 07:27:05] local.INFO: CoinGecko returned 5 coins  
[2026-08-18 07:27:05] local.INFO: Successfully updated 6 coins from CoinGecko  
[2026-08-18 07:28:22] local.INFO: Fetching live market data from CoinGecko...  
[2026-08-18 07:28:22] local.INFO: CoinGecko returned 5 coins  
[2026-08-18 07:28:22] local.INFO: Successfully updated 6 coins from CoinGecko  
[2026-08-18 07:28:54] local.INFO: Fetching live market data from CoinGecko...  
[2026-08-18 07:28:54] local.INFO: CoinGecko returned 5 coins  
[2026-08-18 07:28:54] local.INFO: Successfully updated 6 coins from CoinGecko  
[2026-08-18 07:29:24] local.INFO: Fetching live market data from CoinGecko...  
[2026-08-18 07:29:24] local.INFO: CoinGecko returned 5 coins  
[2026-08-18 07:29:24] local.INFO: Successfully updated 6 coins from CoinGecko  
[2026-08-18 07:30:05] local.INFO: Fetching live market data from CoinGecko...  
[2026-08-18 07:30:05] local.INFO: CoinGecko returned 5 coins  
[2026-08-18 07:30:05] local.INFO: Successfully updated 6 coins from CoinGecko  
[2026-08-18 07:30:38] local.INFO: Fetching live market data from CoinGecko...  
[2026-08-18 07:30:39] local.INFO: CoinGecko returned 5 coins  
[2026-08-18 07:30:39] local.INFO: Successfully updated 6 coins from CoinGecko  
[2026-08-18 07:31:13] local.INFO: Fetching live market data from CoinGecko...  
[2026-08-18 07:31:14] local.INFO: CoinGecko returned 5 coins  
[2026-08-18 07:31:14] local.INFO: Successfully updated 6 coins from CoinGecko  
[2026-08-18 07:31:53] local.INFO: Fetching live market data from CoinGecko...  
[2026-08-18 07:31:54] local.INFO: CoinGecko returned 5 coins  
[2026-08-18 07:31:54] local.INFO: Successfully updated 6 coins from CoinGecko  
[2026-08-18 07:32:26] local.INFO: Fetching live market data from CoinGecko...  
[2026-08-18 07:32:27] local.INFO: CoinGecko returned 5 coins  
[2026-08-18 07:32:27] local.INFO: Successfully updated 6 coins from CoinGecko  
[2026-08-18 07:32:58] local.INFO: Fetching live market data from CoinGecko...  
[2026-08-18 07:32:59] local.INFO: CoinGecko returned 5 coins  
[2026-08-18 07:32:59] local.INFO: Successfully updated 6 coins from CoinGecko  
[2026-08-18 07:33:38] local.INFO: Fetching live market data from CoinGecko...  
[2026-08-18 07:33:39] local.INFO: CoinGecko returned 5 coins  
[2026-08-18 07:33:39] local.INFO: Successfully updated 6 coins from CoinGecko  
[2026-08-18 07:35:40] local.INFO: Fetching live market data from CoinGecko...  
[2026-08-18 07:35:40] local.INFO: CoinGecko returned 5 coins  
[2026-08-18 07:35:41] local.INFO: Successfully updated 6 coins from CoinGecko  
[2026-08-18 07:37:12] local.INFO: Fetching live market data from CoinGecko...  
[2026-08-18 07:37:13] local.INFO: CoinGecko returned 5 coins  
[2026-08-18 07:37:13] local.INFO: Successfully updated 6 coins from CoinGecko  
[2026-08-18 07:37:43] local.INFO: Fetching live market data from CoinGecko...  
[2026-08-18 07:37:44] local.INFO: CoinGecko returned 5 coins  
[2026-08-18 07:37:44] local.INFO: Successfully updated 6 coins from CoinGecko  
[2026-08-18 07:38:24] local.INFO: Fetching live market data from CoinGecko...  
[2026-08-18 07:38:25] local.INFO: CoinGecko returned 5 coins  
[2026-08-18 07:38:25] local.INFO: Successfully updated 6 coins from CoinGecko  
[2026-08-18 07:39:04] local.INFO: Fetching live market data from CoinGecko...  
[2026-08-18 07:39:04] local.INFO: CoinGecko returned 5 coins  
[2026-08-18 07:39:05] local.INFO: Successfully updated 6 coins from CoinGecko  
[2026-08-18 07:39:58] local.INFO: Fetching live market data from CoinGecko...  
[2026-08-18 07:40:00] local.INFO: CoinGecko returned 5 coins  
[2026-08-18 07:40:00] local.INFO: Successfully updated 6 coins from CoinGecko  
[2026-08-18 07:40:33] local.INFO: Fetching live market data from CoinGecko...  
[2026-08-18 07:40:34] local.INFO: CoinGecko returned 5 coins  
[2026-08-18 07:40:34] local.INFO: Successfully updated 6 coins from CoinGecko  
[2026-08-18 07:41:04] local.INFO: Fetching live market data from CoinGecko...  
[2026-08-18 07:41:05] local.INFO: CoinGecko returned 5 coins  
[2026-08-18 07:41:05] local.INFO: Successfully updated 6 coins from CoinGecko  
[2026-08-18 07:47:42] local.INFO: Fetching live market data from CoinGecko...  
[2026-08-18 07:47:42] local.INFO: CoinGecko returned 5 coins  
[2026-08-18 07:47:43] local.INFO: Successfully updated 6 coins from CoinGecko  
[2026-08-18 07:48:14] local.INFO: Fetching live market data from CoinGecko...  
[2026-08-18 07:48:14] local.INFO: CoinGecko returned 5 coins  
[2026-08-18 07:48:14] local.INFO: Successfully updated 6 coins from CoinGecko  
[2026-08-18 07:48:44] local.INFO: Fetching live market data from CoinGecko...  
[2026-08-18 07:48:44] local.INFO: CoinGecko returned 5 coins  
[2026-08-18 07:48:44] local.INFO: Successfully updated 6 coins from CoinGecko  
[2026-08-18 07:50:05] local.INFO: Fetching live market data from CoinGecko...  
[2026-08-18 07:50:05] local.INFO: CoinGecko returned 5 coins  
[2026-08-18 07:50:05] local.INFO: Successfully updated 6 coins from CoinGecko  
[2026-08-18 07:51:05] local.INFO: Fetching live market data from CoinGecko...  
[2026-08-18 07:51:05] local.INFO: CoinGecko returned 5 coins  
[2026-08-18 07:51:05] local.INFO: Successfully updated 6 coins from CoinGecko  
[2026-08-18 07:54:50] local.INFO: Fetching live market data from CoinGecko...  
[2026-08-18 07:54:51] local.INFO: CoinGecko returned 5 coins  
[2026-08-18 07:54:51] local.INFO: Successfully updated 6 coins from CoinGecko  
[2026-08-18 07:55:22] local.INFO: Fetching live market data from CoinGecko...  
[2026-08-18 07:55:22] local.INFO: CoinGecko returned 5 coins  
[2026-08-18 07:55:23] local.INFO: Successfully updated 6 coins from CoinGecko  
[2026-08-18 07:55:57] local.INFO: Fetching live market data from CoinGecko...  
[2026-08-18 07:55:58] local.INFO: CoinGecko returned 5 coins  
[2026-08-18 07:55:58] local.INFO: Successfully updated 6 coins from CoinGecko  
[2026-08-18 08:03:29] local.INFO: Fetching live market data from CoinGecko...  
[2026-08-18 08:03:30] local.INFO: CoinGecko returned 5 coins  
[2026-08-18 08:03:30] local.INFO: Successfully updated 6 coins from CoinGecko  
[2026-08-18 08:04:01] local.INFO: Fetching live market data from CoinGecko...  
[2026-08-18 08:04:02] local.INFO: CoinGecko returned 5 coins  
[2026-08-18 08:04:02] local.INFO: Successfully updated 6 coins from CoinGecko  
[2026-08-18 08:04:41] local.INFO: Fetching live market data from CoinGecko...  
[2026-08-18 08:04:41] local.INFO: CoinGecko returned 5 coins  
[2026-08-18 08:04:41] local.INFO: Successfully updated 6 coins from CoinGecko  
[2026-08-18 08:06:07] local.INFO: Fetching live market data from CoinGecko...  
[2026-08-18 08:06:07] local.INFO: CoinGecko returned 5 coins  
[2026-08-18 08:06:07] local.INFO: Successfully updated 6 coins from CoinGecko  
[2026-08-18 08:07:07] local.INFO: Fetching live market data from CoinGecko...  
[2026-08-18 08:07:07] local.INFO: CoinGecko returned 5 coins  
[2026-08-18 08:07:07] local.INFO: Successfully updated 6 coins from CoinGecko  
[2026-08-18 08:08:06] local.INFO: Fetching live market data from CoinGecko...  
[2026-08-18 08:08:07] local.INFO: CoinGecko returned 5 coins  
[2026-08-18 08:08:07] local.INFO: Successfully updated 6 coins from CoinGecko  
[2026-08-18 08:08:46] local.INFO: Fetching live market data from CoinGecko...  
[2026-08-18 08:08:47] local.INFO: CoinGecko returned 5 coins  
[2026-08-18 08:08:47] local.INFO: Successfully updated 6 coins from CoinGecko  
[2026-08-18 08:09:20] local.INFO: Fetching live market data from CoinGecko...  
[2026-08-18 08:09:21] local.INFO: CoinGecko returned 5 coins  
[2026-08-18 08:09:21] local.INFO: Successfully updated 6 coins from CoinGecko  
[2026-08-18 08:10:01] local.INFO: Fetching live market data from CoinGecko...  
[2026-08-18 08:10:02] local.INFO: CoinGecko returned 5 coins  
[2026-08-18 08:10:02] local.INFO: Successfully updated 6 coins from CoinGecko  
[2026-08-18 08:10:40] local.INFO: Fetching live market data from CoinGecko...  
[2026-08-18 08:10:41] local.INFO: CoinGecko returned 5 coins  
[2026-08-18 08:10:41] local.INFO: Successfully updated 6 coins from CoinGecko  
[2026-08-18 08:12:06] local.INFO: Fetching live market data from CoinGecko...  
[2026-08-18 08:12:07] local.INFO: CoinGecko returned 5 coins  
[2026-08-18 08:12:07] local.INFO: Successfully updated 6 coins from CoinGecko  
[2026-08-18 08:13:07] local.INFO: Fetching live market data from CoinGecko...  
[2026-08-18 08:13:07] local.INFO: CoinGecko returned 5 coins  
[2026-08-18 08:13:07] local.INFO: Successfully updated 6 coins from CoinGecko  
[2026-08-18 08:14:06] local.INFO: Fetching live market data from CoinGecko...  
[2026-08-18 08:14:07] local.INFO: CoinGecko returned 5 coins  
[2026-08-18 08:14:07] local.INFO: Successfully updated 6 coins from CoinGecko  
[2026-08-18 08:15:07] local.INFO: Fetching live market data from CoinGecko...  
[2026-08-18 08:15:07] local.INFO: CoinGecko returned 5 coins  
[2026-08-18 08:15:07] local.INFO: Successfully updated 6 coins from CoinGecko  
[2026-08-18 08:16:07] local.INFO: Fetching live market data from CoinGecko...  
[2026-08-18 08:16:07] local.INFO: CoinGecko returned 5 coins  
[2026-08-18 08:16:08] local.INFO: Successfully updated 6 coins from CoinGecko  
[2026-08-18 08:17:06] local.INFO: Fetching live market data from CoinGecko...  
[2026-08-18 08:17:07] local.INFO: CoinGecko returned 5 coins  
[2026-08-18 08:17:07] local.INFO: Successfully updated 6 coins from CoinGecko  
[2026-08-18 08:18:06] local.INFO: Fetching live market data from CoinGecko...  
[2026-08-18 08:18:07] local.INFO: CoinGecko returned 5 coins  
[2026-08-18 08:18:07] local.INFO: Successfully updated 6 coins from CoinGecko  
[2026-08-18 08:19:07] local.INFO: Fetching live market data from CoinGecko...  
[2026-08-18 08:19:07] local.INFO: CoinGecko returned 5 coins  
[2026-08-18 08:19:07] local.INFO: Successfully updated 6 coins from CoinGecko  
